GENERATED_ALERT_ID,TX_ID,SENDER_ACCOUNT_ID,RECEIVER_ACCOUNT_ID,CUSTOMER_ID,TX_AMOUNT,TIMESTAMP,KYC_STATUS,RISK_SCORE,RISK_LEVEL,EDD_REQUIRED,TX_COUNT_30_MIN,UNIQUE_RECEIVER_COUNT_30_MIN,ALERT_REASON,ALERT_SEVERITY,CASE_STATUS,IS_FRAUD
AML-000001,524,979,153,C_979,191.63,1970-01-01 00:00:00.000000001,Verified,0,Low,No,740,37,High transaction frequency; Fan-out activity,Medium,Open,False
AML-000002,525,979,891,C_979,191.63,1970-01-01 00:00:00.000000001,Verified,0,Low,No,740,37,High transaction frequency; Fan-out activity,Medium,Open,False
AML-000003,526,979,793,C_979,191.63,1970-01-01 00:00:00.000000001,Verified,0,Low,No,740,37,High transaction frequency; Fan-out activity,Medium,Open,False
AML-000004,527,979,892,C_979,191.63,1970-01-01 00:00:00.000000001,Verified,0,Low,No,740,37,High transaction frequency; Fan-out activity,Medium,Open,False
AML-000005,528,979,970,C_979,191.63,1970-01-01 00:00:00.000000001,Verified,0,Low,No,740,37,High transaction frequency; Fan-out activity,Medium,Open,False
AML-000006,529,979,354,C_979,191.63,1970-01-01 00:00:00.000000001,Verified,0,Low,No,740,37,High transaction frequency; Fan-out activity,Medium,Open,False
AML-000007,530,979,993,C_979,191.63,1970-01-01 00:00:00.000000001,Verified,0,Low,No,740,37,High transaction frequency; Fan-out activity,Medium,Open,False
AML-000008,531,979,851,C_979,191.63,1970-01-01 00:00:00.000000001,Verified,0,Low,No,740,37,High transaction frequency; Fan-out activity,Medium,Open,False
AML-000009,532,979,994,C_979,191.63,1970-01-01 00:00:00.000000001,Verified,0,Low,No,740,37,High transaction frequency; Fan-out activity,Medium,Open,False
AML-000010,533,979,631,C_979,191.63,1970-01-01 00:00:00.000000001,Verified,0,Low,No,740,37,High transaction frequency; Fan-out activity,Medium,Open,False
AML-000011,534,979,995,C_979,191.63,1970-01-01 00:00:00.000000001,Verified,0,Low,No,740,37,High transaction frequency; Fan-out activity,Medium,Open,False
AML-000012,535,979,435,C_979,191.63,1970-01-01 00:00:00.000000001,Verified,0,Low,No,740,37,High transaction frequency; Fan-out activity,Medium,Open,False
AML-000013,536,979,974,C_979,191.63,1970-01-01 00:00:00.000000001,Verified,0,Low,No,740,37,High transaction frequency; Fan-out activity,Medium,Open,False
AML-000014,537,979,732,C_979,191.63,1970-01-01 00:00:00.000000001,Verified,0,Low,No,740,37,High transaction frequency; Fan-out activity,Medium,Open,False
AML-000015,538,979,754,C_979,191.63,1970-01-01 00:00:00.000000001,Verified,0,Low,No,740,37,High transaction frequency; Fan-out activity,Medium,Open,False
AML-000016,539,979,953,C_979,191.63,1970-01-01 00:00:00.000000001,Verified,0,Low,No,740,37,High transaction frequency; Fan-out activity,Medium,Open,False
AML-000017,540,979,315,C_979,191.63,1970-01-01 00:00:00.000000001,Verified,0,Low,No,740,37,High transaction frequency; Fan-out activity,Medium,Open,False
AML-000018,541,979,317,C_979,191.63,1970-01-01 00:00:00.000000001,Verified,0,Low,No,740,37,High transaction frequency; Fan-out activity,Medium,Open,False
AML-000019,542,979,934,C_979,191.63,1970-01-01 00:00:00.000000001,Verified,0,Low,No,740,37,High transaction frequency; Fan-out activity,Medium,Open,False
AML-000020,543,979,978,C_979,191.63,1970-01-01 00:00:00.000000001,Verified,0,Low,No,740,37,High transaction frequency; Fan-out activity,Medium,Open,False
AML-000021,544,979,282,C_979,191.63,1970-01-01 00:00:00.000000001,Verified,0,Low,No,740,37,High transaction frequency; Fan-out activity,Medium,Open,False
AML-000022,545,979,262,C_979,191.63,1970-01-01 00:00:00.000000001,Verified,0,Low,No,740,37,High transaction frequency; Fan-out activity,Medium,Open,False
AML-000023,546,979,185,C_979,191.63,1970-01-01 00:00:00.000000001,Verified,0,Low,No,740,37,High transaction frequency; Fan-out activity,Medium,Open,False
AML-000024,547,979,384,C_979,191.63,1970-01-01 00:00:00.000000001,Verified,0,Low,No,740,37,High transaction frequency; Fan-out activity,Medium,Open,False
AML-000025,548,979,164,C_979,191.63,1970-01-01 00:00:00.000000001,Verified,0,Low,No,740,37,High transaction frequency; Fan-out activity,Medium,Open,False
AML-000026,549,979,241,C_979,191.63,1970-01-01 00:00:00.000000001,Verified,0,Low,No,740,37,High transaction frequency; Fan-out activity,Medium,Open,False
AML-000027,550,979,760,C_979,191.63,1970-01-01 00:00:00.000000001,Verified,0,Low,No,740,37,High transaction frequency; Fan-out activity,Medium,Open,False
AML-000028,551,979,167,C_979,191.63,1970-01-01 00:00:00.000000001,Verified,0,Low,No,740,37,High transaction frequency; Fan-out activity,Medium,Open,False
AML-000029,552,979,861,C_979,191.63,1970-01-01 00:00:00.000000001,Verified,0,Low,No,740,37,High transaction frequency; Fan-out activity,Medium,Open,False
AML-000030,553,979,245,C_979,191.63,1970-01-01 00:00:00.000000001,Verified,0,Low,No,740,37,High transaction frequency; Fan-out activity,Medium,Open,False
AML-000031,554,979,962,C_979,191.63,1970-01-01 00:00:00.000000001,Verified,0,Low,No,740,37,High transaction frequency; Fan-out activity,Medium,Open,False
AML-000032,555,979,622,C_979,191.63,1970-01-01 00:00:00.000000001,Verified,0,Low,No,740,37,High transaction frequency; Fan-out activity,Medium,Open,False
AML-000033,556,979,987,C_979,191.63,1970-01-01 00:00:00.000000001,Verified,0,Low,No,740,37,High transaction frequency; Fan-out activity,Medium,Open,False
AML-000034,557,979,867,C_979,191.63,1970-01-01 00:00:00.000000001,Verified,0,Low,No,740,37,High transaction frequency; Fan-out activity,Medium,Open,False
AML-000035,558,979,726,C_979,191.63,1970-01-01 00:00:00.000000001,Verified,0,Low,No,740,37,High transaction frequency; Fan-out activity,Medium,Open,False
AML-000036,559,979,947,C_979,191.63,1970-01-01 00:00:00.000000001,Verified,0,Low,No,740,37,High transaction frequency; Fan-out activity,Medium,Open,False
AML-000037,560,979,827,C_979,191.63,1970-01-01 00:00:00.000000001,Verified,0,Low,No,740,37,High transaction frequency; Fan-out activity,Medium,Open,False
AML-000038,563,978,473,C_978,135.33,1970-01-01 00:00:00.000000001,Pending,15,Low,No,761,39,High transaction frequency; Fan-out activity,Medium,Open,False
AML-000039,564,978,452,C_978,135.33,1970-01-01 00:00:00.000000001,Pending,15,Low,No,761,39,High transaction frequency; Fan-out activity,Medium,Open,False
AML-000040,565,978,233,C_978,135.33,1970-01-01 00:00:00.000000001,Pending,15,Low,No,761,39,High transaction frequency; Fan-out activity,Medium,Open,False
AML-000041,566,978,454,C_978,135.33,1970-01-01 00:00:00.000000001,Pending,15,Low,No,761,39,High transaction frequency; Fan-out activity,Medium,Open,False
AML-000042,567,978,971,C_978,135.33,1970-01-01 00:00:00.000000001,Pending,15,Low,No,761,39,High transaction frequency; Fan-out activity,Medium,Open,False
AML-000043,568,978,993,C_978,135.33,1970-01-01 00:00:00.000000001,Pending,15,Low,No,761,39,High transaction frequency; Fan-out activity,Medium,Open,False
AML-000044,569,978,894,C_978,135.33,1970-01-01 00:00:00.000000001,Pending,15,Low,No,761,39,High transaction frequency; Fan-out activity,Medium,Open,False
AML-000045,570,978,598,C_978,135.33,1970-01-01 00:00:00.000000001,Pending,15,Low,No,761,39,High transaction frequency; Fan-out activity,Medium,Open,False
AML-000046,571,978,235,C_978,135.33,1970-01-01 00:00:00.000000001,Pending,15,Low,No,761,39,High transaction frequency; Fan-out activity,Medium,Open,False
AML-000047,572,978,775,C_978,135.33,1970-01-01 00:00:00.000000001,Pending,15,Low,No,761,39,High transaction frequency; Fan-out activity,Medium,Open,False
AML-000048,573,978,511,C_978,135.33,1970-01-01 00:00:00.000000001,Pending,15,Low,No,761,39,High transaction frequency; Fan-out activity,Medium,Open,False
AML-000049,574,978,974,C_978,135.33,1970-01-01 00:00:00.000000001,Pending,15,Low,No,761,39,High transaction frequency; Fan-out activity,Medium,Open,False
AML-000050,575,978,732,C_978,135.33,1970-01-01 00:00:00.000000001,Pending,15,Low,No,761,39,High transaction frequency; Fan-out activity,Medium,Open,False
AML-000051,576,978,832,C_978,135.33,1970-01-01 00:00:00.000000001,Pending,15,Low,No,761,39,High transaction frequency; Fan-out activity,Medium,Open,False
AML-000052,577,978,854,C_978,135.33,1970-01-01 00:00:00.000000001,Pending,15,Low,No,761,39,High transaction frequency; Fan-out activity,Medium,Open,False
AML-000053,578,978,997,C_978,135.33,1970-01-01 00:00:00.000000001,Pending,15,Low,No,761,39,High transaction frequency; Fan-out activity,Medium,Open,False
AML-000054,579,978,755,C_978,135.33,1970-01-01 00:00:00.000000001,Pending,15,Low,No,761,39,High transaction frequency; Fan-out activity,Medium,Open,False
AML-000055,580,978,998,C_978,135.33,1970-01-01 00:00:00.000000001,Pending,15,Low,No,761,39,High transaction frequency; Fan-out activity,Medium,Open,False
AML-000056,581,978,812,C_978,135.33,1970-01-01 00:00:00.000000001,Pending,15,Low,No,761,39,High transaction frequency; Fan-out activity,Medium,Open,False
AML-000057,582,978,636,C_978,135.33,1970-01-01 00:00:00.000000001,Pending,15,Low,No,761,39,High transaction frequency; Fan-out activity,Medium,Open,False
AML-000058,583,978,736,C_978,135.33,1970-01-01 00:00:00.000000001,Pending,15,Low,No,761,39,High transaction frequency; Fan-out activity,Medium,Open,False
AML-000059,584,978,814,C_978,135.33,1970-01-01 00:00:00.000000001,Pending,15,Low,No,761,39,High transaction frequency; Fan-out activity,Medium,Open,False
AML-000060,585,978,836,C_978,135.33,1970-01-01 00:00:00.000000001,Pending,15,Low,No,761,39,High transaction frequency; Fan-out activity,Medium,Open,False
AML-000061,586,978,936,C_978,135.33,1970-01-01 00:00:00.000000001,Pending,15,Low,No,761,39,High transaction frequency; Fan-out activity,Medium,Open,False
AML-000062,587,978,937,C_978,135.33,1970-01-01 00:00:00.000000001,Pending,15,Low,No,761,39,High transaction frequency; Fan-out activity,Medium,Open,False
AML-000063,588,978,818,C_978,135.33,1970-01-01 00:00:00.000000001,Pending,15,Low,No,761,39,High transaction frequency; Fan-out activity,Medium,Open,False
AML-000064,589,978,918,C_978,135.33,1970-01-01 00:00:00.000000001,Pending,15,Low,No,761,39,High transaction frequency; Fan-out activity,Medium,Open,False
AML-000065,590,978,682,C_978,135.33,1970-01-01 00:00:00.000000001,Pending,15,Low,No,761,39,High transaction frequency; Fan-out activity,Medium,Open,False
AML-000066,591,978,222,C_978,135.33,1970-01-01 00:00:00.000000001,Pending,15,Low,No,761,39,High transaction frequency; Fan-out activity,Medium,Open,False
AML-000067,592,978,641,C_978,135.33,1970-01-01 00:00:00.000000001,Pending,15,Low,No,761,39,High transaction frequency; Fan-out activity,Medium,Open,False
AML-000068,593,978,985,C_978,135.33,1970-01-01 00:00:00.000000001,Pending,15,Low,No,761,39,High transaction frequency; Fan-out activity,Medium,Open,False
AML-000069,594,978,248,C_978,135.33,1970-01-01 00:00:00.000000001,Pending,15,Low,No,761,39,High transaction frequency; Fan-out activity,Medium,Open,False
AML-000070,595,978,645,C_978,135.33,1970-01-01 00:00:00.000000001,Pending,15,Low,No,761,39,High transaction frequency; Fan-out activity,Medium,Open,False
AML-000071,596,978,942,C_978,135.33,1970-01-01 00:00:00.000000001,Pending,15,Low,No,761,39,High transaction frequency; Fan-out activity,Medium,Open,False
AML-000072,597,978,986,C_978,135.33,1970-01-01 00:00:00.000000001,Pending,15,Low,No,761,39,High transaction frequency; Fan-out activity,Medium,Open,False
AML-000073,598,978,944,C_978,135.33,1970-01-01 00:00:00.000000001,Pending,15,Low,No,761,39,High transaction frequency; Fan-out activity,Medium,Open,False
AML-000074,599,978,649,C_978,135.33,1970-01-01 00:00:00.000000001,Pending,15,Low,No,761,39,High transaction frequency; Fan-out activity,Medium,Open,False
AML-000075,600,978,906,C_978,135.33,1970-01-01 00:00:00.000000001,Pending,15,Low,No,761,39,High transaction frequency; Fan-out activity,Medium,Open,False
AML-000076,5976,978,473,C_978,135.33,1970-01-01 00:00:00.000000011,Pending,15,Low,No,761,39,High transaction frequency; Fan-out activity,Medium,Open,False
AML-000077,5977,978,452,C_978,135.33,1970-01-01 00:00:00.000000011,Pending,15,Low,No,761,39,High transaction frequency; Fan-out activity,Medium,Open,False
AML-000078,5978,978,233,C_978,135.33,1970-01-01 00:00:00.000000011,Pending,15,Low,No,761,39,High transaction frequency; Fan-out activity,Medium,Open,False
AML-000079,5979,978,454,C_978,135.33,1970-01-01 00:00:00.000000011,Pending,15,Low,No,761,39,High transaction frequency; Fan-out activity,Medium,Open,False
AML-000080,5980,978,971,C_978,135.33,1970-01-01 00:00:00.000000011,Pending,15,Low,No,761,39,High transaction frequency; Fan-out activity,Medium,Open,False
AML-000081,5981,978,993,C_978,135.33,1970-01-01 00:00:00.000000011,Pending,15,Low,No,761,39,High transaction frequency; Fan-out activity,Medium,Open,False
AML-000082,5982,978,894,C_978,135.33,1970-01-01 00:00:00.000000011,Pending,15,Low,No,761,39,High transaction frequency; Fan-out activity,Medium,Open,False
AML-000083,5983,978,598,C_978,135.33,1970-01-01 00:00:00.000000011,Pending,15,Low,No,761,39,High transaction frequency; Fan-out activity,Medium,Open,False
AML-000084,5984,978,235,C_978,135.33,1970-01-01 00:00:00.000000011,Pending,15,Low,No,761,39,High transaction frequency; Fan-out activity,Medium,Open,False
AML-000085,5985,978,775,C_978,135.33,1970-01-01 00:00:00.000000011,Pending,15,Low,No,761,39,High transaction frequency; Fan-out activity,Medium,Open,False
AML-000086,5986,978,511,C_978,135.33,1970-01-01 00:00:00.000000011,Pending,15,Low,No,761,39,High transaction frequency; Fan-out activity,Medium,Open,False
AML-000087,5987,978,974,C_978,135.33,1970-01-01 00:00:00.000000011,Pending,15,Low,No,761,39,High transaction frequency; Fan-out activity,Medium,Open,False
AML-000088,5988,978,732,C_978,135.33,1970-01-01 00:00:00.000000011,Pending,15,Low,No,761,39,High transaction frequency; Fan-out activity,Medium,Open,False
AML-000089,5989,978,832,C_978,135.33,1970-01-01 00:00:00.000000011,Pending,15,Low,No,761,39,High transaction frequency; Fan-out activity,Medium,Open,False
AML-000090,5990,978,854,C_978,135.33,1970-01-01 00:00:00.000000011,Pending,15,Low,No,761,39,High transaction frequency; Fan-out activity,Medium,Open,False
AML-000091,5991,978,997,C_978,135.33,1970-01-01 00:00:00.000000011,Pending,15,Low,No,761,39,High transaction frequency; Fan-out activity,Medium,Open,False
AML-000092,5992,978,755,C_978,135.33,1970-01-01 00:00:00.000000011,Pending,15,Low,No,761,39,High transaction frequency; Fan-out activity,Medium,Open,False
AML-000093,5993,978,998,C_978,135.33,1970-01-01 00:00:00.000000011,Pending,15,Low,No,761,39,High transaction frequency; Fan-out activity,Medium,Open,False
AML-000094,5994,978,812,C_978,135.33,1970-01-01 00:00:00.000000011,Pending,15,Low,No,761,39,High transaction frequency; Fan-out activity,Medium,Open,False
AML-000095,5995,978,636,C_978,135.33,1970-01-01 00:00:00.000000011,Pending,15,Low,No,761,39,High transaction frequency; Fan-out activity,Medium,Open,False
AML-000096,5996,978,736,C_978,135.33,1970-01-01 00:00:00.000000011,Pending,15,Low,No,761,39,High transaction frequency; Fan-out activity,Medium,Open,False
AML-000097,5997,978,814,C_978,135.33,1970-01-01 00:00:00.000000011,Pending,15,Low,No,761,39,High transaction frequency; Fan-out activity,Medium,Open,False
AML-000098,5998,978,836,C_978,135.33,1970-01-01 00:00:00.000000011,Pending,15,Low,No,761,39,High transaction frequency; Fan-out activity,Medium,Open,False
AML-000099,5999,978,936,C_978,135.33,1970-01-01 00:00:00.000000011,Pending,15,Low,No,761,39,High transaction frequency; Fan-out activity,Medium,Open,False
AML-000100,6000,978,937,C_978,135.33,1970-01-01 00:00:00.000000011,Pending,15,Low,No,761,39,High transaction frequency; Fan-out activity,Medium,Open,False
AML-000101,6001,978,818,C_978,135.33,1970-01-01 00:00:00.000000011,Pending,15,Low,No,761,39,High transaction frequency; Fan-out activity,Medium,Open,False
AML-000102,6002,978,918,C_978,135.33,1970-01-01 00:00:00.000000011,Pending,15,Low,No,761,39,High transaction frequency; Fan-out activity,Medium,Open,False
AML-000103,6003,978,682,C_978,135.33,1970-01-01 00:00:00.000000011,Pending,15,Low,No,761,39,High transaction frequency; Fan-out activity,Medium,Open,False
AML-000104,6004,978,222,C_978,135.33,1970-01-01 00:00:00.000000011,Pending,15,Low,No,761,39,High transaction frequency; Fan-out activity,Medium,Open,False
AML-000105,6005,978,641,C_978,135.33,1970-01-01 00:00:00.000000011,Pending,15,Low,No,761,39,High transaction frequency; Fan-out activity,Medium,Open,False
AML-000106,6006,978,985,C_978,135.33,1970-01-01 00:00:00.000000011,Pending,15,Low,No,761,39,High transaction frequency; Fan-out activity,Medium,Open,False
AML-000107,6007,978,248,C_978,135.33,1970-01-01 00:00:00.000000011,Pending,15,Low,No,761,39,High transaction frequency; Fan-out activity,Medium,Open,False
AML-000108,6008,978,645,C_978,135.33,1970-01-01 00:00:00.000000011,Pending,15,Low,No,761,39,High transaction frequency; Fan-out activity,Medium,Open,False
AML-000109,6009,978,942,C_978,135.33,1970-01-01 00:00:00.000000011,Pending,15,Low,No,761,39,High transaction frequency; Fan-out activity,Medium,Open,False
AML-000110,6010,978,986,C_978,135.33,1970-01-01 00:00:00.000000011,Pending,15,Low,No,761,39,High transaction frequency; Fan-out activity,Medium,Open,False
AML-000111,6011,978,944,C_978,135.33,1970-01-01 00:00:00.000000011,Pending,15,Low,No,761,39,High transaction frequency; Fan-out activity,Medium,Open,False
AML-000112,6012,978,649,C_978,135.33,1970-01-01 00:00:00.000000011,Pending,15,Low,No,761,39,High transaction frequency; Fan-out activity,Medium,Open,False
AML-000113,6013,978,906,C_978,135.33,1970-01-01 00:00:00.000000011,Pending,15,Low,No,761,39,High transaction frequency; Fan-out activity,Medium,Open,False
AML-000114,6038,979,153,C_979,191.63,1970-01-01 00:00:00.000000011,Verified,0,Low,No,740,37,High transaction frequency; Fan-out activity,Medium,Open,False
AML-000115,6039,979,891,C_979,191.63,1970-01-01 00:00:00.000000011,Verified,0,Low,No,740,37,High transaction frequency; Fan-out activity,Medium,Open,False
AML-000116,6040,979,793,C_979,191.63,1970-01-01 00:00:00.000000011,Verified,0,Low,No,740,37,High transaction frequency; Fan-out activity,Medium,Open,False
AML-000117,6041,979,892,C_979,191.63,1970-01-01 00:00:00.000000011,Verified,0,Low,No,740,37,High transaction frequency; Fan-out activity,Medium,Open,False
AML-000118,6042,979,970,C_979,191.63,1970-01-01 00:00:00.000000011,Verified,0,Low,No,740,37,High transaction frequency; Fan-out activity,Medium,Open,False
AML-000119,6043,979,354,C_979,191.63,1970-01-01 00:00:00.000000011,Verified,0,Low,No,740,37,High transaction frequency; Fan-out activity,Medium,Open,False
AML-000120,6044,979,993,C_979,191.63,1970-01-01 00:00:00.000000011,Verified,0,Low,No,740,37,High transaction frequency; Fan-out activity,Medium,Open,False
AML-000121,6045,979,851,C_979,191.63,1970-01-01 00:00:00.000000011,Verified,0,Low,No,740,37,High transaction frequency; Fan-out activity,Medium,Open,False
AML-000122,6046,979,994,C_979,191.63,1970-01-01 00:00:00.000000011,Verified,0,Low,No,740,37,High transaction frequency; Fan-out activity,Medium,Open,False
AML-000123,6047,979,631,C_979,191.63,1970-01-01 00:00:00.000000011,Verified,0,Low,No,740,37,High transaction frequency; Fan-out activity,Medium,Open,False
AML-000124,6048,979,995,C_979,191.63,1970-01-01 00:00:00.000000011,Verified,0,Low,No,740,37,High transaction frequency; Fan-out activity,Medium,Open,False
AML-000125,6049,979,435,C_979,191.63,1970-01-01 00:00:00.000000011,Verified,0,Low,No,740,37,High transaction frequency; Fan-out activity,Medium,Open,False
AML-000126,6050,979,974,C_979,191.63,1970-01-01 00:00:00.000000011,Verified,0,Low,No,740,37,High transaction frequency; Fan-out activity,Medium,Open,False
AML-000127,6051,979,732,C_979,191.63,1970-01-01 00:00:00.000000011,Verified,0,Low,No,740,37,High transaction frequency; Fan-out activity,Medium,Open,False
AML-000128,6052,979,754,C_979,191.63,1970-01-01 00:00:00.000000011,Verified,0,Low,No,740,37,High transaction frequency; Fan-out activity,Medium,Open,False
AML-000129,6053,979,953,C_979,191.63,1970-01-01 00:00:00.000000011,Verified,0,Low,No,740,37,High transaction frequency; Fan-out activity,Medium,Open,False
AML-000130,6054,979,315,C_979,191.63,1970-01-01 00:00:00.000000011,Verified,0,Low,No,740,37,High transaction frequency; Fan-out activity,Medium,Open,False
AML-000131,6055,979,317,C_979,191.63,1970-01-01 00:00:00.000000011,Verified,0,Low,No,740,37,High transaction frequency; Fan-out activity,Medium,Open,False
AML-000132,6056,979,934,C_979,191.63,1970-01-01 00:00:00.000000011,Verified,0,Low,No,740,37,High transaction frequency; Fan-out activity,Medium,Open,False
AML-000133,6057,979,978,C_979,191.63,1970-01-01 00:00:00.000000011,Verified,0,Low,No,740,37,High transaction frequency; Fan-out activity,Medium,Open,False
AML-000134,6058,979,282,C_979,191.63,1970-01-01 00:00:00.000000011,Verified,0,Low,No,740,37,High transaction frequency; Fan-out activity,Medium,Open,False
AML-000135,6059,979,262,C_979,191.63,1970-01-01 00:00:00.000000011,Verified,0,Low,No,740,37,High transaction frequency; Fan-out activity,Medium,Open,False
AML-000136,6060,979,185,C_979,191.63,1970-01-01 00:00:00.000000011,Verified,0,Low,No,740,37,High transaction frequency; Fan-out activity,Medium,Open,False
AML-000137,6061,979,384,C_979,191.63,1970-01-01 00:00:00.000000011,Verified,0,Low,No,740,37,High transaction frequency; Fan-out activity,Medium,Open,False
AML-000138,6062,979,164,C_979,191.63,1970-01-01 00:00:00.000000011,Verified,0,Low,No,740,37,High transaction frequency; Fan-out activity,Medium,Open,False
AML-000139,6063,979,241,C_979,191.63,1970-01-01 00:00:00.000000011,Verified,0,Low,No,740,37,High transaction frequency; Fan-out activity,Medium,Open,False
AML-000140,6064,979,760,C_979,191.63,1970-01-01 00:00:00.000000011,Verified,0,Low,No,740,37,High transaction frequency; Fan-out activity,Medium,Open,False
AML-000141,6065,979,167,C_979,191.63,1970-01-01 00:00:00.000000011,Verified,0,Low,No,740,37,High transaction frequency; Fan-out activity,Medium,Open,False
AML-000142,6066,979,861,C_979,191.63,1970-01-01 00:00:00.000000011,Verified,0,Low,No,740,37,High transaction frequency; Fan-out activity,Medium,Open,False
AML-000143,6067,979,245,C_979,191.63,1970-01-01 00:00:00.000000011,Verified,0,Low,No,740,37,High transaction frequency; Fan-out activity,Medium,Open,False
AML-000144,6068,979,962,C_979,191.63,1970-01-01 00:00:00.000000011,Verified,0,Low,No,740,37,High transaction frequency; Fan-out activity,Medium,Open,False
AML-000145,6069,979,622,C_979,191.63,1970-01-01 00:00:00.000000011,Verified,0,Low,No,740,37,High transaction frequency; Fan-out activity,Medium,Open,False
AML-000146,6070,979,987,C_979,191.63,1970-01-01 00:00:00.000000011,Verified,0,Low,No,740,37,High transaction frequency; Fan-out activity,Medium,Open,False
AML-000147,6071,979,867,C_979,191.63,1970-01-01 00:00:00.000000011,Verified,0,Low,No,740,37,High transaction frequency; Fan-out activity,Medium,Open,False
AML-000148,6072,979,726,C_979,191.63,1970-01-01 00:00:00.000000011,Verified,0,Low,No,740,37,High transaction frequency; Fan-out activity,Medium,Open,False
AML-000149,6073,979,947,C_979,191.63,1970-01-01 00:00:00.000000011,Verified,0,Low,No,740,37,High transaction frequency; Fan-out activity,Medium,Open,False
AML-000150,6074,979,827,C_979,191.63,1970-01-01 00:00:00.000000011,Verified,0,Low,No,740,37,High transaction frequency; Fan-out activity,Medium,Open,False
AML-000151,6447,130,993,C_130,1592.34,1970-01-01 00:00:00.000000012,Rejected,60,High,Yes,18,5,High-risk customer activity,High,Open,False
AML-000152,11033,21,970,C_21,1203.63,1970-01-01 00:00:00.000000019,Verified,60,High,Yes,15,3,High-risk customer activity,High,Open,False
AML-000153,11470,21,180,C_21,1203.63,1970-01-01 00:00:00.000000020,Verified,60,High,Yes,15,3,High-risk customer activity,High,Open,False
AML-000154,11810,978,473,C_978,135.33,1970-01-01 00:00:00.000000021,Pending,15,Low,No,761,39,High transaction frequency; Fan-out activity,Medium,Open,False
AML-000155,11811,978,452,C_978,135.33,1970-01-01 00:00:00.000000021,Pending,15,Low,No,761,39,High transaction frequency; Fan-out activity,Medium,Open,False
AML-000156,11812,978,233,C_978,135.33,1970-01-01 00:00:00.000000021,Pending,15,Low,No,761,39,High transaction frequency; Fan-out activity,Medium,Open,False
AML-000157,11813,978,454,C_978,135.33,1970-01-01 00:00:00.000000021,Pending,15,Low,No,761,39,High transaction frequency; Fan-out activity,Medium,Open,False
AML-000158,11814,978,971,C_978,135.33,1970-01-01 00:00:00.000000021,Pending,15,Low,No,761,39,High transaction frequency; Fan-out activity,Medium,Open,False
AML-000159,11815,978,993,C_978,135.33,1970-01-01 00:00:00.000000021,Pending,15,Low,No,761,39,High transaction frequency; Fan-out activity,Medium,Open,False
AML-000160,11816,978,894,C_978,135.33,1970-01-01 00:00:00.000000021,Pending,15,Low,No,761,39,High transaction frequency; Fan-out activity,Medium,Open,False
AML-000161,11817,978,598,C_978,135.33,1970-01-01 00:00:00.000000021,Pending,15,Low,No,761,39,High transaction frequency; Fan-out activity,Medium,Open,False
AML-000162,11818,978,235,C_978,135.33,1970-01-01 00:00:00.000000021,Pending,15,Low,No,761,39,High transaction frequency; Fan-out activity,Medium,Open,False
AML-000163,11819,978,775,C_978,135.33,1970-01-01 00:00:00.000000021,Pending,15,Low,No,761,39,High transaction frequency; Fan-out activity,Medium,Open,False
AML-000164,11820,978,511,C_978,135.33,1970-01-01 00:00:00.000000021,Pending,15,Low,No,761,39,High transaction frequency; Fan-out activity,Medium,Open,False
AML-000165,11821,978,974,C_978,135.33,1970-01-01 00:00:00.000000021,Pending,15,Low,No,761,39,High transaction frequency; Fan-out activity,Medium,Open,False
AML-000166,11822,978,732,C_978,135.33,1970-01-01 00:00:00.000000021,Pending,15,Low,No,761,39,High transaction frequency; Fan-out activity,Medium,Open,False
AML-000167,11823,978,832,C_978,135.33,1970-01-01 00:00:00.000000021,Pending,15,Low,No,761,39,High transaction frequency; Fan-out activity,Medium,Open,False
AML-000168,11824,978,854,C_978,135.33,1970-01-01 00:00:00.000000021,Pending,15,Low,No,761,39,High transaction frequency; Fan-out activity,Medium,Open,False
AML-000169,11825,978,997,C_978,135.33,1970-01-01 00:00:00.000000021,Pending,15,Low,No,761,39,High transaction frequency; Fan-out activity,Medium,Open,False
AML-000170,11826,978,755,C_978,135.33,1970-01-01 00:00:00.000000021,Pending,15,Low,No,761,39,High transaction frequency; Fan-out activity,Medium,Open,False
AML-000171,11827,978,998,C_978,135.33,1970-01-01 00:00:00.000000021,Pending,15,Low,No,761,39,High transaction frequency; Fan-out activity,Medium,Open,False
AML-000172,11828,978,812,C_978,135.33,1970-01-01 00:00:00.000000021,Pending,15,Low,No,761,39,High transaction frequency; Fan-out activity,Medium,Open,False
AML-000173,11829,978,636,C_978,135.33,1970-01-01 00:00:00.000000021,Pending,15,Low,No,761,39,High transaction frequency; Fan-out activity,Medium,Open,False
AML-000174,11830,978,736,C_978,135.33,1970-01-01 00:00:00.000000021,Pending,15,Low,No,761,39,High transaction frequency; Fan-out activity,Medium,Open,False
AML-000175,11831,978,814,C_978,135.33,1970-01-01 00:00:00.000000021,Pending,15,Low,No,761,39,High transaction frequency; Fan-out activity,Medium,Open,False
AML-000176,11832,978,836,C_978,135.33,1970-01-01 00:00:00.000000021,Pending,15,Low,No,761,39,High transaction frequency; Fan-out activity,Medium,Open,False
AML-000177,11833,978,936,C_978,135.33,1970-01-01 00:00:00.000000021,Pending,15,Low,No,761,39,High transaction frequency; Fan-out activity,Medium,Open,False
AML-000178,11834,978,937,C_978,135.33,1970-01-01 00:00:00.000000021,Pending,15,Low,No,761,39,High transaction frequency; Fan-out activity,Medium,Open,False
AML-000179,11835,978,818,C_978,135.33,1970-01-01 00:00:00.000000021,Pending,15,Low,No,761,39,High transaction frequency; Fan-out activity,Medium,Open,False
AML-000180,11836,978,918,C_978,135.33,1970-01-01 00:00:00.000000021,Pending,15,Low,No,761,39,High transaction frequency; Fan-out activity,Medium,Open,False
AML-000181,11837,978,682,C_978,135.33,1970-01-01 00:00:00.000000021,Pending,15,Low,No,761,39,High transaction frequency; Fan-out activity,Medium,Open,False
AML-000182,11838,978,222,C_978,135.33,1970-01-01 00:00:00.000000021,Pending,15,Low,No,761,39,High transaction frequency; Fan-out activity,Medium,Open,False
AML-000183,11839,978,641,C_978,135.33,1970-01-01 00:00:00.000000021,Pending,15,Low,No,761,39,High transaction frequency; Fan-out activity,Medium,Open,False
AML-000184,11840,978,985,C_978,135.33,1970-01-01 00:00:00.000000021,Pending,15,Low,No,761,39,High transaction frequency; Fan-out activity,Medium,Open,False
AML-000185,11841,978,248,C_978,135.33,1970-01-01 00:00:00.000000021,Pending,15,Low,No,761,39,High transaction frequency; Fan-out activity,Medium,Open,False
AML-000186,11842,978,645,C_978,135.33,1970-01-01 00:00:00.000000021,Pending,15,Low,No,761,39,High transaction frequency; Fan-out activity,Medium,Open,False
AML-000187,11843,978,942,C_978,135.33,1970-01-01 00:00:00.000000021,Pending,15,Low,No,761,39,High transaction frequency; Fan-out activity,Medium,Open,False
AML-000188,11844,978,986,C_978,135.33,1970-01-01 00:00:00.000000021,Pending,15,Low,No,761,39,High transaction frequency; Fan-out activity,Medium,Open,False
AML-000189,11845,978,944,C_978,135.33,1970-01-01 00:00:00.000000021,Pending,15,Low,No,761,39,High transaction frequency; Fan-out activity,Medium,Open,False
AML-000190,11846,978,649,C_978,135.33,1970-01-01 00:00:00.000000021,Pending,15,Low,No,761,39,High transaction frequency; Fan-out activity,Medium,Open,False
AML-000191,11847,978,906,C_978,135.33,1970-01-01 00:00:00.000000021,Pending,15,Low,No,761,39,High transaction frequency; Fan-out activity,Medium,Open,False
AML-000192,12020,979,153,C_979,191.63,1970-01-01 00:00:00.000000021,Verified,0,Low,No,740,37,High transaction frequency; Fan-out activity,Medium,Open,False
AML-000193,12021,979,891,C_979,191.63,1970-01-01 00:00:00.000000021,Verified,0,Low,No,740,37,High transaction frequency; Fan-out activity,Medium,Open,False
AML-000194,12022,979,793,C_979,191.63,1970-01-01 00:00:00.000000021,Verified,0,Low,No,740,37,High transaction frequency; Fan-out activity,Medium,Open,False
AML-000195,12023,979,892,C_979,191.63,1970-01-01 00:00:00.000000021,Verified,0,Low,No,740,37,High transaction frequency; Fan-out activity,Medium,Open,False
AML-000196,12024,979,970,C_979,191.63,1970-01-01 00:00:00.000000021,Verified,0,Low,No,740,37,High transaction frequency; Fan-out activity,Medium,Open,False
AML-000197,12025,979,354,C_979,191.63,1970-01-01 00:00:00.000000021,Verified,0,Low,No,740,37,High transaction frequency; Fan-out activity,Medium,Open,False
AML-000198,12026,979,993,C_979,191.63,1970-01-01 00:00:00.000000021,Verified,0,Low,No,740,37,High transaction frequency; Fan-out activity,Medium,Open,False
AML-000199,12027,979,851,C_979,191.63,1970-01-01 00:00:00.000000021,Verified,0,Low,No,740,37,High transaction frequency; Fan-out activity,Medium,Open,False
AML-000200,12028,979,994,C_979,191.63,1970-01-01 00:00:00.000000021,Verified,0,Low,No,740,37,High transaction frequency; Fan-out activity,Medium,Open,False
AML-000201,12029,979,631,C_979,191.63,1970-01-01 00:00:00.000000021,Verified,0,Low,No,740,37,High transaction frequency; Fan-out activity,Medium,Open,False
AML-000202,12030,979,995,C_979,191.63,1970-01-01 00:00:00.000000021,Verified,0,Low,No,740,37,High transaction frequency; Fan-out activity,Medium,Open,False
AML-000203,12031,979,435,C_979,191.63,1970-01-01 00:00:00.000000021,Verified,0,Low,No,740,37,High transaction frequency; Fan-out activity,Medium,Open,False
AML-000204,12032,979,974,C_979,191.63,1970-01-01 00:00:00.000000021,Verified,0,Low,No,740,37,High transaction frequency; Fan-out activity,Medium,Open,False
AML-000205,12033,979,732,C_979,191.63,1970-01-01 00:00:00.000000021,Verified,0,Low,No,740,37,High transaction frequency; Fan-out activity,Medium,Open,False
AML-000206,12034,979,754,C_979,191.63,1970-01-01 00:00:00.000000021,Verified,0,Low,No,740,37,High transaction frequency; Fan-out activity,Medium,Open,False
AML-000207,12035,979,953,C_979,191.63,1970-01-01 00:00:00.000000021,Verified,0,Low,No,740,37,High transaction frequency; Fan-out activity,Medium,Open,False
AML-000208,12036,979,315,C_979,191.63,1970-01-01 00:00:00.000000021,Verified,0,Low,No,740,37,High transaction frequency; Fan-out activity,Medium,Open,False
AML-000209,12037,979,317,C_979,191.63,1970-01-01 00:00:00.000000021,Verified,0,Low,No,740,37,High transaction frequency; Fan-out activity,Medium,Open,False
AML-000210,12038,979,934,C_979,191.63,1970-01-01 00:00:00.000000021,Verified,0,Low,No,740,37,High transaction frequency; Fan-out activity,Medium,Open,False
AML-000211,12039,979,978,C_979,191.63,1970-01-01 00:00:00.000000021,Verified,0,Low,No,740,37,High transaction frequency; Fan-out activity,Medium,Open,False
AML-000212,12040,979,282,C_979,191.63,1970-01-01 00:00:00.000000021,Verified,0,Low,No,740,37,High transaction frequency; Fan-out activity,Medium,Open,False
AML-000213,12041,979,262,C_979,191.63,1970-01-01 00:00:00.000000021,Verified,0,Low,No,740,37,High transaction frequency; Fan-out activity,Medium,Open,False
AML-000214,12042,979,185,C_979,191.63,1970-01-01 00:00:00.000000021,Verified,0,Low,No,740,37,High transaction frequency; Fan-out activity,Medium,Open,False
AML-000215,12043,979,384,C_979,191.63,1970-01-01 00:00:00.000000021,Verified,0,Low,No,740,37,High transaction frequency; Fan-out activity,Medium,Open,False
AML-000216,12044,979,164,C_979,191.63,1970-01-01 00:00:00.000000021,Verified,0,Low,No,740,37,High transaction frequency; Fan-out activity,Medium,Open,False
AML-000217,12045,979,241,C_979,191.63,1970-01-01 00:00:00.000000021,Verified,0,Low,No,740,37,High transaction frequency; Fan-out activity,Medium,Open,False
AML-000218,12046,979,760,C_979,191.63,1970-01-01 00:00:00.000000021,Verified,0,Low,No,740,37,High transaction frequency; Fan-out activity,Medium,Open,False
AML-000219,12047,979,167,C_979,191.63,1970-01-01 00:00:00.000000021,Verified,0,Low,No,740,37,High transaction frequency; Fan-out activity,Medium,Open,False
AML-000220,12048,979,861,C_979,191.63,1970-01-01 00:00:00.000000021,Verified,0,Low,No,740,37,High transaction frequency; Fan-out activity,Medium,Open,False
AML-000221,12049,979,245,C_979,191.63,1970-01-01 00:00:00.000000021,Verified,0,Low,No,740,37,High transaction frequency; Fan-out activity,Medium,Open,False
AML-000222,12050,979,962,C_979,191.63,1970-01-01 00:00:00.000000021,Verified,0,Low,No,740,37,High transaction frequency; Fan-out activity,Medium,Open,False
AML-000223,12051,979,622,C_979,191.63,1970-01-01 00:00:00.000000021,Verified,0,Low,No,740,37,High transaction frequency; Fan-out activity,Medium,Open,False
AML-000224,12052,979,987,C_979,191.63,1970-01-01 00:00:00.000000021,Verified,0,Low,No,740,37,High transaction frequency; Fan-out activity,Medium,Open,False
AML-000225,12053,979,867,C_979,191.63,1970-01-01 00:00:00.000000021,Verified,0,Low,No,740,37,High transaction frequency; Fan-out activity,Medium,Open,False
AML-000226,12054,979,726,C_979,191.63,1970-01-01 00:00:00.000000021,Verified,0,Low,No,740,37,High transaction frequency; Fan-out activity,Medium,Open,False
AML-000227,12055,979,947,C_979,191.63,1970-01-01 00:00:00.000000021,Verified,0,Low,No,740,37,High transaction frequency; Fan-out activity,Medium,Open,False
AML-000228,12056,979,827,C_979,191.63,1970-01-01 00:00:00.000000021,Verified,0,Low,No,740,37,High transaction frequency; Fan-out activity,Medium,Open,False
AML-000229,12705,329,225,C_329,3346.51,1970-01-01 00:00:00.000000022,Manual Review,70,High,Yes,14,6,High-risk customer activity,High,Open,False
AML-000230,16014,21,945,C_21,5997.55,1970-01-01 00:00:00.000000027,Verified,60,High,Yes,15,3,High-risk customer activity,High,Open,False
AML-000231,16373,21,970,C_21,5997.55,1970-01-01 00:00:00.000000028,Verified,60,High,Yes,15,3,High-risk customer activity,High,Open,False
AML-000232,16436,130,983,C_130,6751.46,1970-01-01 00:00:00.000000028,Rejected,60,High,Yes,18,5,High-risk customer activity,High,Open,False
AML-000233,17658,979,153,C_979,191.63,1970-01-01 00:00:00.000000031,Verified,0,Low,No,740,37,High transaction frequency; Fan-out activity,Medium,Open,False
AML-000234,17659,979,891,C_979,191.63,1970-01-01 00:00:00.000000031,Verified,0,Low,No,740,37,High transaction frequency; Fan-out activity,Medium,Open,False
AML-000235,17660,979,793,C_979,191.63,1970-01-01 00:00:00.000000031,Verified,0,Low,No,740,37,High transaction frequency; Fan-out activity,Medium,Open,False
AML-000236,17661,979,892,C_979,191.63,1970-01-01 00:00:00.000000031,Verified,0,Low,No,740,37,High transaction frequency; Fan-out activity,Medium,Open,False
AML-000237,17662,979,970,C_979,191.63,1970-01-01 00:00:00.000000031,Verified,0,Low,No,740,37,High transaction frequency; Fan-out activity,Medium,Open,False
AML-000238,17663,979,354,C_979,191.63,1970-01-01 00:00:00.000000031,Verified,0,Low,No,740,37,High transaction frequency; Fan-out activity,Medium,Open,False
AML-000239,17664,979,993,C_979,191.63,1970-01-01 00:00:00.000000031,Verified,0,Low,No,740,37,High transaction frequency; Fan-out activity,Medium,Open,False
AML-000240,17665,979,851,C_979,191.63,1970-01-01 00:00:00.000000031,Verified,0,Low,No,740,37,High transaction frequency; Fan-out activity,Medium,Open,False
AML-000241,17666,979,994,C_979,191.63,1970-01-01 00:00:00.000000031,Verified,0,Low,No,740,37,High transaction frequency; Fan-out activity,Medium,Open,False
AML-000242,17667,979,631,C_979,191.63,1970-01-01 00:00:00.000000031,Verified,0,Low,No,740,37,High transaction frequency; Fan-out activity,Medium,Open,False
AML-000243,17668,979,995,C_979,191.63,1970-01-01 00:00:00.000000031,Verified,0,Low,No,740,37,High transaction frequency; Fan-out activity,Medium,Open,False
AML-000244,17669,979,435,C_979,191.63,1970-01-01 00:00:00.000000031,Verified,0,Low,No,740,37,High transaction frequency; Fan-out activity,Medium,Open,False
AML-000245,17670,979,974,C_979,191.63,1970-01-01 00:00:00.000000031,Verified,0,Low,No,740,37,High transaction frequency; Fan-out activity,Medium,Open,False
AML-000246,17671,979,732,C_979,191.63,1970-01-01 00:00:00.000000031,Verified,0,Low,No,740,37,High transaction frequency; Fan-out activity,Medium,Open,False
AML-000247,17672,979,754,C_979,191.63,1970-01-01 00:00:00.000000031,Verified,0,Low,No,740,37,High transaction frequency; Fan-out activity,Medium,Open,False
AML-000248,17673,979,953,C_979,191.63,1970-01-01 00:00:00.000000031,Verified,0,Low,No,740,37,High transaction frequency; Fan-out activity,Medium,Open,False
AML-000249,17674,979,315,C_979,191.63,1970-01-01 00:00:00.000000031,Verified,0,Low,No,740,37,High transaction frequency; Fan-out activity,Medium,Open,False
AML-000250,17675,979,317,C_979,191.63,1970-01-01 00:00:00.000000031,Verified,0,Low,No,740,37,High transaction frequency; Fan-out activity,Medium,Open,False
AML-000251,17676,979,934,C_979,191.63,1970-01-01 00:00:00.000000031,Verified,0,Low,No,740,37,High transaction frequency; Fan-out activity,Medium,Open,False
AML-000252,17677,979,978,C_979,191.63,1970-01-01 00:00:00.000000031,Verified,0,Low,No,740,37,High transaction frequency; Fan-out activity,Medium,Open,False
AML-000253,17678,979,282,C_979,191.63,1970-01-01 00:00:00.000000031,Verified,0,Low,No,740,37,High transaction frequency; Fan-out activity,Medium,Open,False
AML-000254,17679,979,262,C_979,191.63,1970-01-01 00:00:00.000000031,Verified,0,Low,No,740,37,High transaction frequency; Fan-out activity,Medium,Open,False
AML-000255,17680,979,185,C_979,191.63,1970-01-01 00:00:00.000000031,Verified,0,Low,No,740,37,High transaction frequency; Fan-out activity,Medium,Open,False
AML-000256,17681,979,384,C_979,191.63,1970-01-01 00:00:00.000000031,Verified,0,Low,No,740,37,High transaction frequency; Fan-out activity,Medium,Open,False
AML-000257,17682,979,164,C_979,191.63,1970-01-01 00:00:00.000000031,Verified,0,Low,No,740,37,High transaction frequency; Fan-out activity,Medium,Open,False
AML-000258,17683,979,241,C_979,191.63,1970-01-01 00:00:00.000000031,Verified,0,Low,No,740,37,High transaction frequency; Fan-out activity,Medium,Open,False
AML-000259,17684,979,760,C_979,191.63,1970-01-01 00:00:00.000000031,Verified,0,Low,No,740,37,High transaction frequency; Fan-out activity,Medium,Open,False
AML-000260,17685,979,167,C_979,191.63,1970-01-01 00:00:00.000000031,Verified,0,Low,No,740,37,High transaction frequency; Fan-out activity,Medium,Open,False
AML-000261,17686,979,861,C_979,191.63,1970-01-01 00:00:00.000000031,Verified,0,Low,No,740,37,High transaction frequency; Fan-out activity,Medium,Open,False
AML-000262,17687,979,245,C_979,191.63,1970-01-01 00:00:00.000000031,Verified,0,Low,No,740,37,High transaction frequency; Fan-out activity,Medium,Open,False
AML-000263,17688,979,962,C_979,191.63,1970-01-01 00:00:00.000000031,Verified,0,Low,No,740,37,High transaction frequency; Fan-out activity,Medium,Open,False
AML-000264,17689,979,622,C_979,191.63,1970-01-01 00:00:00.000000031,Verified,0,Low,No,740,37,High transaction frequency; Fan-out activity,Medium,Open,False
AML-000265,17690,979,987,C_979,191.63,1970-01-01 00:00:00.000000031,Verified,0,Low,No,740,37,High transaction frequency; Fan-out activity,Medium,Open,False
AML-000266,17691,979,867,C_979,191.63,1970-01-01 00:00:00.000000031,Verified,0,Low,No,740,37,High transaction frequency; Fan-out activity,Medium,Open,False
AML-000267,17692,979,726,C_979,191.63,1970-01-01 00:00:00.000000031,Verified,0,Low,No,740,37,High transaction frequency; Fan-out activity,Medium,Open,False
AML-000268,17693,979,947,C_979,191.63,1970-01-01 00:00:00.000000031,Verified,0,Low,No,740,37,High transaction frequency; Fan-out activity,Medium,Open,False
AML-000269,17694,979,827,C_979,191.63,1970-01-01 00:00:00.000000031,Verified,0,Low,No,740,37,High transaction frequency; Fan-out activity,Medium,Open,False
AML-000270,17830,978,473,C_978,135.33,1970-01-01 00:00:00.000000031,Pending,15,Low,No,761,39,High transaction frequency; Fan-out activity,Medium,Open,False
AML-000271,17831,978,452,C_978,135.33,1970-01-01 00:00:00.000000031,Pending,15,Low,No,761,39,High transaction frequency; Fan-out activity,Medium,Open,False
AML-000272,17832,978,233,C_978,135.33,1970-01-01 00:00:00.000000031,Pending,15,Low,No,761,39,High transaction frequency; Fan-out activity,Medium,Open,False
AML-000273,17833,978,454,C_978,135.33,1970-01-01 00:00:00.000000031,Pending,15,Low,No,761,39,High transaction frequency; Fan-out activity,Medium,Open,False
AML-000274,17834,978,971,C_978,135.33,1970-01-01 00:00:00.000000031,Pending,15,Low,No,761,39,High transaction frequency; Fan-out activity,Medium,Open,False
AML-000275,17835,978,993,C_978,135.33,1970-01-01 00:00:00.000000031,Pending,15,Low,No,761,39,High transaction frequency; Fan-out activity,Medium,Open,False
AML-000276,17836,978,894,C_978,135.33,1970-01-01 00:00:00.000000031,Pending,15,Low,No,761,39,High transaction frequency; Fan-out activity,Medium,Open,False
AML-000277,17837,978,598,C_978,135.33,1970-01-01 00:00:00.000000031,Pending,15,Low,No,761,39,High transaction frequency; Fan-out activity,Medium,Open,False
AML-000278,17838,978,235,C_978,135.33,1970-01-01 00:00:00.000000031,Pending,15,Low,No,761,39,High transaction frequency; Fan-out activity,Medium,Open,False
AML-000279,17839,978,775,C_978,135.33,1970-01-01 00:00:00.000000031,Pending,15,Low,No,761,39,High transaction frequency; Fan-out activity,Medium,Open,False
AML-000280,17840,978,511,C_978,135.33,1970-01-01 00:00:00.000000031,Pending,15,Low,No,761,39,High transaction frequency; Fan-out activity,Medium,Open,False
AML-000281,17841,978,974,C_978,135.33,1970-01-01 00:00:00.000000031,Pending,15,Low,No,761,39,High transaction frequency; Fan-out activity,Medium,Open,False
AML-000282,17842,978,732,C_978,135.33,1970-01-01 00:00:00.000000031,Pending,15,Low,No,761,39,High transaction frequency; Fan-out activity,Medium,Open,False
AML-000283,17843,978,832,C_978,135.33,1970-01-01 00:00:00.000000031,Pending,15,Low,No,761,39,High transaction frequency; Fan-out activity,Medium,Open,False
AML-000284,17844,978,854,C_978,135.33,1970-01-01 00:00:00.000000031,Pending,15,Low,No,761,39,High transaction frequency; Fan-out activity,Medium,Open,False
AML-000285,17845,978,997,C_978,135.33,1970-01-01 00:00:00.000000031,Pending,15,Low,No,761,39,High transaction frequency; Fan-out activity,Medium,Open,False
AML-000286,17846,978,755,C_978,135.33,1970-01-01 00:00:00.000000031,Pending,15,Low,No,761,39,High transaction frequency; Fan-out activity,Medium,Open,False
AML-000287,17847,978,998,C_978,135.33,1970-01-01 00:00:00.000000031,Pending,15,Low,No,761,39,High transaction frequency; Fan-out activity,Medium,Open,False
AML-000288,17848,978,812,C_978,135.33,1970-01-01 00:00:00.000000031,Pending,15,Low,No,761,39,High transaction frequency; Fan-out activity,Medium,Open,False
AML-000289,17849,978,636,C_978,135.33,1970-01-01 00:00:00.000000031,Pending,15,Low,No,761,39,High transaction frequency; Fan-out activity,Medium,Open,False
AML-000290,17850,978,736,C_978,135.33,1970-01-01 00:00:00.000000031,Pending,15,Low,No,761,39,High transaction frequency; Fan-out activity,Medium,Open,False
AML-000291,17851,978,814,C_978,135.33,1970-01-01 00:00:00.000000031,Pending,15,Low,No,761,39,High transaction frequency; Fan-out activity,Medium,Open,False
AML-000292,17852,978,836,C_978,135.33,1970-01-01 00:00:00.000000031,Pending,15,Low,No,761,39,High transaction frequency; Fan-out activity,Medium,Open,False
AML-000293,17853,978,936,C_978,135.33,1970-01-01 00:00:00.000000031,Pending,15,Low,No,761,39,High transaction frequency; Fan-out activity,Medium,Open,False
AML-000294,17854,978,937,C_978,135.33,1970-01-01 00:00:00.000000031,Pending,15,Low,No,761,39,High transaction frequency; Fan-out activity,Medium,Open,False
AML-000295,17855,978,818,C_978,135.33,1970-01-01 00:00:00.000000031,Pending,15,Low,No,761,39,High transaction frequency; Fan-out activity,Medium,Open,False
AML-000296,17856,978,918,C_978,135.33,1970-01-01 00:00:00.000000031,Pending,15,Low,No,761,39,High transaction frequency; Fan-out activity,Medium,Open,False
AML-000297,17857,978,682,C_978,135.33,1970-01-01 00:00:00.000000031,Pending,15,Low,No,761,39,High transaction frequency; Fan-out activity,Medium,Open,False
AML-000298,17858,978,222,C_978,135.33,1970-01-01 00:00:00.000000031,Pending,15,Low,No,761,39,High transaction frequency; Fan-out activity,Medium,Open,False
AML-000299,17859,978,641,C_978,135.33,1970-01-01 00:00:00.000000031,Pending,15,Low,No,761,39,High transaction frequency; Fan-out activity,Medium,Open,False
AML-000300,17860,978,985,C_978,135.33,1970-01-01 00:00:00.000000031,Pending,15,Low,No,761,39,High transaction frequency; Fan-out activity,Medium,Open,False
AML-000301,17861,978,248,C_978,135.33,1970-01-01 00:00:00.000000031,Pending,15,Low,No,761,39,High transaction frequency; Fan-out activity,Medium,Open,False
AML-000302,17862,978,645,C_978,135.33,1970-01-01 00:00:00.000000031,Pending,15,Low,No,761,39,High transaction frequency; Fan-out activity,Medium,Open,False
AML-000303,17863,978,942,C_978,135.33,1970-01-01 00:00:00.000000031,Pending,15,Low,No,761,39,High transaction frequency; Fan-out activity,Medium,Open,False
AML-000304,17864,978,986,C_978,135.33,1970-01-01 00:00:00.000000031,Pending,15,Low,No,761,39,High transaction frequency; Fan-out activity,Medium,Open,False
AML-000305,17865,978,944,C_978,135.33,1970-01-01 00:00:00.000000031,Pending,15,Low,No,761,39,High transaction frequency; Fan-out activity,Medium,Open,False
AML-000306,17866,978,649,C_978,135.33,1970-01-01 00:00:00.000000031,Pending,15,Low,No,761,39,High transaction frequency; Fan-out activity,Medium,Open,False
AML-000307,17867,978,906,C_978,135.33,1970-01-01 00:00:00.000000031,Pending,15,Low,No,761,39,High transaction frequency; Fan-out activity,Medium,Open,False
AML-000308,19389,329,545,C_329,7991.48,1970-01-01 00:00:00.000000034,Manual Review,70,High,Yes,14,6,High-risk customer activity,High,Open,False
AML-000309,23486,978,473,C_978,135.33,1970-01-01 00:00:00.000000041,Pending,15,Low,No,761,39,High transaction frequency; Fan-out activity,Medium,Open,False
AML-000310,23487,978,452,C_978,135.33,1970-01-01 00:00:00.000000041,Pending,15,Low,No,761,39,High transaction frequency; Fan-out activity,Medium,Open,False
AML-000311,23488,978,233,C_978,135.33,1970-01-01 00:00:00.000000041,Pending,15,Low,No,761,39,High transaction frequency; Fan-out activity,Medium,Open,False
AML-000312,23489,978,454,C_978,135.33,1970-01-01 00:00:00.000000041,Pending,15,Low,No,761,39,High transaction frequency; Fan-out activity,Medium,Open,False
AML-000313,23490,978,971,C_978,135.33,1970-01-01 00:00:00.000000041,Pending,15,Low,No,761,39,High transaction frequency; Fan-out activity,Medium,Open,False
AML-000314,23491,978,993,C_978,135.33,1970-01-01 00:00:00.000000041,Pending,15,Low,No,761,39,High transaction frequency; Fan-out activity,Medium,Open,False
AML-000315,23492,978,894,C_978,135.33,1970-01-01 00:00:00.000000041,Pending,15,Low,No,761,39,High transaction frequency; Fan-out activity,Medium,Open,False
AML-000316,23493,978,598,C_978,135.33,1970-01-01 00:00:00.000000041,Pending,15,Low,No,761,39,High transaction frequency; Fan-out activity,Medium,Open,False
AML-000317,23494,978,235,C_978,135.33,1970-01-01 00:00:00.000000041,Pending,15,Low,No,761,39,High transaction frequency; Fan-out activity,Medium,Open,False
AML-000318,23495,978,775,C_978,135.33,1970-01-01 00:00:00.000000041,Pending,15,Low,No,761,39,High transaction frequency; Fan-out activity,Medium,Open,False
AML-000319,23496,978,511,C_978,135.33,1970-01-01 00:00:00.000000041,Pending,15,Low,No,761,39,High transaction frequency; Fan-out activity,Medium,Open,False
AML-000320,23497,978,974,C_978,135.33,1970-01-01 00:00:00.000000041,Pending,15,Low,No,761,39,High transaction frequency; Fan-out activity,Medium,Open,False
AML-000321,23498,978,732,C_978,135.33,1970-01-01 00:00:00.000000041,Pending,15,Low,No,761,39,High transaction frequency; Fan-out activity,Medium,Open,False
AML-000322,23499,978,832,C_978,135.33,1970-01-01 00:00:00.000000041,Pending,15,Low,No,761,39,High transaction frequency; Fan-out activity,Medium,Open,False
AML-000323,23500,978,854,C_978,135.33,1970-01-01 00:00:00.000000041,Pending,15,Low,No,761,39,High transaction frequency; Fan-out activity,Medium,Open,False
AML-000324,23501,978,997,C_978,135.33,1970-01-01 00:00:00.000000041,Pending,15,Low,No,761,39,High transaction frequency; Fan-out activity,Medium,Open,False
AML-000325,23502,978,755,C_978,135.33,1970-01-01 00:00:00.000000041,Pending,15,Low,No,761,39,High transaction frequency; Fan-out activity,Medium,Open,False
AML-000326,23503,978,998,C_978,135.33,1970-01-01 00:00:00.000000041,Pending,15,Low,No,761,39,High transaction frequency; Fan-out activity,Medium,Open,False
AML-000327,23504,978,812,C_978,135.33,1970-01-01 00:00:00.000000041,Pending,15,Low,No,761,39,High transaction frequency; Fan-out activity,Medium,Open,False
AML-000328,23505,978,636,C_978,135.33,1970-01-01 00:00:00.000000041,Pending,15,Low,No,761,39,High transaction frequency; Fan-out activity,Medium,Open,False
AML-000329,23506,978,736,C_978,135.33,1970-01-01 00:00:00.000000041,Pending,15,Low,No,761,39,High transaction frequency; Fan-out activity,Medium,Open,False
AML-000330,23507,978,814,C_978,135.33,1970-01-01 00:00:00.000000041,Pending,15,Low,No,761,39,High transaction frequency; Fan-out activity,Medium,Open,False
AML-000331,23508,978,836,C_978,135.33,1970-01-01 00:00:00.000000041,Pending,15,Low,No,761,39,High transaction frequency; Fan-out activity,Medium,Open,False
AML-000332,23509,978,936,C_978,135.33,1970-01-01 00:00:00.000000041,Pending,15,Low,No,761,39,High transaction frequency; Fan-out activity,Medium,Open,False
AML-000333,23510,978,937,C_978,135.33,1970-01-01 00:00:00.000000041,Pending,15,Low,No,761,39,High transaction frequency; Fan-out activity,Medium,Open,False
AML-000334,23511,978,818,C_978,135.33,1970-01-01 00:00:00.000000041,Pending,15,Low,No,761,39,High transaction frequency; Fan-out activity,Medium,Open,False
AML-000335,23512,978,918,C_978,135.33,1970-01-01 00:00:00.000000041,Pending,15,Low,No,761,39,High transaction frequency; Fan-out activity,Medium,Open,False
AML-000336,23513,978,682,C_978,135.33,1970-01-01 00:00:00.000000041,Pending,15,Low,No,761,39,High transaction frequency; Fan-out activity,Medium,Open,False
AML-000337,23514,978,222,C_978,135.33,1970-01-01 00:00:00.000000041,Pending,15,Low,No,761,39,High transaction frequency; Fan-out activity,Medium,Open,False
AML-000338,23515,978,641,C_978,135.33,1970-01-01 00:00:00.000000041,Pending,15,Low,No,761,39,High transaction frequency; Fan-out activity,Medium,Open,False
AML-000339,23516,978,985,C_978,135.33,1970-01-01 00:00:00.000000041,Pending,15,Low,No,761,39,High transaction frequency; Fan-out activity,Medium,Open,False
AML-000340,23517,978,248,C_978,135.33,1970-01-01 00:00:00.000000041,Pending,15,Low,No,761,39,High transaction frequency; Fan-out activity,Medium,Open,False
AML-000341,23518,978,645,C_978,135.33,1970-01-01 00:00:00.000000041,Pending,15,Low,No,761,39,High transaction frequency; Fan-out activity,Medium,Open,False
AML-000342,23519,978,942,C_978,135.33,1970-01-01 00:00:00.000000041,Pending,15,Low,No,761,39,High transaction frequency; Fan-out activity,Medium,Open,False
AML-000343,23520,978,986,C_978,135.33,1970-01-01 00:00:00.000000041,Pending,15,Low,No,761,39,High transaction frequency; Fan-out activity,Medium,Open,False
AML-000344,23521,978,944,C_978,135.33,1970-01-01 00:00:00.000000041,Pending,15,Low,No,761,39,High transaction frequency; Fan-out activity,Medium,Open,False
AML-000345,23522,978,649,C_978,135.33,1970-01-01 00:00:00.000000041,Pending,15,Low,No,761,39,High transaction frequency; Fan-out activity,Medium,Open,False
AML-000346,23523,978,906,C_978,135.33,1970-01-01 00:00:00.000000041,Pending,15,Low,No,761,39,High transaction frequency; Fan-out activity,Medium,Open,False
AML-000347,24056,979,153,C_979,191.63,1970-01-01 00:00:00.000000041,Verified,0,Low,No,740,37,High transaction frequency; Fan-out activity,Medium,Open,False
AML-000348,24057,979,891,C_979,191.63,1970-01-01 00:00:00.000000041,Verified,0,Low,No,740,37,High transaction frequency; Fan-out activity,Medium,Open,False
AML-000349,24058,979,793,C_979,191.63,1970-01-01 00:00:00.000000041,Verified,0,Low,No,740,37,High transaction frequency; Fan-out activity,Medium,Open,False
AML-000350,24059,979,892,C_979,191.63,1970-01-01 00:00:00.000000041,Verified,0,Low,No,740,37,High transaction frequency; Fan-out activity,Medium,Open,False
AML-000351,24060,979,970,C_979,191.63,1970-01-01 00:00:00.000000041,Verified,0,Low,No,740,37,High transaction frequency; Fan-out activity,Medium,Open,False
AML-000352,24061,979,354,C_979,191.63,1970-01-01 00:00:00.000000041,Verified,0,Low,No,740,37,High transaction frequency; Fan-out activity,Medium,Open,False
AML-000353,24062,979,993,C_979,191.63,1970-01-01 00:00:00.000000041,Verified,0,Low,No,740,37,High transaction frequency; Fan-out activity,Medium,Open,False
AML-000354,24063,979,851,C_979,191.63,1970-01-01 00:00:00.000000041,Verified,0,Low,No,740,37,High transaction frequency; Fan-out activity,Medium,Open,False
AML-000355,24064,979,994,C_979,191.63,1970-01-01 00:00:00.000000041,Verified,0,Low,No,740,37,High transaction frequency; Fan-out activity,Medium,Open,False
AML-000356,24065,979,631,C_979,191.63,1970-01-01 00:00:00.000000041,Verified,0,Low,No,740,37,High transaction frequency; Fan-out activity,Medium,Open,False
AML-000357,24066,979,995,C_979,191.63,1970-01-01 00:00:00.000000041,Verified,0,Low,No,740,37,High transaction frequency; Fan-out activity,Medium,Open,False
AML-000358,24067,979,435,C_979,191.63,1970-01-01 00:00:00.000000041,Verified,0,Low,No,740,37,High transaction frequency; Fan-out activity,Medium,Open,False
AML-000359,24068,979,974,C_979,191.63,1970-01-01 00:00:00.000000041,Verified,0,Low,No,740,37,High transaction frequency; Fan-out activity,Medium,Open,False
AML-000360,24069,979,732,C_979,191.63,1970-01-01 00:00:00.000000041,Verified,0,Low,No,740,37,High transaction frequency; Fan-out activity,Medium,Open,False
AML-000361,24070,979,754,C_979,191.63,1970-01-01 00:00:00.000000041,Verified,0,Low,No,740,37,High transaction frequency; Fan-out activity,Medium,Open,False
AML-000362,24071,979,953,C_979,191.63,1970-01-01 00:00:00.000000041,Verified,0,Low,No,740,37,High transaction frequency; Fan-out activity,Medium,Open,False
AML-000363,24072,979,315,C_979,191.63,1970-01-01 00:00:00.000000041,Verified,0,Low,No,740,37,High transaction frequency; Fan-out activity,Medium,Open,False
AML-000364,24073,979,317,C_979,191.63,1970-01-01 00:00:00.000000041,Verified,0,Low,No,740,37,High transaction frequency; Fan-out activity,Medium,Open,False
AML-000365,24074,979,934,C_979,191.63,1970-01-01 00:00:00.000000041,Verified,0,Low,No,740,37,High transaction frequency; Fan-out activity,Medium,Open,False
AML-000366,24075,979,978,C_979,191.63,1970-01-01 00:00:00.000000041,Verified,0,Low,No,740,37,High transaction frequency; Fan-out activity,Medium,Open,False
AML-000367,24076,979,282,C_979,191.63,1970-01-01 00:00:00.000000041,Verified,0,Low,No,740,37,High transaction frequency; Fan-out activity,Medium,Open,False
AML-000368,24077,979,262,C_979,191.63,1970-01-01 00:00:00.000000041,Verified,0,Low,No,740,37,High transaction frequency; Fan-out activity,Medium,Open,False
AML-000369,24078,979,185,C_979,191.63,1970-01-01 00:00:00.000000041,Verified,0,Low,No,740,37,High transaction frequency; Fan-out activity,Medium,Open,False
AML-000370,24079,979,384,C_979,191.63,1970-01-01 00:00:00.000000041,Verified,0,Low,No,740,37,High transaction frequency; Fan-out activity,Medium,Open,False
AML-000371,24080,979,164,C_979,191.63,1970-01-01 00:00:00.000000041,Verified,0,Low,No,740,37,High transaction frequency; Fan-out activity,Medium,Open,False
AML-000372,24081,979,241,C_979,191.63,1970-01-01 00:00:00.000000041,Verified,0,Low,No,740,37,High transaction frequency; Fan-out activity,Medium,Open,False
AML-000373,24082,979,760,C_979,191.63,1970-01-01 00:00:00.000000041,Verified,0,Low,No,740,37,High transaction frequency; Fan-out activity,Medium,Open,False
AML-000374,24083,979,167,C_979,191.63,1970-01-01 00:00:00.000000041,Verified,0,Low,No,740,37,High transaction frequency; Fan-out activity,Medium,Open,False
AML-000375,24084,979,861,C_979,191.63,1970-01-01 00:00:00.000000041,Verified,0,Low,No,740,37,High transaction frequency; Fan-out activity,Medium,Open,False
AML-000376,24085,979,245,C_979,191.63,1970-01-01 00:00:00.000000041,Verified,0,Low,No,740,37,High transaction frequency; Fan-out activity,Medium,Open,False
AML-000377,24086,979,962,C_979,191.63,1970-01-01 00:00:00.000000041,Verified,0,Low,No,740,37,High transaction frequency; Fan-out activity,Medium,Open,False
AML-000378,24087,979,622,C_979,191.63,1970-01-01 00:00:00.000000041,Verified,0,Low,No,740,37,High transaction frequency; Fan-out activity,Medium,Open,False
AML-000379,24088,979,987,C_979,191.63,1970-01-01 00:00:00.000000041,Verified,0,Low,No,740,37,High transaction frequency; Fan-out activity,Medium,Open,False
AML-000380,24089,979,867,C_979,191.63,1970-01-01 00:00:00.000000041,Verified,0,Low,No,740,37,High transaction frequency; Fan-out activity,Medium,Open,False
AML-000381,24090,979,726,C_979,191.63,1970-01-01 00:00:00.000000041,Verified,0,Low,No,740,37,High transaction frequency; Fan-out activity,Medium,Open,False
AML-000382,24091,979,947,C_979,191.63,1970-01-01 00:00:00.000000041,Verified,0,Low,No,740,37,High transaction frequency; Fan-out activity,Medium,Open,False
AML-000383,24092,979,827,C_979,191.63,1970-01-01 00:00:00.000000041,Verified,0,Low,No,740,37,High transaction frequency; Fan-out activity,Medium,Open,False
AML-000384,24370,130,302,C_130,9406.58,1970-01-01 00:00:00.000000042,Rejected,60,High,Yes,18,5,High-risk customer activity,High,Open,False
AML-000385,26558,329,547,C_329,14403.08,1970-01-01 00:00:00.000000045,Manual Review,70,High,Yes,14,6,High-risk customer activity,High,Open,False
AML-000386,28281,130,215,C_130,23899.96,1970-01-01 00:00:00.000000048,Rejected,60,High,Yes,18,5,High-risk customer activity,High,Open,False
AML-000387,29127,130,131,C_130,24323.49,1970-01-01 00:00:00.000000050,Rejected,60,High,Yes,18,5,High-risk customer activity,High,Open,False
AML-000388,29623,979,153,C_979,191.63,1970-01-01 00:00:00.000000051,Verified,0,Low,No,740,37,High transaction frequency; Fan-out activity,Medium,Open,False
AML-000389,29624,979,891,C_979,191.63,1970-01-01 00:00:00.000000051,Verified,0,Low,No,740,37,High transaction frequency; Fan-out activity,Medium,Open,False
AML-000390,29625,979,793,C_979,191.63,1970-01-01 00:00:00.000000051,Verified,0,Low,No,740,37,High transaction frequency; Fan-out activity,Medium,Open,False
AML-000391,29626,979,892,C_979,191.63,1970-01-01 00:00:00.000000051,Verified,0,Low,No,740,37,High transaction frequency; Fan-out activity,Medium,Open,False
AML-000392,29627,979,970,C_979,191.63,1970-01-01 00:00:00.000000051,Verified,0,Low,No,740,37,High transaction frequency; Fan-out activity,Medium,Open,False
AML-000393,29628,979,354,C_979,191.63,1970-01-01 00:00:00.000000051,Verified,0,Low,No,740,37,High transaction frequency; Fan-out activity,Medium,Open,False
AML-000394,29629,979,993,C_979,191.63,1970-01-01 00:00:00.000000051,Verified,0,Low,No,740,37,High transaction frequency; Fan-out activity,Medium,Open,False
AML-000395,29630,979,851,C_979,191.63,1970-01-01 00:00:00.000000051,Verified,0,Low,No,740,37,High transaction frequency; Fan-out activity,Medium,Open,False
AML-000396,29631,979,994,C_979,191.63,1970-01-01 00:00:00.000000051,Verified,0,Low,No,740,37,High transaction frequency; Fan-out activity,Medium,Open,False
AML-000397,29632,979,631,C_979,191.63,1970-01-01 00:00:00.000000051,Verified,0,Low,No,740,37,High transaction frequency; Fan-out activity,Medium,Open,False
AML-000398,29633,979,995,C_979,191.63,1970-01-01 00:00:00.000000051,Verified,0,Low,No,740,37,High transaction frequency; Fan-out activity,Medium,Open,False
AML-000399,29634,979,435,C_979,191.63,1970-01-01 00:00:00.000000051,Verified,0,Low,No,740,37,High transaction frequency; Fan-out activity,Medium,Open,False
AML-000400,29635,979,974,C_979,191.63,1970-01-01 00:00:00.000000051,Verified,0,Low,No,740,37,High transaction frequency; Fan-out activity,Medium,Open,False
AML-000401,29636,979,732,C_979,191.63,1970-01-01 00:00:00.000000051,Verified,0,Low,No,740,37,High transaction frequency; Fan-out activity,Medium,Open,False
AML-000402,29637,979,754,C_979,191.63,1970-01-01 00:00:00.000000051,Verified,0,Low,No,740,37,High transaction frequency; Fan-out activity,Medium,Open,False
AML-000403,29638,979,953,C_979,191.63,1970-01-01 00:00:00.000000051,Verified,0,Low,No,740,37,High transaction frequency; Fan-out activity,Medium,Open,False
AML-000404,29639,979,315,C_979,191.63,1970-01-01 00:00:00.000000051,Verified,0,Low,No,740,37,High transaction frequency; Fan-out activity,Medium,Open,False
AML-000405,29640,979,317,C_979,191.63,1970-01-01 00:00:00.000000051,Verified,0,Low,No,740,37,High transaction frequency; Fan-out activity,Medium,Open,False
AML-000406,29641,979,934,C_979,191.63,1970-01-01 00:00:00.000000051,Verified,0,Low,No,740,37,High transaction frequency; Fan-out activity,Medium,Open,False
AML-000407,29642,979,978,C_979,191.63,1970-01-01 00:00:00.000000051,Verified,0,Low,No,740,37,High transaction frequency; Fan-out activity,Medium,Open,False
AML-000408,29643,979,282,C_979,191.63,1970-01-01 00:00:00.000000051,Verified,0,Low,No,740,37,High transaction frequency; Fan-out activity,Medium,Open,False
AML-000409,29644,979,262,C_979,191.63,1970-01-01 00:00:00.000000051,Verified,0,Low,No,740,37,High transaction frequency; Fan-out activity,Medium,Open,False
AML-000410,29645,979,185,C_979,191.63,1970-01-01 00:00:00.000000051,Verified,0,Low,No,740,37,High transaction frequency; Fan-out activity,Medium,Open,False
AML-000411,29646,979,384,C_979,191.63,1970-01-01 00:00:00.000000051,Verified,0,Low,No,740,37,High transaction frequency; Fan-out activity,Medium,Open,False
AML-000412,29647,979,164,C_979,191.63,1970-01-01 00:00:00.000000051,Verified,0,Low,No,740,37,High transaction frequency; Fan-out activity,Medium,Open,False
AML-000413,29648,979,241,C_979,191.63,1970-01-01 00:00:00.000000051,Verified,0,Low,No,740,37,High transaction frequency; Fan-out activity,Medium,Open,False
AML-000414,29649,979,760,C_979,191.63,1970-01-01 00:00:00.000000051,Verified,0,Low,No,740,37,High transaction frequency; Fan-out activity,Medium,Open,False
AML-000415,29650,979,167,C_979,191.63,1970-01-01 00:00:00.000000051,Verified,0,Low,No,740,37,High transaction frequency; Fan-out activity,Medium,Open,False
AML-000416,29651,979,861,C_979,191.63,1970-01-01 00:00:00.000000051,Verified,0,Low,No,740,37,High transaction frequency; Fan-out activity,Medium,Open,False
AML-000417,29652,979,245,C_979,191.63,1970-01-01 00:00:00.000000051,Verified,0,Low,No,740,37,High transaction frequency; Fan-out activity,Medium,Open,False
AML-000418,29653,979,962,C_979,191.63,1970-01-01 00:00:00.000000051,Verified,0,Low,No,740,37,High transaction frequency; Fan-out activity,Medium,Open,False
AML-000419,29654,979,622,C_979,191.63,1970-01-01 00:00:00.000000051,Verified,0,Low,No,740,37,High transaction frequency; Fan-out activity,Medium,Open,False
AML-000420,29655,979,987,C_979,191.63,1970-01-01 00:00:00.000000051,Verified,0,Low,No,740,37,High transaction frequency; Fan-out activity,Medium,Open,False
AML-000421,29656,979,867,C_979,191.63,1970-01-01 00:00:00.000000051,Verified,0,Low,No,740,37,High transaction frequency; Fan-out activity,Medium,Open,False
AML-000422,29657,979,726,C_979,191.63,1970-01-01 00:00:00.000000051,Verified,0,Low,No,740,37,High transaction frequency; Fan-out activity,Medium,Open,False
AML-000423,29658,979,947,C_979,191.63,1970-01-01 00:00:00.000000051,Verified,0,Low,No,740,37,High transaction frequency; Fan-out activity,Medium,Open,False
AML-000424,29659,979,827,C_979,191.63,1970-01-01 00:00:00.000000051,Verified,0,Low,No,740,37,High transaction frequency; Fan-out activity,Medium,Open,False
AML-000425,29719,978,473,C_978,135.33,1970-01-01 00:00:00.000000051,Pending,15,Low,No,761,39,High transaction frequency; Fan-out activity,Medium,Open,False
AML-000426,29720,978,452,C_978,135.33,1970-01-01 00:00:00.000000051,Pending,15,Low,No,761,39,High transaction frequency; Fan-out activity,Medium,Open,False
AML-000427,29721,978,233,C_978,135.33,1970-01-01 00:00:00.000000051,Pending,15,Low,No,761,39,High transaction frequency; Fan-out activity,Medium,Open,False
AML-000428,29722,978,454,C_978,135.33,1970-01-01 00:00:00.000000051,Pending,15,Low,No,761,39,High transaction frequency; Fan-out activity,Medium,Open,False
AML-000429,29723,978,971,C_978,135.33,1970-01-01 00:00:00.000000051,Pending,15,Low,No,761,39,High transaction frequency; Fan-out activity,Medium,Open,False
AML-000430,29724,978,993,C_978,135.33,1970-01-01 00:00:00.000000051,Pending,15,Low,No,761,39,High transaction frequency; Fan-out activity,Medium,Open,False
AML-000431,29725,978,894,C_978,135.33,1970-01-01 00:00:00.000000051,Pending,15,Low,No,761,39,High transaction frequency; Fan-out activity,Medium,Open,False
AML-000432,29726,978,598,C_978,135.33,1970-01-01 00:00:00.000000051,Pending,15,Low,No,761,39,High transaction frequency; Fan-out activity,Medium,Open,False
AML-000433,29727,978,235,C_978,135.33,1970-01-01 00:00:00.000000051,Pending,15,Low,No,761,39,High transaction frequency; Fan-out activity,Medium,Open,False
AML-000434,29728,978,775,C_978,135.33,1970-01-01 00:00:00.000000051,Pending,15,Low,No,761,39,High transaction frequency; Fan-out activity,Medium,Open,False
AML-000435,29729,978,511,C_978,135.33,1970-01-01 00:00:00.000000051,Pending,15,Low,No,761,39,High transaction frequency; Fan-out activity,Medium,Open,False
AML-000436,29730,978,974,C_978,135.33,1970-01-01 00:00:00.000000051,Pending,15,Low,No,761,39,High transaction frequency; Fan-out activity,Medium,Open,False
AML-000437,29731,978,732,C_978,135.33,1970-01-01 00:00:00.000000051,Pending,15,Low,No,761,39,High transaction frequency; Fan-out activity,Medium,Open,False
AML-000438,29732,978,832,C_978,135.33,1970-01-01 00:00:00.000000051,Pending,15,Low,No,761,39,High transaction frequency; Fan-out activity,Medium,Open,False
AML-000439,29733,978,854,C_978,135.33,1970-01-01 00:00:00.000000051,Pending,15,Low,No,761,39,High transaction frequency; Fan-out activity,Medium,Open,False
AML-000440,29734,978,997,C_978,135.33,1970-01-01 00:00:00.000000051,Pending,15,Low,No,761,39,High transaction frequency; Fan-out activity,Medium,Open,False
AML-000441,29735,978,755,C_978,135.33,1970-01-01 00:00:00.000000051,Pending,15,Low,No,761,39,High transaction frequency; Fan-out activity,Medium,Open,False
AML-000442,29736,978,998,C_978,135.33,1970-01-01 00:00:00.000000051,Pending,15,Low,No,761,39,High transaction frequency; Fan-out activity,Medium,Open,False
AML-000443,29737,978,812,C_978,135.33,1970-01-01 00:00:00.000000051,Pending,15,Low,No,761,39,High transaction frequency; Fan-out activity,Medium,Open,False
AML-000444,29738,978,636,C_978,135.33,1970-01-01 00:00:00.000000051,Pending,15,Low,No,761,39,High transaction frequency; Fan-out activity,Medium,Open,False
AML-000445,29739,978,736,C_978,135.33,1970-01-01 00:00:00.000000051,Pending,15,Low,No,761,39,High transaction frequency; Fan-out activity,Medium,Open,False
AML-000446,29740,978,814,C_978,135.33,1970-01-01 00:00:00.000000051,Pending,15,Low,No,761,39,High transaction frequency; Fan-out activity,Medium,Open,False
AML-000447,29741,978,836,C_978,135.33,1970-01-01 00:00:00.000000051,Pending,15,Low,No,761,39,High transaction frequency; Fan-out activity,Medium,Open,False
AML-000448,29742,978,936,C_978,135.33,1970-01-01 00:00:00.000000051,Pending,15,Low,No,761,39,High transaction frequency; Fan-out activity,Medium,Open,False
AML-000449,29743,978,937,C_978,135.33,1970-01-01 00:00:00.000000051,Pending,15,Low,No,761,39,High transaction frequency; Fan-out activity,Medium,Open,False
AML-000450,29744,978,818,C_978,135.33,1970-01-01 00:00:00.000000051,Pending,15,Low,No,761,39,High transaction frequency; Fan-out activity,Medium,Open,False
AML-000451,29745,978,918,C_978,135.33,1970-01-01 00:00:00.000000051,Pending,15,Low,No,761,39,High transaction frequency; Fan-out activity,Medium,Open,False
AML-000452,29746,978,682,C_978,135.33,1970-01-01 00:00:00.000000051,Pending,15,Low,No,761,39,High transaction frequency; Fan-out activity,Medium,Open,False
AML-000453,29747,978,222,C_978,135.33,1970-01-01 00:00:00.000000051,Pending,15,Low,No,761,39,High transaction frequency; Fan-out activity,Medium,Open,False
AML-000454,29748,978,641,C_978,135.33,1970-01-01 00:00:00.000000051,Pending,15,Low,No,761,39,High transaction frequency; Fan-out activity,Medium,Open,False
AML-000455,29749,978,985,C_978,135.33,1970-01-01 00:00:00.000000051,Pending,15,Low,No,761,39,High transaction frequency; Fan-out activity,Medium,Open,False
AML-000456,29750,978,248,C_978,135.33,1970-01-01 00:00:00.000000051,Pending,15,Low,No,761,39,High transaction frequency; Fan-out activity,Medium,Open,False
AML-000457,29751,978,645,C_978,135.33,1970-01-01 00:00:00.000000051,Pending,15,Low,No,761,39,High transaction frequency; Fan-out activity,Medium,Open,False
AML-000458,29752,978,942,C_978,135.33,1970-01-01 00:00:00.000000051,Pending,15,Low,No,761,39,High transaction frequency; Fan-out activity,Medium,Open,False
AML-000459,29753,978,986,C_978,135.33,1970-01-01 00:00:00.000000051,Pending,15,Low,No,761,39,High transaction frequency; Fan-out activity,Medium,Open,False
AML-000460,29754,978,944,C_978,135.33,1970-01-01 00:00:00.000000051,Pending,15,Low,No,761,39,High transaction frequency; Fan-out activity,Medium,Open,False
AML-000461,29755,978,649,C_978,135.33,1970-01-01 00:00:00.000000051,Pending,15,Low,No,761,39,High transaction frequency; Fan-out activity,Medium,Open,False
AML-000462,29756,978,906,C_978,135.33,1970-01-01 00:00:00.000000051,Pending,15,Low,No,761,39,High transaction frequency; Fan-out activity,Medium,Open,False
AML-000463,35751,979,153,C_979,191.63,1970-01-01 00:00:00.000000061,Verified,0,Low,No,740,37,High transaction frequency; Fan-out activity,Medium,Open,False
AML-000464,35752,979,891,C_979,191.63,1970-01-01 00:00:00.000000061,Verified,0,Low,No,740,37,High transaction frequency; Fan-out activity,Medium,Open,False
AML-000465,35753,979,793,C_979,191.63,1970-01-01 00:00:00.000000061,Verified,0,Low,No,740,37,High transaction frequency; Fan-out activity,Medium,Open,False
AML-000466,35754,979,892,C_979,191.63,1970-01-01 00:00:00.000000061,Verified,0,Low,No,740,37,High transaction frequency; Fan-out activity,Medium,Open,False
AML-000467,35755,979,970,C_979,191.63,1970-01-01 00:00:00.000000061,Verified,0,Low,No,740,37,High transaction frequency; Fan-out activity,Medium,Open,False
AML-000468,35756,979,354,C_979,191.63,1970-01-01 00:00:00.000000061,Verified,0,Low,No,740,37,High transaction frequency; Fan-out activity,Medium,Open,False
AML-000469,35757,979,993,C_979,191.63,1970-01-01 00:00:00.000000061,Verified,0,Low,No,740,37,High transaction frequency; Fan-out activity,Medium,Open,False
AML-000470,35758,979,851,C_979,191.63,1970-01-01 00:00:00.000000061,Verified,0,Low,No,740,37,High transaction frequency; Fan-out activity,Medium,Open,False
AML-000471,35759,979,994,C_979,191.63,1970-01-01 00:00:00.000000061,Verified,0,Low,No,740,37,High transaction frequency; Fan-out activity,Medium,Open,False
AML-000472,35760,979,631,C_979,191.63,1970-01-01 00:00:00.000000061,Verified,0,Low,No,740,37,High transaction frequency; Fan-out activity,Medium,Open,False
AML-000473,35761,979,995,C_979,191.63,1970-01-01 00:00:00.000000061,Verified,0,Low,No,740,37,High transaction frequency; Fan-out activity,Medium,Open,False
AML-000474,35762,979,435,C_979,191.63,1970-01-01 00:00:00.000000061,Verified,0,Low,No,740,37,High transaction frequency; Fan-out activity,Medium,Open,False
AML-000475,35763,979,974,C_979,191.63,1970-01-01 00:00:00.000000061,Verified,0,Low,No,740,37,High transaction frequency; Fan-out activity,Medium,Open,False
AML-000476,35764,979,732,C_979,191.63,1970-01-01 00:00:00.000000061,Verified,0,Low,No,740,37,High transaction frequency; Fan-out activity,Medium,Open,False
AML-000477,35765,979,754,C_979,191.63,1970-01-01 00:00:00.000000061,Verified,0,Low,No,740,37,High transaction frequency; Fan-out activity,Medium,Open,False
AML-000478,35766,979,953,C_979,191.63,1970-01-01 00:00:00.000000061,Verified,0,Low,No,740,37,High transaction frequency; Fan-out activity,Medium,Open,False
AML-000479,35767,979,315,C_979,191.63,1970-01-01 00:00:00.000000061,Verified,0,Low,No,740,37,High transaction frequency; Fan-out activity,Medium,Open,False
AML-000480,35768,979,317,C_979,191.63,1970-01-01 00:00:00.000000061,Verified,0,Low,No,740,37,High transaction frequency; Fan-out activity,Medium,Open,False
AML-000481,35769,979,934,C_979,191.63,1970-01-01 00:00:00.000000061,Verified,0,Low,No,740,37,High transaction frequency; Fan-out activity,Medium,Open,False
AML-000482,35770,979,978,C_979,191.63,1970-01-01 00:00:00.000000061,Verified,0,Low,No,740,37,High transaction frequency; Fan-out activity,Medium,Open,False
AML-000483,35771,979,282,C_979,191.63,1970-01-01 00:00:00.000000061,Verified,0,Low,No,740,37,High transaction frequency; Fan-out activity,Medium,Open,False
AML-000484,35772,979,262,C_979,191.63,1970-01-01 00:00:00.000000061,Verified,0,Low,No,740,37,High transaction frequency; Fan-out activity,Medium,Open,False
AML-000485,35773,979,185,C_979,191.63,1970-01-01 00:00:00.000000061,Verified,0,Low,No,740,37,High transaction frequency; Fan-out activity,Medium,Open,False
AML-000486,35774,979,384,C_979,191.63,1970-01-01 00:00:00.000000061,Verified,0,Low,No,740,37,High transaction frequency; Fan-out activity,Medium,Open,False
AML-000487,35775,979,164,C_979,191.63,1970-01-01 00:00:00.000000061,Verified,0,Low,No,740,37,High transaction frequency; Fan-out activity,Medium,Open,False
AML-000488,35776,979,241,C_979,191.63,1970-01-01 00:00:00.000000061,Verified,0,Low,No,740,37,High transaction frequency; Fan-out activity,Medium,Open,False
AML-000489,35777,979,760,C_979,191.63,1970-01-01 00:00:00.000000061,Verified,0,Low,No,740,37,High transaction frequency; Fan-out activity,Medium,Open,False
AML-000490,35778,979,167,C_979,191.63,1970-01-01 00:00:00.000000061,Verified,0,Low,No,740,37,High transaction frequency; Fan-out activity,Medium,Open,False
AML-000491,35779,979,861,C_979,191.63,1970-01-01 00:00:00.000000061,Verified,0,Low,No,740,37,High transaction frequency; Fan-out activity,Medium,Open,False
AML-000492,35780,979,245,C_979,191.63,1970-01-01 00:00:00.000000061,Verified,0,Low,No,740,37,High transaction frequency; Fan-out activity,Medium,Open,False
AML-000493,35781,979,962,C_979,191.63,1970-01-01 00:00:00.000000061,Verified,0,Low,No,740,37,High transaction frequency; Fan-out activity,Medium,Open,False
AML-000494,35782,979,622,C_979,191.63,1970-01-01 00:00:00.000000061,Verified,0,Low,No,740,37,High transaction frequency; Fan-out activity,Medium,Open,False
AML-000495,35783,979,987,C_979,191.63,1970-01-01 00:00:00.000000061,Verified,0,Low,No,740,37,High transaction frequency; Fan-out activity,Medium,Open,False
AML-000496,35784,979,867,C_979,191.63,1970-01-01 00:00:00.000000061,Verified,0,Low,No,740,37,High transaction frequency; Fan-out activity,Medium,Open,False
AML-000497,35785,979,726,C_979,191.63,1970-01-01 00:00:00.000000061,Verified,0,Low,No,740,37,High transaction frequency; Fan-out activity,Medium,Open,False
AML-000498,35786,979,947,C_979,191.63,1970-01-01 00:00:00.000000061,Verified,0,Low,No,740,37,High transaction frequency; Fan-out activity,Medium,Open,False
AML-000499,35787,979,827,C_979,191.63,1970-01-01 00:00:00.000000061,Verified,0,Low,No,740,37,High transaction frequency; Fan-out activity,Medium,Open,False
AML-000500,36054,978,473,C_978,135.33,1970-01-01 00:00:00.000000061,Pending,15,Low,No,761,39,High transaction frequency; Fan-out activity,Medium,Open,False
AML-000501,36055,978,452,C_978,135.33,1970-01-01 00:00:00.000000061,Pending,15,Low,No,761,39,High transaction frequency; Fan-out activity,Medium,Open,False
AML-000502,36056,978,233,C_978,135.33,1970-01-01 00:00:00.000000061,Pending,15,Low,No,761,39,High transaction frequency; Fan-out activity,Medium,Open,False
AML-000503,36057,978,454,C_978,135.33,1970-01-01 00:00:00.000000061,Pending,15,Low,No,761,39,High transaction frequency; Fan-out activity,Medium,Open,False
AML-000504,36058,978,971,C_978,135.33,1970-01-01 00:00:00.000000061,Pending,15,Low,No,761,39,High transaction frequency; Fan-out activity,Medium,Open,False
AML-000505,36059,978,993,C_978,135.33,1970-01-01 00:00:00.000000061,Pending,15,Low,No,761,39,High transaction frequency; Fan-out activity,Medium,Open,False
AML-000506,36060,978,894,C_978,135.33,1970-01-01 00:00:00.000000061,Pending,15,Low,No,761,39,High transaction frequency; Fan-out activity,Medium,Open,False
AML-000507,36061,978,598,C_978,135.33,1970-01-01 00:00:00.000000061,Pending,15,Low,No,761,39,High transaction frequency; Fan-out activity,Medium,Open,False
AML-000508,36062,978,235,C_978,135.33,1970-01-01 00:00:00.000000061,Pending,15,Low,No,761,39,High transaction frequency; Fan-out activity,Medium,Open,False
AML-000509,36063,978,775,C_978,135.33,1970-01-01 00:00:00.000000061,Pending,15,Low,No,761,39,High transaction frequency; Fan-out activity,Medium,Open,False
AML-000510,36064,978,511,C_978,135.33,1970-01-01 00:00:00.000000061,Pending,15,Low,No,761,39,High transaction frequency; Fan-out activity,Medium,Open,False
AML-000511,36065,978,974,C_978,135.33,1970-01-01 00:00:00.000000061,Pending,15,Low,No,761,39,High transaction frequency; Fan-out activity,Medium,Open,False
AML-000512,36066,978,732,C_978,135.33,1970-01-01 00:00:00.000000061,Pending,15,Low,No,761,39,High transaction frequency; Fan-out activity,Medium,Open,False
AML-000513,36067,978,832,C_978,135.33,1970-01-01 00:00:00.000000061,Pending,15,Low,No,761,39,High transaction frequency; Fan-out activity,Medium,Open,False
AML-000514,36068,978,854,C_978,135.33,1970-01-01 00:00:00.000000061,Pending,15,Low,No,761,39,High transaction frequency; Fan-out activity,Medium,Open,False
AML-000515,36069,978,997,C_978,135.33,1970-01-01 00:00:00.000000061,Pending,15,Low,No,761,39,High transaction frequency; Fan-out activity,Medium,Open,False
AML-000516,36070,978,755,C_978,135.33,1970-01-01 00:00:00.000000061,Pending,15,Low,No,761,39,High transaction frequency; Fan-out activity,Medium,Open,False
AML-000517,36071,978,998,C_978,135.33,1970-01-01 00:00:00.000000061,Pending,15,Low,No,761,39,High transaction frequency; Fan-out activity,Medium,Open,False
AML-000518,36072,978,812,C_978,135.33,1970-01-01 00:00:00.000000061,Pending,15,Low,No,761,39,High transaction frequency; Fan-out activity,Medium,Open,False
AML-000519,36073,978,636,C_978,135.33,1970-01-01 00:00:00.000000061,Pending,15,Low,No,761,39,High transaction frequency; Fan-out activity,Medium,Open,False
AML-000520,36074,978,736,C_978,135.33,1970-01-01 00:00:00.000000061,Pending,15,Low,No,761,39,High transaction frequency; Fan-out activity,Medium,Open,False
AML-000521,36075,978,814,C_978,135.33,1970-01-01 00:00:00.000000061,Pending,15,Low,No,761,39,High transaction frequency; Fan-out activity,Medium,Open,False
AML-000522,36076,978,836,C_978,135.33,1970-01-01 00:00:00.000000061,Pending,15,Low,No,761,39,High transaction frequency; Fan-out activity,Medium,Open,False
AML-000523,36077,978,936,C_978,135.33,1970-01-01 00:00:00.000000061,Pending,15,Low,No,761,39,High transaction frequency; Fan-out activity,Medium,Open,False
AML-000524,36078,978,937,C_978,135.33,1970-01-01 00:00:00.000000061,Pending,15,Low,No,761,39,High transaction frequency; Fan-out activity,Medium,Open,False
AML-000525,36079,978,818,C_978,135.33,1970-01-01 00:00:00.000000061,Pending,15,Low,No,761,39,High transaction frequency; Fan-out activity,Medium,Open,False
AML-000526,36080,978,918,C_978,135.33,1970-01-01 00:00:00.000000061,Pending,15,Low,No,761,39,High transaction frequency; Fan-out activity,Medium,Open,False
AML-000527,36081,978,682,C_978,135.33,1970-01-01 00:00:00.000000061,Pending,15,Low,No,761,39,High transaction frequency; Fan-out activity,Medium,Open,False
AML-000528,36082,978,222,C_978,135.33,1970-01-01 00:00:00.000000061,Pending,15,Low,No,761,39,High transaction frequency; Fan-out activity,Medium,Open,False
AML-000529,36083,978,641,C_978,135.33,1970-01-01 00:00:00.000000061,Pending,15,Low,No,761,39,High transaction frequency; Fan-out activity,Medium,Open,False
AML-000530,36084,978,985,C_978,135.33,1970-01-01 00:00:00.000000061,Pending,15,Low,No,761,39,High transaction frequency; Fan-out activity,Medium,Open,False
AML-000531,36085,978,248,C_978,135.33,1970-01-01 00:00:00.000000061,Pending,15,Low,No,761,39,High transaction frequency; Fan-out activity,Medium,Open,False
AML-000532,36086,978,645,C_978,135.33,1970-01-01 00:00:00.000000061,Pending,15,Low,No,761,39,High transaction frequency; Fan-out activity,Medium,Open,False
AML-000533,36087,978,942,C_978,135.33,1970-01-01 00:00:00.000000061,Pending,15,Low,No,761,39,High transaction frequency; Fan-out activity,Medium,Open,False
AML-000534,36088,978,986,C_978,135.33,1970-01-01 00:00:00.000000061,Pending,15,Low,No,761,39,High transaction frequency; Fan-out activity,Medium,Open,False
AML-000535,36089,978,944,C_978,135.33,1970-01-01 00:00:00.000000061,Pending,15,Low,No,761,39,High transaction frequency; Fan-out activity,Medium,Open,False
AML-000536,36090,978,649,C_978,135.33,1970-01-01 00:00:00.000000061,Pending,15,Low,No,761,39,High transaction frequency; Fan-out activity,Medium,Open,False
AML-000537,36091,978,906,C_978,135.33,1970-01-01 00:00:00.000000061,Pending,15,Low,No,761,39,High transaction frequency; Fan-out activity,Medium,Open,False
AML-000538,36184,130,993,C_130,67108.17,1970-01-01 00:00:00.000000062,Rejected,60,High,Yes,18,5,High-risk customer activity,High,Open,False
AML-000539,39328,329,922,C_329,32321.59,1970-01-01 00:00:00.000000066,Manual Review,70,High,Yes,14,6,High-risk customer activity,High,Open,False
AML-000540,40052,21,180,C_21,17788.06,1970-01-01 00:00:00.000000068,Verified,60,High,Yes,15,3,High-risk customer activity,High,Open,False
AML-000541,41779,978,473,C_978,135.33,1970-01-01 00:00:00.000000071,Pending,15,Low,No,761,39,High transaction frequency; Fan-out activity,Medium,Open,False
AML-000542,41780,978,452,C_978,135.33,1970-01-01 00:00:00.000000071,Pending,15,Low,No,761,39,High transaction frequency; Fan-out activity,Medium,Open,False
AML-000543,41781,978,233,C_978,135.33,1970-01-01 00:00:00.000000071,Pending,15,Low,No,761,39,High transaction frequency; Fan-out activity,Medium,Open,False
AML-000544,41782,978,454,C_978,135.33,1970-01-01 00:00:00.000000071,Pending,15,Low,No,761,39,High transaction frequency; Fan-out activity,Medium,Open,False
AML-000545,41783,978,971,C_978,135.33,1970-01-01 00:00:00.000000071,Pending,15,Low,No,761,39,High transaction frequency; Fan-out activity,Medium,Open,False
AML-000546,41784,978,993,C_978,135.33,1970-01-01 00:00:00.000000071,Pending,15,Low,No,761,39,High transaction frequency; Fan-out activity,Medium,Open,False
AML-000547,41785,978,894,C_978,135.33,1970-01-01 00:00:00.000000071,Pending,15,Low,No,761,39,High transaction frequency; Fan-out activity,Medium,Open,False
AML-000548,41786,978,598,C_978,135.33,1970-01-01 00:00:00.000000071,Pending,15,Low,No,761,39,High transaction frequency; Fan-out activity,Medium,Open,False
AML-000549,41787,978,235,C_978,135.33,1970-01-01 00:00:00.000000071,Pending,15,Low,No,761,39,High transaction frequency; Fan-out activity,Medium,Open,False
AML-000550,41788,978,775,C_978,135.33,1970-01-01 00:00:00.000000071,Pending,15,Low,No,761,39,High transaction frequency; Fan-out activity,Medium,Open,False
AML-000551,41789,978,511,C_978,135.33,1970-01-01 00:00:00.000000071,Pending,15,Low,No,761,39,High transaction frequency; Fan-out activity,Medium,Open,False
AML-000552,41790,978,974,C_978,135.33,1970-01-01 00:00:00.000000071,Pending,15,Low,No,761,39,High transaction frequency; Fan-out activity,Medium,Open,False
AML-000553,41791,978,732,C_978,135.33,1970-01-01 00:00:00.000000071,Pending,15,Low,No,761,39,High transaction frequency; Fan-out activity,Medium,Open,False
AML-000554,41792,978,832,C_978,135.33,1970-01-01 00:00:00.000000071,Pending,15,Low,No,761,39,High transaction frequency; Fan-out activity,Medium,Open,False
AML-000555,41793,978,854,C_978,135.33,1970-01-01 00:00:00.000000071,Pending,15,Low,No,761,39,High transaction frequency; Fan-out activity,Medium,Open,False
AML-000556,41794,978,997,C_978,135.33,1970-01-01 00:00:00.000000071,Pending,15,Low,No,761,39,High transaction frequency; Fan-out activity,Medium,Open,False
AML-000557,41795,978,755,C_978,135.33,1970-01-01 00:00:00.000000071,Pending,15,Low,No,761,39,High transaction frequency; Fan-out activity,Medium,Open,False
AML-000558,41796,978,998,C_978,135.33,1970-01-01 00:00:00.000000071,Pending,15,Low,No,761,39,High transaction frequency; Fan-out activity,Medium,Open,False
AML-000559,41797,978,812,C_978,135.33,1970-01-01 00:00:00.000000071,Pending,15,Low,No,761,39,High transaction frequency; Fan-out activity,Medium,Open,False
AML-000560,41798,978,636,C_978,135.33,1970-01-01 00:00:00.000000071,Pending,15,Low,No,761,39,High transaction frequency; Fan-out activity,Medium,Open,False
AML-000561,41799,978,736,C_978,135.33,1970-01-01 00:00:00.000000071,Pending,15,Low,No,761,39,High transaction frequency; Fan-out activity,Medium,Open,False
AML-000562,41800,978,814,C_978,135.33,1970-01-01 00:00:00.000000071,Pending,15,Low,No,761,39,High transaction frequency; Fan-out activity,Medium,Open,False
AML-000563,41801,978,836,C_978,135.33,1970-01-01 00:00:00.000000071,Pending,15,Low,No,761,39,High transaction frequency; Fan-out activity,Medium,Open,False
AML-000564,41802,978,936,C_978,135.33,1970-01-01 00:00:00.000000071,Pending,15,Low,No,761,39,High transaction frequency; Fan-out activity,Medium,Open,False
AML-000565,41803,978,937,C_978,135.33,1970-01-01 00:00:00.000000071,Pending,15,Low,No,761,39,High transaction frequency; Fan-out activity,Medium,Open,False
AML-000566,41804,978,818,C_978,135.33,1970-01-01 00:00:00.000000071,Pending,15,Low,No,761,39,High transaction frequency; Fan-out activity,Medium,Open,False
AML-000567,41805,978,918,C_978,135.33,1970-01-01 00:00:00.000000071,Pending,15,Low,No,761,39,High transaction frequency; Fan-out activity,Medium,Open,False
AML-000568,41806,978,682,C_978,135.33,1970-01-01 00:00:00.000000071,Pending,15,Low,No,761,39,High transaction frequency; Fan-out activity,Medium,Open,False
AML-000569,41807,978,222,C_978,135.33,1970-01-01 00:00:00.000000071,Pending,15,Low,No,761,39,High transaction frequency; Fan-out activity,Medium,Open,False
AML-000570,41808,978,641,C_978,135.33,1970-01-01 00:00:00.000000071,Pending,15,Low,No,761,39,High transaction frequency; Fan-out activity,Medium,Open,False
AML-000571,41809,978,985,C_978,135.33,1970-01-01 00:00:00.000000071,Pending,15,Low,No,761,39,High transaction frequency; Fan-out activity,Medium,Open,False
AML-000572,41810,978,248,C_978,135.33,1970-01-01 00:00:00.000000071,Pending,15,Low,No,761,39,High transaction frequency; Fan-out activity,Medium,Open,False
AML-000573,41811,978,645,C_978,135.33,1970-01-01 00:00:00.000000071,Pending,15,Low,No,761,39,High transaction frequency; Fan-out activity,Medium,Open,False
AML-000574,41812,978,942,C_978,135.33,1970-01-01 00:00:00.000000071,Pending,15,Low,No,761,39,High transaction frequency; Fan-out activity,Medium,Open,False
AML-000575,41813,978,986,C_978,135.33,1970-01-01 00:00:00.000000071,Pending,15,Low,No,761,39,High transaction frequency; Fan-out activity,Medium,Open,False
AML-000576,41814,978,944,C_978,135.33,1970-01-01 00:00:00.000000071,Pending,15,Low,No,761,39,High transaction frequency; Fan-out activity,Medium,Open,False
AML-000577,41815,978,649,C_978,135.33,1970-01-01 00:00:00.000000071,Pending,15,Low,No,761,39,High transaction frequency; Fan-out activity,Medium,Open,False
AML-000578,41816,978,906,C_978,135.33,1970-01-01 00:00:00.000000071,Pending,15,Low,No,761,39,High transaction frequency; Fan-out activity,Medium,Open,False
AML-000579,41906,979,153,C_979,191.63,1970-01-01 00:00:00.000000071,Verified,0,Low,No,740,37,High transaction frequency; Fan-out activity,Medium,Open,False
AML-000580,41907,979,891,C_979,191.63,1970-01-01 00:00:00.000000071,Verified,0,Low,No,740,37,High transaction frequency; Fan-out activity,Medium,Open,False
AML-000581,41908,979,793,C_979,191.63,1970-01-01 00:00:00.000000071,Verified,0,Low,No,740,37,High transaction frequency; Fan-out activity,Medium,Open,False
AML-000582,41909,979,892,C_979,191.63,1970-01-01 00:00:00.000000071,Verified,0,Low,No,740,37,High transaction frequency; Fan-out activity,Medium,Open,False
AML-000583,41910,979,970,C_979,191.63,1970-01-01 00:00:00.000000071,Verified,0,Low,No,740,37,High transaction frequency; Fan-out activity,Medium,Open,False
AML-000584,41911,979,354,C_979,191.63,1970-01-01 00:00:00.000000071,Verified,0,Low,No,740,37,High transaction frequency; Fan-out activity,Medium,Open,False
AML-000585,41912,979,993,C_979,191.63,1970-01-01 00:00:00.000000071,Verified,0,Low,No,740,37,High transaction frequency; Fan-out activity,Medium,Open,False
AML-000586,41913,979,851,C_979,191.63,1970-01-01 00:00:00.000000071,Verified,0,Low,No,740,37,High transaction frequency; Fan-out activity,Medium,Open,False
AML-000587,41914,979,994,C_979,191.63,1970-01-01 00:00:00.000000071,Verified,0,Low,No,740,37,High transaction frequency; Fan-out activity,Medium,Open,False
AML-000588,41915,979,631,C_979,191.63,1970-01-01 00:00:00.000000071,Verified,0,Low,No,740,37,High transaction frequency; Fan-out activity,Medium,Open,False
AML-000589,41916,979,995,C_979,191.63,1970-01-01 00:00:00.000000071,Verified,0,Low,No,740,37,High transaction frequency; Fan-out activity,Medium,Open,False
AML-000590,41917,979,435,C_979,191.63,1970-01-01 00:00:00.000000071,Verified,0,Low,No,740,37,High transaction frequency; Fan-out activity,Medium,Open,False
AML-000591,41918,979,974,C_979,191.63,1970-01-01 00:00:00.000000071,Verified,0,Low,No,740,37,High transaction frequency; Fan-out activity,Medium,Open,False
AML-000592,41919,979,732,C_979,191.63,1970-01-01 00:00:00.000000071,Verified,0,Low,No,740,37,High transaction frequency; Fan-out activity,Medium,Open,False
AML-000593,41920,979,754,C_979,191.63,1970-01-01 00:00:00.000000071,Verified,0,Low,No,740,37,High transaction frequency; Fan-out activity,Medium,Open,False
AML-000594,41921,979,953,C_979,191.63,1970-01-01 00:00:00.000000071,Verified,0,Low,No,740,37,High transaction frequency; Fan-out activity,Medium,Open,False
AML-000595,41922,979,315,C_979,191.63,1970-01-01 00:00:00.000000071,Verified,0,Low,No,740,37,High transaction frequency; Fan-out activity,Medium,Open,False
AML-000596,41923,979,317,C_979,191.63,1970-01-01 00:00:00.000000071,Verified,0,Low,No,740,37,High transaction frequency; Fan-out activity,Medium,Open,False
AML-000597,41924,979,934,C_979,191.63,1970-01-01 00:00:00.000000071,Verified,0,Low,No,740,37,High transaction frequency; Fan-out activity,Medium,Open,False
AML-000598,41925,979,978,C_979,191.63,1970-01-01 00:00:00.000000071,Verified,0,Low,No,740,37,High transaction frequency; Fan-out activity,Medium,Open,False
AML-000599,41926,979,282,C_979,191.63,1970-01-01 00:00:00.000000071,Verified,0,Low,No,740,37,High transaction frequency; Fan-out activity,Medium,Open,False
AML-000600,41927,979,262,C_979,191.63,1970-01-01 00:00:00.000000071,Verified,0,Low,No,740,37,High transaction frequency; Fan-out activity,Medium,Open,False
AML-000601,41928,979,185,C_979,191.63,1970-01-01 00:00:00.000000071,Verified,0,Low,No,740,37,High transaction frequency; Fan-out activity,Medium,Open,False
AML-000602,41929,979,384,C_979,191.63,1970-01-01 00:00:00.000000071,Verified,0,Low,No,740,37,High transaction frequency; Fan-out activity,Medium,Open,False
AML-000603,41930,979,164,C_979,191.63,1970-01-01 00:00:00.000000071,Verified,0,Low,No,740,37,High transaction frequency; Fan-out activity,Medium,Open,False
AML-000604,41931,979,241,C_979,191.63,1970-01-01 00:00:00.000000071,Verified,0,Low,No,740,37,High transaction frequency; Fan-out activity,Medium,Open,False
AML-000605,41932,979,760,C_979,191.63,1970-01-01 00:00:00.000000071,Verified,0,Low,No,740,37,High transaction frequency; Fan-out activity,Medium,Open,False
AML-000606,41933,979,167,C_979,191.63,1970-01-01 00:00:00.000000071,Verified,0,Low,No,740,37,High transaction frequency; Fan-out activity,Medium,Open,False
AML-000607,41934,979,861,C_979,191.63,1970-01-01 00:00:00.000000071,Verified,0,Low,No,740,37,High transaction frequency; Fan-out activity,Medium,Open,False
AML-000608,41935,979,245,C_979,191.63,1970-01-01 00:00:00.000000071,Verified,0,Low,No,740,37,High transaction frequency; Fan-out activity,Medium,Open,False
AML-000609,41936,979,962,C_979,191.63,1970-01-01 00:00:00.000000071,Verified,0,Low,No,740,37,High transaction frequency; Fan-out activity,Medium,Open,False
AML-000610,41937,979,622,C_979,191.63,1970-01-01 00:00:00.000000071,Verified,0,Low,No,740,37,High transaction frequency; Fan-out activity,Medium,Open,False
AML-000611,41938,979,987,C_979,191.63,1970-01-01 00:00:00.000000071,Verified,0,Low,No,740,37,High transaction frequency; Fan-out activity,Medium,Open,False
AML-000612,41939,979,867,C_979,191.63,1970-01-01 00:00:00.000000071,Verified,0,Low,No,740,37,High transaction frequency; Fan-out activity,Medium,Open,False
AML-000613,41940,979,726,C_979,191.63,1970-01-01 00:00:00.000000071,Verified,0,Low,No,740,37,High transaction frequency; Fan-out activity,Medium,Open,False
AML-000614,41941,979,947,C_979,191.63,1970-01-01 00:00:00.000000071,Verified,0,Low,No,740,37,High transaction frequency; Fan-out activity,Medium,Open,False
AML-000615,41942,979,827,C_979,191.63,1970-01-01 00:00:00.000000071,Verified,0,Low,No,740,37,High transaction frequency; Fan-out activity,Medium,Open,False
AML-000616,47296,978,473,C_978,135.33,1970-01-01 00:00:00.000000081,Pending,15,Low,No,761,39,High transaction frequency; Fan-out activity,Medium,Open,False
AML-000617,47297,978,452,C_978,135.33,1970-01-01 00:00:00.000000081,Pending,15,Low,No,761,39,High transaction frequency; Fan-out activity,Medium,Open,False
AML-000618,47298,978,233,C_978,135.33,1970-01-01 00:00:00.000000081,Pending,15,Low,No,761,39,High transaction frequency; Fan-out activity,Medium,Open,False
AML-000619,47299,978,454,C_978,135.33,1970-01-01 00:00:00.000000081,Pending,15,Low,No,761,39,High transaction frequency; Fan-out activity,Medium,Open,False
AML-000620,47300,978,971,C_978,135.33,1970-01-01 00:00:00.000000081,Pending,15,Low,No,761,39,High transaction frequency; Fan-out activity,Medium,Open,False
AML-000621,47301,978,993,C_978,135.33,1970-01-01 00:00:00.000000081,Pending,15,Low,No,761,39,High transaction frequency; Fan-out activity,Medium,Open,False
AML-000622,47302,978,894,C_978,135.33,1970-01-01 00:00:00.000000081,Pending,15,Low,No,761,39,High transaction frequency; Fan-out activity,Medium,Open,False
AML-000623,47303,978,598,C_978,135.33,1970-01-01 00:00:00.000000081,Pending,15,Low,No,761,39,High transaction frequency; Fan-out activity,Medium,Open,False
AML-000624,47304,978,235,C_978,135.33,1970-01-01 00:00:00.000000081,Pending,15,Low,No,761,39,High transaction frequency; Fan-out activity,Medium,Open,False
AML-000625,47305,978,775,C_978,135.33,1970-01-01 00:00:00.000000081,Pending,15,Low,No,761,39,High transaction frequency; Fan-out activity,Medium,Open,False
AML-000626,47306,978,511,C_978,135.33,1970-01-01 00:00:00.000000081,Pending,15,Low,No,761,39,High transaction frequency; Fan-out activity,Medium,Open,False
AML-000627,47307,978,974,C_978,135.33,1970-01-01 00:00:00.000000081,Pending,15,Low,No,761,39,High transaction frequency; Fan-out activity,Medium,Open,False
AML-000628,47308,978,732,C_978,135.33,1970-01-01 00:00:00.000000081,Pending,15,Low,No,761,39,High transaction frequency; Fan-out activity,Medium,Open,False
AML-000629,47309,978,832,C_978,135.33,1970-01-01 00:00:00.000000081,Pending,15,Low,No,761,39,High transaction frequency; Fan-out activity,Medium,Open,False
AML-000630,47310,978,854,C_978,135.33,1970-01-01 00:00:00.000000081,Pending,15,Low,No,761,39,High transaction frequency; Fan-out activity,Medium,Open,False
AML-000631,47311,978,997,C_978,135.33,1970-01-01 00:00:00.000000081,Pending,15,Low,No,761,39,High transaction frequency; Fan-out activity,Medium,Open,False
AML-000632,47312,978,755,C_978,135.33,1970-01-01 00:00:00.000000081,Pending,15,Low,No,761,39,High transaction frequency; Fan-out activity,Medium,Open,False
AML-000633,47313,978,998,C_978,135.33,1970-01-01 00:00:00.000000081,Pending,15,Low,No,761,39,High transaction frequency; Fan-out activity,Medium,Open,False
AML-000634,47314,978,812,C_978,135.33,1970-01-01 00:00:00.000000081,Pending,15,Low,No,761,39,High transaction frequency; Fan-out activity,Medium,Open,False
AML-000635,47315,978,636,C_978,135.33,1970-01-01 00:00:00.000000081,Pending,15,Low,No,761,39,High transaction frequency; Fan-out activity,Medium,Open,False
AML-000636,47316,978,736,C_978,135.33,1970-01-01 00:00:00.000000081,Pending,15,Low,No,761,39,High transaction frequency; Fan-out activity,Medium,Open,False
AML-000637,47317,978,814,C_978,135.33,1970-01-01 00:00:00.000000081,Pending,15,Low,No,761,39,High transaction frequency; Fan-out activity,Medium,Open,False
AML-000638,47318,978,836,C_978,135.33,1970-01-01 00:00:00.000000081,Pending,15,Low,No,761,39,High transaction frequency; Fan-out activity,Medium,Open,False
AML-000639,47319,978,936,C_978,135.33,1970-01-01 00:00:00.000000081,Pending,15,Low,No,761,39,High transaction frequency; Fan-out activity,Medium,Open,False
AML-000640,47320,978,937,C_978,135.33,1970-01-01 00:00:00.000000081,Pending,15,Low,No,761,39,High transaction frequency; Fan-out activity,Medium,Open,False
AML-000641,47321,978,818,C_978,135.33,1970-01-01 00:00:00.000000081,Pending,15,Low,No,761,39,High transaction frequency; Fan-out activity,Medium,Open,False
AML-000642,47322,978,918,C_978,135.33,1970-01-01 00:00:00.000000081,Pending,15,Low,No,761,39,High transaction frequency; Fan-out activity,Medium,Open,False
AML-000643,47323,978,682,C_978,135.33,1970-01-01 00:00:00.000000081,Pending,15,Low,No,761,39,High transaction frequency; Fan-out activity,Medium,Open,False
AML-000644,47324,978,222,C_978,135.33,1970-01-01 00:00:00.000000081,Pending,15,Low,No,761,39,High transaction frequency; Fan-out activity,Medium,Open,False
AML-000645,47325,978,641,C_978,135.33,1970-01-01 00:00:00.000000081,Pending,15,Low,No,761,39,High transaction frequency; Fan-out activity,Medium,Open,False
AML-000646,47326,978,985,C_978,135.33,1970-01-01 00:00:00.000000081,Pending,15,Low,No,761,39,High transaction frequency; Fan-out activity,Medium,Open,False
AML-000647,47327,978,248,C_978,135.33,1970-01-01 00:00:00.000000081,Pending,15,Low,No,761,39,High transaction frequency; Fan-out activity,Medium,Open,False
AML-000648,47328,978,645,C_978,135.33,1970-01-01 00:00:00.000000081,Pending,15,Low,No,761,39,High transaction frequency; Fan-out activity,Medium,Open,False
AML-000649,47329,978,942,C_978,135.33,1970-01-01 00:00:00.000000081,Pending,15,Low,No,761,39,High transaction frequency; Fan-out activity,Medium,Open,False
AML-000650,47330,978,986,C_978,135.33,1970-01-01 00:00:00.000000081,Pending,15,Low,No,761,39,High transaction frequency; Fan-out activity,Medium,Open,False
AML-000651,47331,978,944,C_978,135.33,1970-01-01 00:00:00.000000081,Pending,15,Low,No,761,39,High transaction frequency; Fan-out activity,Medium,Open,False
AML-000652,47332,978,649,C_978,135.33,1970-01-01 00:00:00.000000081,Pending,15,Low,No,761,39,High transaction frequency; Fan-out activity,Medium,Open,False
AML-000653,47333,978,906,C_978,135.33,1970-01-01 00:00:00.000000081,Pending,15,Low,No,761,39,High transaction frequency; Fan-out activity,Medium,Open,False
AML-000654,47790,979,153,C_979,191.63,1970-01-01 00:00:00.000000081,Verified,0,Low,No,740,37,High transaction frequency; Fan-out activity,Medium,Open,False
AML-000655,47791,979,891,C_979,191.63,1970-01-01 00:00:00.000000081,Verified,0,Low,No,740,37,High transaction frequency; Fan-out activity,Medium,Open,False
AML-000656,47792,979,793,C_979,191.63,1970-01-01 00:00:00.000000081,Verified,0,Low,No,740,37,High transaction frequency; Fan-out activity,Medium,Open,False
AML-000657,47793,979,892,C_979,191.63,1970-01-01 00:00:00.000000081,Verified,0,Low,No,740,37,High transaction frequency; Fan-out activity,Medium,Open,False
AML-000658,47794,979,970,C_979,191.63,1970-01-01 00:00:00.000000081,Verified,0,Low,No,740,37,High transaction frequency; Fan-out activity,Medium,Open,False
AML-000659,47795,979,354,C_979,191.63,1970-01-01 00:00:00.000000081,Verified,0,Low,No,740,37,High transaction frequency; Fan-out activity,Medium,Open,False
AML-000660,47796,979,993,C_979,191.63,1970-01-01 00:00:00.000000081,Verified,0,Low,No,740,37,High transaction frequency; Fan-out activity,Medium,Open,False
AML-000661,47797,979,851,C_979,191.63,1970-01-01 00:00:00.000000081,Verified,0,Low,No,740,37,High transaction frequency; Fan-out activity,Medium,Open,False
AML-000662,47798,979,994,C_979,191.63,1970-01-01 00:00:00.000000081,Verified,0,Low,No,740,37,High transaction frequency; Fan-out activity,Medium,Open,False
AML-000663,47799,979,631,C_979,191.63,1970-01-01 00:00:00.000000081,Verified,0,Low,No,740,37,High transaction frequency; Fan-out activity,Medium,Open,False
AML-000664,47800,979,995,C_979,191.63,1970-01-01 00:00:00.000000081,Verified,0,Low,No,740,37,High transaction frequency; Fan-out activity,Medium,Open,False
AML-000665,47801,979,435,C_979,191.63,1970-01-01 00:00:00.000000081,Verified,0,Low,No,740,37,High transaction frequency; Fan-out activity,Medium,Open,False
AML-000666,47802,979,974,C_979,191.63,1970-01-01 00:00:00.000000081,Verified,0,Low,No,740,37,High transaction frequency; Fan-out activity,Medium,Open,False
AML-000667,47803,979,732,C_979,191.63,1970-01-01 00:00:00.000000081,Verified,0,Low,No,740,37,High transaction frequency; Fan-out activity,Medium,Open,False
AML-000668,47804,979,754,C_979,191.63,1970-01-01 00:00:00.000000081,Verified,0,Low,No,740,37,High transaction frequency; Fan-out activity,Medium,Open,False
AML-000669,47805,979,953,C_979,191.63,1970-01-01 00:00:00.000000081,Verified,0,Low,No,740,37,High transaction frequency; Fan-out activity,Medium,Open,False
AML-000670,47806,979,315,C_979,191.63,1970-01-01 00:00:00.000000081,Verified,0,Low,No,740,37,High transaction frequency; Fan-out activity,Medium,Open,False
AML-000671,47807,979,317,C_979,191.63,1970-01-01 00:00:00.000000081,Verified,0,Low,No,740,37,High transaction frequency; Fan-out activity,Medium,Open,False
AML-000672,47808,979,934,C_979,191.63,1970-01-01 00:00:00.000000081,Verified,0,Low,No,740,37,High transaction frequency; Fan-out activity,Medium,Open,False
AML-000673,47809,979,978,C_979,191.63,1970-01-01 00:00:00.000000081,Verified,0,Low,No,740,37,High transaction frequency; Fan-out activity,Medium,Open,False
AML-000674,47810,979,282,C_979,191.63,1970-01-01 00:00:00.000000081,Verified,0,Low,No,740,37,High transaction frequency; Fan-out activity,Medium,Open,False
AML-000675,47811,979,262,C_979,191.63,1970-01-01 00:00:00.000000081,Verified,0,Low,No,740,37,High transaction frequency; Fan-out activity,Medium,Open,False
AML-000676,47812,979,185,C_979,191.63,1970-01-01 00:00:00.000000081,Verified,0,Low,No,740,37,High transaction frequency; Fan-out activity,Medium,Open,False
AML-000677,47813,979,384,C_979,191.63,1970-01-01 00:00:00.000000081,Verified,0,Low,No,740,37,High transaction frequency; Fan-out activity,Medium,Open,False
AML-000678,47814,979,164,C_979,191.63,1970-01-01 00:00:00.000000081,Verified,0,Low,No,740,37,High transaction frequency; Fan-out activity,Medium,Open,False
AML-000679,47815,979,241,C_979,191.63,1970-01-01 00:00:00.000000081,Verified,0,Low,No,740,37,High transaction frequency; Fan-out activity,Medium,Open,False
AML-000680,47816,979,760,C_979,191.63,1970-01-01 00:00:00.000000081,Verified,0,Low,No,740,37,High transaction frequency; Fan-out activity,Medium,Open,False
AML-000681,47817,979,167,C_979,191.63,1970-01-01 00:00:00.000000081,Verified,0,Low,No,740,37,High transaction frequency; Fan-out activity,Medium,Open,False
AML-000682,47818,979,861,C_979,191.63,1970-01-01 00:00:00.000000081,Verified,0,Low,No,740,37,High transaction frequency; Fan-out activity,Medium,Open,False
AML-000683,47819,979,245,C_979,191.63,1970-01-01 00:00:00.000000081,Verified,0,Low,No,740,37,High transaction frequency; Fan-out activity,Medium,Open,False
AML-000684,47820,979,962,C_979,191.63,1970-01-01 00:00:00.000000081,Verified,0,Low,No,740,37,High transaction frequency; Fan-out activity,Medium,Open,False
AML-000685,47821,979,622,C_979,191.63,1970-01-01 00:00:00.000000081,Verified,0,Low,No,740,37,High transaction frequency; Fan-out activity,Medium,Open,False
AML-000686,47822,979,987,C_979,191.63,1970-01-01 00:00:00.000000081,Verified,0,Low,No,740,37,High transaction frequency; Fan-out activity,Medium,Open,False
AML-000687,47823,979,867,C_979,191.63,1970-01-01 00:00:00.000000081,Verified,0,Low,No,740,37,High transaction frequency; Fan-out activity,Medium,Open,False
AML-000688,47824,979,726,C_979,191.63,1970-01-01 00:00:00.000000081,Verified,0,Low,No,740,37,High transaction frequency; Fan-out activity,Medium,Open,False
AML-000689,47825,979,947,C_979,191.63,1970-01-01 00:00:00.000000081,Verified,0,Low,No,740,37,High transaction frequency; Fan-out activity,Medium,Open,False
AML-000690,47826,979,827,C_979,191.63,1970-01-01 00:00:00.000000081,Verified,0,Low,No,740,37,High transaction frequency; Fan-out activity,Medium,Open,False
AML-000691,49889,329,385,C_329,86292.22,1970-01-01 00:00:00.000000085,Manual Review,70,High,Yes,14,6,High-risk customer activity,High,Open,False
AML-000692,52283,130,983,C_130,92508.48,1970-01-01 00:00:00.000000088,Rejected,60,High,Yes,18,5,High-risk customer activity,High,Open,False
AML-000693,53268,21,945,C_21,90679.1,1970-01-01 00:00:00.000000090,Verified,60,High,Yes,15,3,High-risk customer activity,High,Open,False
AML-000694,53585,979,153,C_979,191.63,1970-01-01 00:00:00.000000091,Verified,0,Low,No,740,37,High transaction frequency; Fan-out activity,Medium,Open,False
AML-000695,53586,979,891,C_979,191.63,1970-01-01 00:00:00.000000091,Verified,0,Low,No,740,37,High transaction frequency; Fan-out activity,Medium,Open,False
AML-000696,53587,979,793,C_979,191.63,1970-01-01 00:00:00.000000091,Verified,0,Low,No,740,37,High transaction frequency; Fan-out activity,Medium,Open,False
AML-000697,53588,979,892,C_979,191.63,1970-01-01 00:00:00.000000091,Verified,0,Low,No,740,37,High transaction frequency; Fan-out activity,Medium,Open,False
AML-000698,53589,979,970,C_979,191.63,1970-01-01 00:00:00.000000091,Verified,0,Low,No,740,37,High transaction frequency; Fan-out activity,Medium,Open,False
AML-000699,53590,979,354,C_979,191.63,1970-01-01 00:00:00.000000091,Verified,0,Low,No,740,37,High transaction frequency; Fan-out activity,Medium,Open,False
AML-000700,53591,979,993,C_979,191.63,1970-01-01 00:00:00.000000091,Verified,0,Low,No,740,37,High transaction frequency; Fan-out activity,Medium,Open,False
AML-000701,53592,979,851,C_979,191.63,1970-01-01 00:00:00.000000091,Verified,0,Low,No,740,37,High transaction frequency; Fan-out activity,Medium,Open,False
AML-000702,53593,979,994,C_979,191.63,1970-01-01 00:00:00.000000091,Verified,0,Low,No,740,37,High transaction frequency; Fan-out activity,Medium,Open,False
AML-000703,53594,979,631,C_979,191.63,1970-01-01 00:00:00.000000091,Verified,0,Low,No,740,37,High transaction frequency; Fan-out activity,Medium,Open,False
AML-000704,53595,979,995,C_979,191.63,1970-01-01 00:00:00.000000091,Verified,0,Low,No,740,37,High transaction frequency; Fan-out activity,Medium,Open,False
AML-000705,53596,979,435,C_979,191.63,1970-01-01 00:00:00.000000091,Verified,0,Low,No,740,37,High transaction frequency; Fan-out activity,Medium,Open,False
AML-000706,53597,979,974,C_979,191.63,1970-01-01 00:00:00.000000091,Verified,0,Low,No,740,37,High transaction frequency; Fan-out activity,Medium,Open,False
AML-000707,53598,979,732,C_979,191.63,1970-01-01 00:00:00.000000091,Verified,0,Low,No,740,37,High transaction frequency; Fan-out activity,Medium,Open,False
AML-000708,53599,979,754,C_979,191.63,1970-01-01 00:00:00.000000091,Verified,0,Low,No,740,37,High transaction frequency; Fan-out activity,Medium,Open,False
AML-000709,53600,979,953,C_979,191.63,1970-01-01 00:00:00.000000091,Verified,0,Low,No,740,37,High transaction frequency; Fan-out activity,Medium,Open,False
AML-000710,53601,979,315,C_979,191.63,1970-01-01 00:00:00.000000091,Verified,0,Low,No,740,37,High transaction frequency; Fan-out activity,Medium,Open,False
AML-000711,53602,979,317,C_979,191.63,1970-01-01 00:00:00.000000091,Verified,0,Low,No,740,37,High transaction frequency; Fan-out activity,Medium,Open,False
AML-000712,53603,979,934,C_979,191.63,1970-01-01 00:00:00.000000091,Verified,0,Low,No,740,37,High transaction frequency; Fan-out activity,Medium,Open,False
AML-000713,53604,979,978,C_979,191.63,1970-01-01 00:00:00.000000091,Verified,0,Low,No,740,37,High transaction frequency; Fan-out activity,Medium,Open,False
AML-000714,53605,979,282,C_979,191.63,1970-01-01 00:00:00.000000091,Verified,0,Low,No,740,37,High transaction frequency; Fan-out activity,Medium,Open,False
AML-000715,53606,979,262,C_979,191.63,1970-01-01 00:00:00.000000091,Verified,0,Low,No,740,37,High transaction frequency; Fan-out activity,Medium,Open,False
AML-000716,53607,979,185,C_979,191.63,1970-01-01 00:00:00.000000091,Verified,0,Low,No,740,37,High transaction frequency; Fan-out activity,Medium,Open,False
AML-000717,53608,979,384,C_979,191.63,1970-01-01 00:00:00.000000091,Verified,0,Low,No,740,37,High transaction frequency; Fan-out activity,Medium,Open,False
AML-000718,53609,979,164,C_979,191.63,1970-01-01 00:00:00.000000091,Verified,0,Low,No,740,37,High transaction frequency; Fan-out activity,Medium,Open,False
AML-000719,53610,979,241,C_979,191.63,1970-01-01 00:00:00.000000091,Verified,0,Low,No,740,37,High transaction frequency; Fan-out activity,Medium,Open,False
AML-000720,53611,979,760,C_979,191.63,1970-01-01 00:00:00.000000091,Verified,0,Low,No,740,37,High transaction frequency; Fan-out activity,Medium,Open,False
AML-000721,53612,979,167,C_979,191.63,1970-01-01 00:00:00.000000091,Verified,0,Low,No,740,37,High transaction frequency; Fan-out activity,Medium,Open,False
AML-000722,53613,979,861,C_979,191.63,1970-01-01 00:00:00.000000091,Verified,0,Low,No,740,37,High transaction frequency; Fan-out activity,Medium,Open,False
AML-000723,53614,979,245,C_979,191.63,1970-01-01 00:00:00.000000091,Verified,0,Low,No,740,37,High transaction frequency; Fan-out activity,Medium,Open,False
AML-000724,53615,979,962,C_979,191.63,1970-01-01 00:00:00.000000091,Verified,0,Low,No,740,37,High transaction frequency; Fan-out activity,Medium,Open,False
AML-000725,53616,979,622,C_979,191.63,1970-01-01 00:00:00.000000091,Verified,0,Low,No,740,37,High transaction frequency; Fan-out activity,Medium,Open,False
AML-000726,53617,979,987,C_979,191.63,1970-01-01 00:00:00.000000091,Verified,0,Low,No,740,37,High transaction frequency; Fan-out activity,Medium,Open,False
AML-000727,53618,979,867,C_979,191.63,1970-01-01 00:00:00.000000091,Verified,0,Low,No,740,37,High transaction frequency; Fan-out activity,Medium,Open,False
AML-000728,53619,979,726,C_979,191.63,1970-01-01 00:00:00.000000091,Verified,0,Low,No,740,37,High transaction frequency; Fan-out activity,Medium,Open,False
AML-000729,53620,979,947,C_979,191.63,1970-01-01 00:00:00.000000091,Verified,0,Low,No,740,37,High transaction frequency; Fan-out activity,Medium,Open,False
AML-000730,53621,979,827,C_979,191.63,1970-01-01 00:00:00.000000091,Verified,0,Low,No,740,37,High transaction frequency; Fan-out activity,Medium,Open,False
AML-000731,53858,978,473,C_978,135.33,1970-01-01 00:00:00.000000091,Pending,15,Low,No,761,39,High transaction frequency; Fan-out activity,Medium,Open,False
AML-000732,53859,978,452,C_978,135.33,1970-01-01 00:00:00.000000091,Pending,15,Low,No,761,39,High transaction frequency; Fan-out activity,Medium,Open,False
AML-000733,53860,978,233,C_978,135.33,1970-01-01 00:00:00.000000091,Pending,15,Low,No,761,39,High transaction frequency; Fan-out activity,Medium,Open,False
AML-000734,53861,978,454,C_978,135.33,1970-01-01 00:00:00.000000091,Pending,15,Low,No,761,39,High transaction frequency; Fan-out activity,Medium,Open,False
AML-000735,53862,978,971,C_978,135.33,1970-01-01 00:00:00.000000091,Pending,15,Low,No,761,39,High transaction frequency; Fan-out activity,Medium,Open,False
AML-000736,53863,978,993,C_978,135.33,1970-01-01 00:00:00.000000091,Pending,15,Low,No,761,39,High transaction frequency; Fan-out activity,Medium,Open,False
AML-000737,53864,978,894,C_978,135.33,1970-01-01 00:00:00.000000091,Pending,15,Low,No,761,39,High transaction frequency; Fan-out activity,Medium,Open,False
AML-000738,53865,978,598,C_978,135.33,1970-01-01 00:00:00.000000091,Pending,15,Low,No,761,39,High transaction frequency; Fan-out activity,Medium,Open,False
AML-000739,53866,978,235,C_978,135.33,1970-01-01 00:00:00.000000091,Pending,15,Low,No,761,39,High transaction frequency; Fan-out activity,Medium,Open,False
AML-000740,53867,978,775,C_978,135.33,1970-01-01 00:00:00.000000091,Pending,15,Low,No,761,39,High transaction frequency; Fan-out activity,Medium,Open,False
AML-000741,53868,978,511,C_978,135.33,1970-01-01 00:00:00.000000091,Pending,15,Low,No,761,39,High transaction frequency; Fan-out activity,Medium,Open,False
AML-000742,53869,978,974,C_978,135.33,1970-01-01 00:00:00.000000091,Pending,15,Low,No,761,39,High transaction frequency; Fan-out activity,Medium,Open,False
AML-000743,53870,978,732,C_978,135.33,1970-01-01 00:00:00.000000091,Pending,15,Low,No,761,39,High transaction frequency; Fan-out activity,Medium,Open,False
AML-000744,53871,978,832,C_978,135.33,1970-01-01 00:00:00.000000091,Pending,15,Low,No,761,39,High transaction frequency; Fan-out activity,Medium,Open,False
AML-000745,53872,978,854,C_978,135.33,1970-01-01 00:00:00.000000091,Pending,15,Low,No,761,39,High transaction frequency; Fan-out activity,Medium,Open,False
AML-000746,53873,978,997,C_978,135.33,1970-01-01 00:00:00.000000091,Pending,15,Low,No,761,39,High transaction frequency; Fan-out activity,Medium,Open,False
AML-000747,53874,978,755,C_978,135.33,1970-01-01 00:00:00.000000091,Pending,15,Low,No,761,39,High transaction frequency; Fan-out activity,Medium,Open,False
AML-000748,53875,978,998,C_978,135.33,1970-01-01 00:00:00.000000091,Pending,15,Low,No,761,39,High transaction frequency; Fan-out activity,Medium,Open,False
AML-000749,53876,978,812,C_978,135.33,1970-01-01 00:00:00.000000091,Pending,15,Low,No,761,39,High transaction frequency; Fan-out activity,Medium,Open,False
AML-000750,53877,978,636,C_978,135.33,1970-01-01 00:00:00.000000091,Pending,15,Low,No,761,39,High transaction frequency; Fan-out activity,Medium,Open,False
AML-000751,53878,978,736,C_978,135.33,1970-01-01 00:00:00.000000091,Pending,15,Low,No,761,39,High transaction frequency; Fan-out activity,Medium,Open,False
AML-000752,53879,978,814,C_978,135.33,1970-01-01 00:00:00.000000091,Pending,15,Low,No,761,39,High transaction frequency; Fan-out activity,Medium,Open,False
AML-000753,53880,978,836,C_978,135.33,1970-01-01 00:00:00.000000091,Pending,15,Low,No,761,39,High transaction frequency; Fan-out activity,Medium,Open,False
AML-000754,53881,978,936,C_978,135.33,1970-01-01 00:00:00.000000091,Pending,15,Low,No,761,39,High transaction frequency; Fan-out activity,Medium,Open,False
AML-000755,53882,978,937,C_978,135.33,1970-01-01 00:00:00.000000091,Pending,15,Low,No,761,39,High transaction frequency; Fan-out activity,Medium,Open,False
AML-000756,53883,978,818,C_978,135.33,1970-01-01 00:00:00.000000091,Pending,15,Low,No,761,39,High transaction frequency; Fan-out activity,Medium,Open,False
AML-000757,53884,978,918,C_978,135.33,1970-01-01 00:00:00.000000091,Pending,15,Low,No,761,39,High transaction frequency; Fan-out activity,Medium,Open,False
AML-000758,53885,978,682,C_978,135.33,1970-01-01 00:00:00.000000091,Pending,15,Low,No,761,39,High transaction frequency; Fan-out activity,Medium,Open,False
AML-000759,53886,978,222,C_978,135.33,1970-01-01 00:00:00.000000091,Pending,15,Low,No,761,39,High transaction frequency; Fan-out activity,Medium,Open,False
AML-000760,53887,978,641,C_978,135.33,1970-01-01 00:00:00.000000091,Pending,15,Low,No,761,39,High transaction frequency; Fan-out activity,Medium,Open,False
AML-000761,53888,978,985,C_978,135.33,1970-01-01 00:00:00.000000091,Pending,15,Low,No,761,39,High transaction frequency; Fan-out activity,Medium,Open,False
AML-000762,53889,978,248,C_978,135.33,1970-01-01 00:00:00.000000091,Pending,15,Low,No,761,39,High transaction frequency; Fan-out activity,Medium,Open,False
AML-000763,53890,978,645,C_978,135.33,1970-01-01 00:00:00.000000091,Pending,15,Low,No,761,39,High transaction frequency; Fan-out activity,Medium,Open,False
AML-000764,53891,978,942,C_978,135.33,1970-01-01 00:00:00.000000091,Pending,15,Low,No,761,39,High transaction frequency; Fan-out activity,Medium,Open,False
AML-000765,53892,978,986,C_978,135.33,1970-01-01 00:00:00.000000091,Pending,15,Low,No,761,39,High transaction frequency; Fan-out activity,Medium,Open,False
AML-000766,53893,978,944,C_978,135.33,1970-01-01 00:00:00.000000091,Pending,15,Low,No,761,39,High transaction frequency; Fan-out activity,Medium,Open,False
AML-000767,53894,978,649,C_978,135.33,1970-01-01 00:00:00.000000091,Pending,15,Low,No,761,39,High transaction frequency; Fan-out activity,Medium,Open,False
AML-000768,53895,978,906,C_978,135.33,1970-01-01 00:00:00.000000091,Pending,15,Low,No,761,39,High transaction frequency; Fan-out activity,Medium,Open,False
AML-000769,55599,329,762,C_329,117330.61,1970-01-01 00:00:00.000000094,Manual Review,70,High,Yes,14,6,High-risk customer activity,High,Open,False
AML-000770,58853,21,970,C_21,162920.7,1970-01-01 00:00:00.000000099,Verified,60,High,Yes,15,3,High-risk customer activity,High,Open,False
AML-000771,59401,978,473,C_978,135.33,1970-01-01 00:00:00.000000101,Pending,15,Low,No,761,39,High transaction frequency; Fan-out activity,Medium,Open,False
AML-000772,59402,978,452,C_978,135.33,1970-01-01 00:00:00.000000101,Pending,15,Low,No,761,39,High transaction frequency; Fan-out activity,Medium,Open,False
AML-000773,59403,978,233,C_978,135.33,1970-01-01 00:00:00.000000101,Pending,15,Low,No,761,39,High transaction frequency; Fan-out activity,Medium,Open,False
AML-000774,59404,978,454,C_978,135.33,1970-01-01 00:00:00.000000101,Pending,15,Low,No,761,39,High transaction frequency; Fan-out activity,Medium,Open,False
AML-000775,59405,978,971,C_978,135.33,1970-01-01 00:00:00.000000101,Pending,15,Low,No,761,39,High transaction frequency; Fan-out activity,Medium,Open,False
AML-000776,59406,978,993,C_978,135.33,1970-01-01 00:00:00.000000101,Pending,15,Low,No,761,39,High transaction frequency; Fan-out activity,Medium,Open,False
AML-000777,59407,978,894,C_978,135.33,1970-01-01 00:00:00.000000101,Pending,15,Low,No,761,39,High transaction frequency; Fan-out activity,Medium,Open,False
AML-000778,59408,978,598,C_978,135.33,1970-01-01 00:00:00.000000101,Pending,15,Low,No,761,39,High transaction frequency; Fan-out activity,Medium,Open,False
AML-000779,59409,978,235,C_978,135.33,1970-01-01 00:00:00.000000101,Pending,15,Low,No,761,39,High transaction frequency; Fan-out activity,Medium,Open,False
AML-000780,59410,978,775,C_978,135.33,1970-01-01 00:00:00.000000101,Pending,15,Low,No,761,39,High transaction frequency; Fan-out activity,Medium,Open,False
AML-000781,59411,978,511,C_978,135.33,1970-01-01 00:00:00.000000101,Pending,15,Low,No,761,39,High transaction frequency; Fan-out activity,Medium,Open,False
AML-000782,59412,978,974,C_978,135.33,1970-01-01 00:00:00.000000101,Pending,15,Low,No,761,39,High transaction frequency; Fan-out activity,Medium,Open,False
AML-000783,59413,978,732,C_978,135.33,1970-01-01 00:00:00.000000101,Pending,15,Low,No,761,39,High transaction frequency; Fan-out activity,Medium,Open,False
AML-000784,59414,978,832,C_978,135.33,1970-01-01 00:00:00.000000101,Pending,15,Low,No,761,39,High transaction frequency; Fan-out activity,Medium,Open,False
AML-000785,59415,978,854,C_978,135.33,1970-01-01 00:00:00.000000101,Pending,15,Low,No,761,39,High transaction frequency; Fan-out activity,Medium,Open,False
AML-000786,59416,978,997,C_978,135.33,1970-01-01 00:00:00.000000101,Pending,15,Low,No,761,39,High transaction frequency; Fan-out activity,Medium,Open,False
AML-000787,59417,978,755,C_978,135.33,1970-01-01 00:00:00.000000101,Pending,15,Low,No,761,39,High transaction frequency; Fan-out activity,Medium,Open,False
AML-000788,59418,978,998,C_978,135.33,1970-01-01 00:00:00.000000101,Pending,15,Low,No,761,39,High transaction frequency; Fan-out activity,Medium,Open,False
AML-000789,59419,978,812,C_978,135.33,1970-01-01 00:00:00.000000101,Pending,15,Low,No,761,39,High transaction frequency; Fan-out activity,Medium,Open,False
AML-000790,59420,978,636,C_978,135.33,1970-01-01 00:00:00.000000101,Pending,15,Low,No,761,39,High transaction frequency; Fan-out activity,Medium,Open,False
AML-000791,59421,978,736,C_978,135.33,1970-01-01 00:00:00.000000101,Pending,15,Low,No,761,39,High transaction frequency; Fan-out activity,Medium,Open,False
AML-000792,59422,978,814,C_978,135.33,1970-01-01 00:00:00.000000101,Pending,15,Low,No,761,39,High transaction frequency; Fan-out activity,Medium,Open,False
AML-000793,59423,978,836,C_978,135.33,1970-01-01 00:00:00.000000101,Pending,15,Low,No,761,39,High transaction frequency; Fan-out activity,Medium,Open,False
AML-000794,59424,978,936,C_978,135.33,1970-01-01 00:00:00.000000101,Pending,15,Low,No,761,39,High transaction frequency; Fan-out activity,Medium,Open,False
AML-000795,59425,978,937,C_978,135.33,1970-01-01 00:00:00.000000101,Pending,15,Low,No,761,39,High transaction frequency; Fan-out activity,Medium,Open,False
AML-000796,59426,978,818,C_978,135.33,1970-01-01 00:00:00.000000101,Pending,15,Low,No,761,39,High transaction frequency; Fan-out activity,Medium,Open,False
AML-000797,59427,978,918,C_978,135.33,1970-01-01 00:00:00.000000101,Pending,15,Low,No,761,39,High transaction frequency; Fan-out activity,Medium,Open,False
AML-000798,59428,978,682,C_978,135.33,1970-01-01 00:00:00.000000101,Pending,15,Low,No,761,39,High transaction frequency; Fan-out activity,Medium,Open,False
AML-000799,59429,978,222,C_978,135.33,1970-01-01 00:00:00.000000101,Pending,15,Low,No,761,39,High transaction frequency; Fan-out activity,Medium,Open,False
AML-000800,59430,978,641,C_978,135.33,1970-01-01 00:00:00.000000101,Pending,15,Low,No,761,39,High transaction frequency; Fan-out activity,Medium,Open,False
AML-000801,59431,978,985,C_978,135.33,1970-01-01 00:00:00.000000101,Pending,15,Low,No,761,39,High transaction frequency; Fan-out activity,Medium,Open,False
AML-000802,59432,978,248,C_978,135.33,1970-01-01 00:00:00.000000101,Pending,15,Low,No,761,39,High transaction frequency; Fan-out activity,Medium,Open,False
AML-000803,59433,978,645,C_978,135.33,1970-01-01 00:00:00.000000101,Pending,15,Low,No,761,39,High transaction frequency; Fan-out activity,Medium,Open,False
AML-000804,59434,978,942,C_978,135.33,1970-01-01 00:00:00.000000101,Pending,15,Low,No,761,39,High transaction frequency; Fan-out activity,Medium,Open,False
AML-000805,59435,978,986,C_978,135.33,1970-01-01 00:00:00.000000101,Pending,15,Low,No,761,39,High transaction frequency; Fan-out activity,Medium,Open,False
AML-000806,59436,978,944,C_978,135.33,1970-01-01 00:00:00.000000101,Pending,15,Low,No,761,39,High transaction frequency; Fan-out activity,Medium,Open,False
AML-000807,59437,978,649,C_978,135.33,1970-01-01 00:00:00.000000101,Pending,15,Low,No,761,39,High transaction frequency; Fan-out activity,Medium,Open,False
AML-000808,59438,978,906,C_978,135.33,1970-01-01 00:00:00.000000101,Pending,15,Low,No,761,39,High transaction frequency; Fan-out activity,Medium,Open,False
AML-000809,59952,979,153,C_979,191.63,1970-01-01 00:00:00.000000101,Verified,0,Low,No,740,37,High transaction frequency; Fan-out activity,Medium,Open,False
AML-000810,59953,979,891,C_979,191.63,1970-01-01 00:00:00.000000101,Verified,0,Low,No,740,37,High transaction frequency; Fan-out activity,Medium,Open,False
AML-000811,59954,979,793,C_979,191.63,1970-01-01 00:00:00.000000101,Verified,0,Low,No,740,37,High transaction frequency; Fan-out activity,Medium,Open,False
AML-000812,59955,979,892,C_979,191.63,1970-01-01 00:00:00.000000101,Verified,0,Low,No,740,37,High transaction frequency; Fan-out activity,Medium,Open,False
AML-000813,59956,979,970,C_979,191.63,1970-01-01 00:00:00.000000101,Verified,0,Low,No,740,37,High transaction frequency; Fan-out activity,Medium,Open,False
AML-000814,59957,979,354,C_979,191.63,1970-01-01 00:00:00.000000101,Verified,0,Low,No,740,37,High transaction frequency; Fan-out activity,Medium,Open,False
AML-000815,59958,979,993,C_979,191.63,1970-01-01 00:00:00.000000101,Verified,0,Low,No,740,37,High transaction frequency; Fan-out activity,Medium,Open,False
AML-000816,59959,979,851,C_979,191.63,1970-01-01 00:00:00.000000101,Verified,0,Low,No,740,37,High transaction frequency; Fan-out activity,Medium,Open,False
AML-000817,59960,979,994,C_979,191.63,1970-01-01 00:00:00.000000101,Verified,0,Low,No,740,37,High transaction frequency; Fan-out activity,Medium,Open,False
AML-000818,59961,979,631,C_979,191.63,1970-01-01 00:00:00.000000101,Verified,0,Low,No,740,37,High transaction frequency; Fan-out activity,Medium,Open,False
AML-000819,59962,979,995,C_979,191.63,1970-01-01 00:00:00.000000101,Verified,0,Low,No,740,37,High transaction frequency; Fan-out activity,Medium,Open,False
AML-000820,59963,979,435,C_979,191.63,1970-01-01 00:00:00.000000101,Verified,0,Low,No,740,37,High transaction frequency; Fan-out activity,Medium,Open,False
AML-000821,59964,979,974,C_979,191.63,1970-01-01 00:00:00.000000101,Verified,0,Low,No,740,37,High transaction frequency; Fan-out activity,Medium,Open,False
AML-000822,59965,979,732,C_979,191.63,1970-01-01 00:00:00.000000101,Verified,0,Low,No,740,37,High transaction frequency; Fan-out activity,Medium,Open,False
AML-000823,59966,979,754,C_979,191.63,1970-01-01 00:00:00.000000101,Verified,0,Low,No,740,37,High transaction frequency; Fan-out activity,Medium,Open,False
AML-000824,59967,979,953,C_979,191.63,1970-01-01 00:00:00.000000101,Verified,0,Low,No,740,37,High transaction frequency; Fan-out activity,Medium,Open,False
AML-000825,59968,979,315,C_979,191.63,1970-01-01 00:00:00.000000101,Verified,0,Low,No,740,37,High transaction frequency; Fan-out activity,Medium,Open,False
AML-000826,59969,979,317,C_979,191.63,1970-01-01 00:00:00.000000101,Verified,0,Low,No,740,37,High transaction frequency; Fan-out activity,Medium,Open,False
AML-000827,59970,979,934,C_979,191.63,1970-01-01 00:00:00.000000101,Verified,0,Low,No,740,37,High transaction frequency; Fan-out activity,Medium,Open,False
AML-000828,59971,979,978,C_979,191.63,1970-01-01 00:00:00.000000101,Verified,0,Low,No,740,37,High transaction frequency; Fan-out activity,Medium,Open,False
AML-000829,59972,979,282,C_979,191.63,1970-01-01 00:00:00.000000101,Verified,0,Low,No,740,37,High transaction frequency; Fan-out activity,Medium,Open,False
AML-000830,59973,979,262,C_979,191.63,1970-01-01 00:00:00.000000101,Verified,0,Low,No,740,37,High transaction frequency; Fan-out activity,Medium,Open,False
AML-000831,59974,979,185,C_979,191.63,1970-01-01 00:00:00.000000101,Verified,0,Low,No,740,37,High transaction frequency; Fan-out activity,Medium,Open,False
AML-000832,59975,979,384,C_979,191.63,1970-01-01 00:00:00.000000101,Verified,0,Low,No,740,37,High transaction frequency; Fan-out activity,Medium,Open,False
AML-000833,59976,979,164,C_979,191.63,1970-01-01 00:00:00.000000101,Verified,0,Low,No,740,37,High transaction frequency; Fan-out activity,Medium,Open,False
AML-000834,59977,979,241,C_979,191.63,1970-01-01 00:00:00.000000101,Verified,0,Low,No,740,37,High transaction frequency; Fan-out activity,Medium,Open,False
AML-000835,59978,979,760,C_979,191.63,1970-01-01 00:00:00.000000101,Verified,0,Low,No,740,37,High transaction frequency; Fan-out activity,Medium,Open,False
AML-000836,59979,979,167,C_979,191.63,1970-01-01 00:00:00.000000101,Verified,0,Low,No,740,37,High transaction frequency; Fan-out activity,Medium,Open,False
AML-000837,59980,979,861,C_979,191.63,1970-01-01 00:00:00.000000101,Verified,0,Low,No,740,37,High transaction frequency; Fan-out activity,Medium,Open,False
AML-000838,59981,979,245,C_979,191.63,1970-01-01 00:00:00.000000101,Verified,0,Low,No,740,37,High transaction frequency; Fan-out activity,Medium,Open,False
AML-000839,59982,979,962,C_979,191.63,1970-01-01 00:00:00.000000101,Verified,0,Low,No,740,37,High transaction frequency; Fan-out activity,Medium,Open,False
AML-000840,59983,979,622,C_979,191.63,1970-01-01 00:00:00.000000101,Verified,0,Low,No,740,37,High transaction frequency; Fan-out activity,Medium,Open,False
AML-000841,59984,979,987,C_979,191.63,1970-01-01 00:00:00.000000101,Verified,0,Low,No,740,37,High transaction frequency; Fan-out activity,Medium,Open,False
AML-000842,59985,979,867,C_979,191.63,1970-01-01 00:00:00.000000101,Verified,0,Low,No,740,37,High transaction frequency; Fan-out activity,Medium,Open,False
AML-000843,59986,979,726,C_979,191.63,1970-01-01 00:00:00.000000101,Verified,0,Low,No,740,37,High transaction frequency; Fan-out activity,Medium,Open,False
AML-000844,59987,979,947,C_979,191.63,1970-01-01 00:00:00.000000101,Verified,0,Low,No,740,37,High transaction frequency; Fan-out activity,Medium,Open,False
AML-000845,59988,979,827,C_979,191.63,1970-01-01 00:00:00.000000101,Verified,0,Low,No,740,37,High transaction frequency; Fan-out activity,Medium,Open,False
AML-000846,60285,130,302,C_130,213151.09,1970-01-01 00:00:00.000000102,Rejected,60,High,Yes,18,5,High-risk customer activity,High,Open,False
AML-000847,64244,21,180,C_21,161802.31,1970-01-01 00:00:00.000000108,Verified,60,High,Yes,15,3,High-risk customer activity,High,Open,False
AML-000848,65052,130,215,C_130,340687.06,1970-01-01 00:00:00.000000110,Rejected,60,High,Yes,18,5,High-risk customer activity,High,Open,False
AML-000849,65397,979,153,C_979,191.63,1970-01-01 00:00:00.000000111,Verified,0,Low,No,740,37,High transaction frequency; Fan-out activity,Medium,Open,False
AML-000850,65398,979,891,C_979,191.63,1970-01-01 00:00:00.000000111,Verified,0,Low,No,740,37,High transaction frequency; Fan-out activity,Medium,Open,False
AML-000851,65399,979,793,C_979,191.63,1970-01-01 00:00:00.000000111,Verified,0,Low,No,740,37,High transaction frequency; Fan-out activity,Medium,Open,False
AML-000852,65400,979,892,C_979,191.63,1970-01-01 00:00:00.000000111,Verified,0,Low,No,740,37,High transaction frequency; Fan-out activity,Medium,Open,False
AML-000853,65401,979,970,C_979,191.63,1970-01-01 00:00:00.000000111,Verified,0,Low,No,740,37,High transaction frequency; Fan-out activity,Medium,Open,False
AML-000854,65402,979,354,C_979,191.63,1970-01-01 00:00:00.000000111,Verified,0,Low,No,740,37,High transaction frequency; Fan-out activity,Medium,Open,False
AML-000855,65403,979,993,C_979,191.63,1970-01-01 00:00:00.000000111,Verified,0,Low,No,740,37,High transaction frequency; Fan-out activity,Medium,Open,False
AML-000856,65404,979,851,C_979,191.63,1970-01-01 00:00:00.000000111,Verified,0,Low,No,740,37,High transaction frequency; Fan-out activity,Medium,Open,False
AML-000857,65405,979,994,C_979,191.63,1970-01-01 00:00:00.000000111,Verified,0,Low,No,740,37,High transaction frequency; Fan-out activity,Medium,Open,False
AML-000858,65406,979,631,C_979,191.63,1970-01-01 00:00:00.000000111,Verified,0,Low,No,740,37,High transaction frequency; Fan-out activity,Medium,Open,False
AML-000859,65407,979,995,C_979,191.63,1970-01-01 00:00:00.000000111,Verified,0,Low,No,740,37,High transaction frequency; Fan-out activity,Medium,Open,False
AML-000860,65408,979,435,C_979,191.63,1970-01-01 00:00:00.000000111,Verified,0,Low,No,740,37,High transaction frequency; Fan-out activity,Medium,Open,False
AML-000861,65409,979,974,C_979,191.63,1970-01-01 00:00:00.000000111,Verified,0,Low,No,740,37,High transaction frequency; Fan-out activity,Medium,Open,False
AML-000862,65410,979,732,C_979,191.63,1970-01-01 00:00:00.000000111,Verified,0,Low,No,740,37,High transaction frequency; Fan-out activity,Medium,Open,False
AML-000863,65411,979,754,C_979,191.63,1970-01-01 00:00:00.000000111,Verified,0,Low,No,740,37,High transaction frequency; Fan-out activity,Medium,Open,False
AML-000864,65412,979,953,C_979,191.63,1970-01-01 00:00:00.000000111,Verified,0,Low,No,740,37,High transaction frequency; Fan-out activity,Medium,Open,False
AML-000865,65413,979,315,C_979,191.63,1970-01-01 00:00:00.000000111,Verified,0,Low,No,740,37,High transaction frequency; Fan-out activity,Medium,Open,False
AML-000866,65414,979,317,C_979,191.63,1970-01-01 00:00:00.000000111,Verified,0,Low,No,740,37,High transaction frequency; Fan-out activity,Medium,Open,False
AML-000867,65415,979,934,C_979,191.63,1970-01-01 00:00:00.000000111,Verified,0,Low,No,740,37,High transaction frequency; Fan-out activity,Medium,Open,False
AML-000868,65416,979,978,C_979,191.63,1970-01-01 00:00:00.000000111,Verified,0,Low,No,740,37,High transaction frequency; Fan-out activity,Medium,Open,False
AML-000869,65417,979,282,C_979,191.63,1970-01-01 00:00:00.000000111,Verified,0,Low,No,740,37,High transaction frequency; Fan-out activity,Medium,Open,False
AML-000870,65418,979,262,C_979,191.63,1970-01-01 00:00:00.000000111,Verified,0,Low,No,740,37,High transaction frequency; Fan-out activity,Medium,Open,False
AML-000871,65419,979,185,C_979,191.63,1970-01-01 00:00:00.000000111,Verified,0,Low,No,740,37,High transaction frequency; Fan-out activity,Medium,Open,False
AML-000872,65420,979,384,C_979,191.63,1970-01-01 00:00:00.000000111,Verified,0,Low,No,740,37,High transaction frequency; Fan-out activity,Medium,Open,False
AML-000873,65421,979,164,C_979,191.63,1970-01-01 00:00:00.000000111,Verified,0,Low,No,740,37,High transaction frequency; Fan-out activity,Medium,Open,False
AML-000874,65422,979,241,C_979,191.63,1970-01-01 00:00:00.000000111,Verified,0,Low,No,740,37,High transaction frequency; Fan-out activity,Medium,Open,False
AML-000875,65423,979,760,C_979,191.63,1970-01-01 00:00:00.000000111,Verified,0,Low,No,740,37,High transaction frequency; Fan-out activity,Medium,Open,False
AML-000876,65424,979,167,C_979,191.63,1970-01-01 00:00:00.000000111,Verified,0,Low,No,740,37,High transaction frequency; Fan-out activity,Medium,Open,False
AML-000877,65425,979,861,C_979,191.63,1970-01-01 00:00:00.000000111,Verified,0,Low,No,740,37,High transaction frequency; Fan-out activity,Medium,Open,False
AML-000878,65426,979,245,C_979,191.63,1970-01-01 00:00:00.000000111,Verified,0,Low,No,740,37,High transaction frequency; Fan-out activity,Medium,Open,False
AML-000879,65427,979,962,C_979,191.63,1970-01-01 00:00:00.000000111,Verified,0,Low,No,740,37,High transaction frequency; Fan-out activity,Medium,Open,False
AML-000880,65428,979,622,C_979,191.63,1970-01-01 00:00:00.000000111,Verified,0,Low,No,740,37,High transaction frequency; Fan-out activity,Medium,Open,False
AML-000881,65429,979,987,C_979,191.63,1970-01-01 00:00:00.000000111,Verified,0,Low,No,740,37,High transaction frequency; Fan-out activity,Medium,Open,False
AML-000882,65430,979,867,C_979,191.63,1970-01-01 00:00:00.000000111,Verified,0,Low,No,740,37,High transaction frequency; Fan-out activity,Medium,Open,False
AML-000883,65431,979,726,C_979,191.63,1970-01-01 00:00:00.000000111,Verified,0,Low,No,740,37,High transaction frequency; Fan-out activity,Medium,Open,False
AML-000884,65432,979,947,C_979,191.63,1970-01-01 00:00:00.000000111,Verified,0,Low,No,740,37,High transaction frequency; Fan-out activity,Medium,Open,False
AML-000885,65433,979,827,C_979,191.63,1970-01-01 00:00:00.000000111,Verified,0,Low,No,740,37,High transaction frequency; Fan-out activity,Medium,Open,False
AML-000886,65593,978,473,C_978,135.33,1970-01-01 00:00:00.000000111,Pending,15,Low,No,761,39,High transaction frequency; Fan-out activity,Medium,Open,False
AML-000887,65594,978,452,C_978,135.33,1970-01-01 00:00:00.000000111,Pending,15,Low,No,761,39,High transaction frequency; Fan-out activity,Medium,Open,False
AML-000888,65595,978,233,C_978,135.33,1970-01-01 00:00:00.000000111,Pending,15,Low,No,761,39,High transaction frequency; Fan-out activity,Medium,Open,False
AML-000889,65596,978,454,C_978,135.33,1970-01-01 00:00:00.000000111,Pending,15,Low,No,761,39,High transaction frequency; Fan-out activity,Medium,Open,False
AML-000890,65597,978,971,C_978,135.33,1970-01-01 00:00:00.000000111,Pending,15,Low,No,761,39,High transaction frequency; Fan-out activity,Medium,Open,False
AML-000891,65598,978,993,C_978,135.33,1970-01-01 00:00:00.000000111,Pending,15,Low,No,761,39,High transaction frequency; Fan-out activity,Medium,Open,False
AML-000892,65599,978,894,C_978,135.33,1970-01-01 00:00:00.000000111,Pending,15,Low,No,761,39,High transaction frequency; Fan-out activity,Medium,Open,False
AML-000893,65600,978,598,C_978,135.33,1970-01-01 00:00:00.000000111,Pending,15,Low,No,761,39,High transaction frequency; Fan-out activity,Medium,Open,False
AML-000894,65601,978,235,C_978,135.33,1970-01-01 00:00:00.000000111,Pending,15,Low,No,761,39,High transaction frequency; Fan-out activity,Medium,Open,False
AML-000895,65602,978,775,C_978,135.33,1970-01-01 00:00:00.000000111,Pending,15,Low,No,761,39,High transaction frequency; Fan-out activity,Medium,Open,False
AML-000896,65603,978,511,C_978,135.33,1970-01-01 00:00:00.000000111,Pending,15,Low,No,761,39,High transaction frequency; Fan-out activity,Medium,Open,False
AML-000897,65604,978,974,C_978,135.33,1970-01-01 00:00:00.000000111,Pending,15,Low,No,761,39,High transaction frequency; Fan-out activity,Medium,Open,False
AML-000898,65605,978,732,C_978,135.33,1970-01-01 00:00:00.000000111,Pending,15,Low,No,761,39,High transaction frequency; Fan-out activity,Medium,Open,False
AML-000899,65606,978,832,C_978,135.33,1970-01-01 00:00:00.000000111,Pending,15,Low,No,761,39,High transaction frequency; Fan-out activity,Medium,Open,False
AML-000900,65607,978,854,C_978,135.33,1970-01-01 00:00:00.000000111,Pending,15,Low,No,761,39,High transaction frequency; Fan-out activity,Medium,Open,False
AML-000901,65608,978,997,C_978,135.33,1970-01-01 00:00:00.000000111,Pending,15,Low,No,761,39,High transaction frequency; Fan-out activity,Medium,Open,False
AML-000902,65609,978,755,C_978,135.33,1970-01-01 00:00:00.000000111,Pending,15,Low,No,761,39,High transaction frequency; Fan-out activity,Medium,Open,False
AML-000903,65610,978,998,C_978,135.33,1970-01-01 00:00:00.000000111,Pending,15,Low,No,761,39,High transaction frequency; Fan-out activity,Medium,Open,False
AML-000904,65611,978,812,C_978,135.33,1970-01-01 00:00:00.000000111,Pending,15,Low,No,761,39,High transaction frequency; Fan-out activity,Medium,Open,False
AML-000905,65612,978,636,C_978,135.33,1970-01-01 00:00:00.000000111,Pending,15,Low,No,761,39,High transaction frequency; Fan-out activity,Medium,Open,False
AML-000906,65613,978,736,C_978,135.33,1970-01-01 00:00:00.000000111,Pending,15,Low,No,761,39,High transaction frequency; Fan-out activity,Medium,Open,False
AML-000907,65614,978,814,C_978,135.33,1970-01-01 00:00:00.000000111,Pending,15,Low,No,761,39,High transaction frequency; Fan-out activity,Medium,Open,False
AML-000908,65615,978,836,C_978,135.33,1970-01-01 00:00:00.000000111,Pending,15,Low,No,761,39,High transaction frequency; Fan-out activity,Medium,Open,False
AML-000909,65616,978,936,C_978,135.33,1970-01-01 00:00:00.000000111,Pending,15,Low,No,761,39,High transaction frequency; Fan-out activity,Medium,Open,False
AML-000910,65617,978,937,C_978,135.33,1970-01-01 00:00:00.000000111,Pending,15,Low,No,761,39,High transaction frequency; Fan-out activity,Medium,Open,False
AML-000911,65618,978,818,C_978,135.33,1970-01-01 00:00:00.000000111,Pending,15,Low,No,761,39,High transaction frequency; Fan-out activity,Medium,Open,False
AML-000912,65619,978,918,C_978,135.33,1970-01-01 00:00:00.000000111,Pending,15,Low,No,761,39,High transaction frequency; Fan-out activity,Medium,Open,False
AML-000913,65620,978,682,C_978,135.33,1970-01-01 00:00:00.000000111,Pending,15,Low,No,761,39,High transaction frequency; Fan-out activity,Medium,Open,False
AML-000914,65621,978,222,C_978,135.33,1970-01-01 00:00:00.000000111,Pending,15,Low,No,761,39,High transaction frequency; Fan-out activity,Medium,Open,False
AML-000915,65622,978,641,C_978,135.33,1970-01-01 00:00:00.000000111,Pending,15,Low,No,761,39,High transaction frequency; Fan-out activity,Medium,Open,False
AML-000916,65623,978,985,C_978,135.33,1970-01-01 00:00:00.000000111,Pending,15,Low,No,761,39,High transaction frequency; Fan-out activity,Medium,Open,False
AML-000917,65624,978,248,C_978,135.33,1970-01-01 00:00:00.000000111,Pending,15,Low,No,761,39,High transaction frequency; Fan-out activity,Medium,Open,False
AML-000918,65625,978,645,C_978,135.33,1970-01-01 00:00:00.000000111,Pending,15,Low,No,761,39,High transaction frequency; Fan-out activity,Medium,Open,False
AML-000919,65626,978,942,C_978,135.33,1970-01-01 00:00:00.000000111,Pending,15,Low,No,761,39,High transaction frequency; Fan-out activity,Medium,Open,False
AML-000920,65627,978,986,C_978,135.33,1970-01-01 00:00:00.000000111,Pending,15,Low,No,761,39,High transaction frequency; Fan-out activity,Medium,Open,False
AML-000921,65628,978,944,C_978,135.33,1970-01-01 00:00:00.000000111,Pending,15,Low,No,761,39,High transaction frequency; Fan-out activity,Medium,Open,False
AML-000922,65629,978,649,C_978,135.33,1970-01-01 00:00:00.000000111,Pending,15,Low,No,761,39,High transaction frequency; Fan-out activity,Medium,Open,False
AML-000923,65630,978,906,C_978,135.33,1970-01-01 00:00:00.000000111,Pending,15,Low,No,761,39,High transaction frequency; Fan-out activity,Medium,Open,False
AML-000924,66436,229,726,C_229,522948.5,1970-01-01 00:00:00.000000113,Verified,20,Low,No,27,5,Large transaction,High,Open,False
AML-000925,66707,126,477,C_126,477055.96,1970-01-01 00:00:00.000000113,Verified,0,Low,No,23,4,Large transaction,High,Open,False
AML-000926,66805,328,600,C_328,492739.75,1970-01-01 00:00:00.000000113,Verified,0,Low,No,24,6,Large transaction,High,Open,False
AML-000927,67207,229,691,C_229,551620.37,1970-01-01 00:00:00.000000114,Verified,20,Low,No,27,5,Large transaction,High,Open,False
AML-000928,68131,329,225,C_329,258920.6,1970-01-01 00:00:00.000000115,Manual Review,70,High,Yes,14,6,High-risk customer activity,High,Open,False
AML-000929,68603,329,545,C_329,258970.82,1970-01-01 00:00:00.000000116,Manual Review,70,High,Yes,14,6,High-risk customer activity,High,Open,False
AML-000930,69578,20,142,C_20,536264.62,1970-01-01 00:00:00.000000118,Verified,0,Low,No,29,2,Large transaction,High,Open,False
AML-000931,69997,130,131,C_130,393542.06,1970-01-01 00:00:00.000000119,Rejected,60,High,Yes,18,5,High-risk customer activity,High,Open,False
AML-000932,70443,537,984,C_537,461926.34,1970-01-01 00:00:00.000000119,Verified,0,Low,No,16,8,Large transaction,High,Open,False
AML-000933,70669,130,993,C_130,472509.09,1970-01-01 00:00:00.000000120,Rejected,60,High,Yes,18,5,Large transaction; High-risk customer activity,High,Open,False
AML-000934,70761,34,993,C_34,597014.68,1970-01-01 00:00:00.000000120,Pending,15,Low,No,29,3,Large transaction,High,Open,False
AML-000935,71072,979,153,C_979,191.63,1970-01-01 00:00:00.000000121,Verified,0,Low,No,740,37,High transaction frequency; Fan-out activity,Medium,Open,False
AML-000936,71073,979,891,C_979,191.63,1970-01-01 00:00:00.000000121,Verified,0,Low,No,740,37,High transaction frequency; Fan-out activity,Medium,Open,False
AML-000937,71074,979,793,C_979,191.63,1970-01-01 00:00:00.000000121,Verified,0,Low,No,740,37,High transaction frequency; Fan-out activity,Medium,Open,False
AML-000938,71075,979,892,C_979,191.63,1970-01-01 00:00:00.000000121,Verified,0,Low,No,740,37,High transaction frequency; Fan-out activity,Medium,Open,False
AML-000939,71076,979,970,C_979,191.63,1970-01-01 00:00:00.000000121,Verified,0,Low,No,740,37,High transaction frequency; Fan-out activity,Medium,Open,False
AML-000940,71077,979,354,C_979,191.63,1970-01-01 00:00:00.000000121,Verified,0,Low,No,740,37,High transaction frequency; Fan-out activity,Medium,Open,False
AML-000941,71078,979,993,C_979,191.63,1970-01-01 00:00:00.000000121,Verified,0,Low,No,740,37,High transaction frequency; Fan-out activity,Medium,Open,False
AML-000942,71079,979,851,C_979,191.63,1970-01-01 00:00:00.000000121,Verified,0,Low,No,740,37,High transaction frequency; Fan-out activity,Medium,Open,False
AML-000943,71080,979,994,C_979,191.63,1970-01-01 00:00:00.000000121,Verified,0,Low,No,740,37,High transaction frequency; Fan-out activity,Medium,Open,False
AML-000944,71081,979,631,C_979,191.63,1970-01-01 00:00:00.000000121,Verified,0,Low,No,740,37,High transaction frequency; Fan-out activity,Medium,Open,False
AML-000945,71082,979,995,C_979,191.63,1970-01-01 00:00:00.000000121,Verified,0,Low,No,740,37,High transaction frequency; Fan-out activity,Medium,Open,False
AML-000946,71083,979,435,C_979,191.63,1970-01-01 00:00:00.000000121,Verified,0,Low,No,740,37,High transaction frequency; Fan-out activity,Medium,Open,False
AML-000947,71084,979,974,C_979,191.63,1970-01-01 00:00:00.000000121,Verified,0,Low,No,740,37,High transaction frequency; Fan-out activity,Medium,Open,False
AML-000948,71085,979,732,C_979,191.63,1970-01-01 00:00:00.000000121,Verified,0,Low,No,740,37,High transaction frequency; Fan-out activity,Medium,Open,False
AML-000949,71086,979,754,C_979,191.63,1970-01-01 00:00:00.000000121,Verified,0,Low,No,740,37,High transaction frequency; Fan-out activity,Medium,Open,False
AML-000950,71087,979,953,C_979,191.63,1970-01-01 00:00:00.000000121,Verified,0,Low,No,740,37,High transaction frequency; Fan-out activity,Medium,Open,False
AML-000951,71088,979,315,C_979,191.63,1970-01-01 00:00:00.000000121,Verified,0,Low,No,740,37,High transaction frequency; Fan-out activity,Medium,Open,False
AML-000952,71089,979,317,C_979,191.63,1970-01-01 00:00:00.000000121,Verified,0,Low,No,740,37,High transaction frequency; Fan-out activity,Medium,Open,False
AML-000953,71090,979,934,C_979,191.63,1970-01-01 00:00:00.000000121,Verified,0,Low,No,740,37,High transaction frequency; Fan-out activity,Medium,Open,False
AML-000954,71091,979,978,C_979,191.63,1970-01-01 00:00:00.000000121,Verified,0,Low,No,740,37,High transaction frequency; Fan-out activity,Medium,Open,False
AML-000955,71092,979,282,C_979,191.63,1970-01-01 00:00:00.000000121,Verified,0,Low,No,740,37,High transaction frequency; Fan-out activity,Medium,Open,False
AML-000956,71093,979,262,C_979,191.63,1970-01-01 00:00:00.000000121,Verified,0,Low,No,740,37,High transaction frequency; Fan-out activity,Medium,Open,False
AML-000957,71094,979,185,C_979,191.63,1970-01-01 00:00:00.000000121,Verified,0,Low,No,740,37,High transaction frequency; Fan-out activity,Medium,Open,False
AML-000958,71095,979,384,C_979,191.63,1970-01-01 00:00:00.000000121,Verified,0,Low,No,740,37,High transaction frequency; Fan-out activity,Medium,Open,False
AML-000959,71096,979,164,C_979,191.63,1970-01-01 00:00:00.000000121,Verified,0,Low,No,740,37,High transaction frequency; Fan-out activity,Medium,Open,False
AML-000960,71097,979,241,C_979,191.63,1970-01-01 00:00:00.000000121,Verified,0,Low,No,740,37,High transaction frequency; Fan-out activity,Medium,Open,False
AML-000961,71098,979,760,C_979,191.63,1970-01-01 00:00:00.000000121,Verified,0,Low,No,740,37,High transaction frequency; Fan-out activity,Medium,Open,False
AML-000962,71099,979,167,C_979,191.63,1970-01-01 00:00:00.000000121,Verified,0,Low,No,740,37,High transaction frequency; Fan-out activity,Medium,Open,False
AML-000963,71100,979,861,C_979,191.63,1970-01-01 00:00:00.000000121,Verified,0,Low,No,740,37,High transaction frequency; Fan-out activity,Medium,Open,False
AML-000964,71101,979,245,C_979,191.63,1970-01-01 00:00:00.000000121,Verified,0,Low,No,740,37,High transaction frequency; Fan-out activity,Medium,Open,False
AML-000965,71102,979,962,C_979,191.63,1970-01-01 00:00:00.000000121,Verified,0,Low,No,740,37,High transaction frequency; Fan-out activity,Medium,Open,False
AML-000966,71103,979,622,C_979,191.63,1970-01-01 00:00:00.000000121,Verified,0,Low,No,740,37,High transaction frequency; Fan-out activity,Medium,Open,False
AML-000967,71104,979,987,C_979,191.63,1970-01-01 00:00:00.000000121,Verified,0,Low,No,740,37,High transaction frequency; Fan-out activity,Medium,Open,False
AML-000968,71105,979,867,C_979,191.63,1970-01-01 00:00:00.000000121,Verified,0,Low,No,740,37,High transaction frequency; Fan-out activity,Medium,Open,False
AML-000969,71106,979,726,C_979,191.63,1970-01-01 00:00:00.000000121,Verified,0,Low,No,740,37,High transaction frequency; Fan-out activity,Medium,Open,False
AML-000970,71107,979,947,C_979,191.63,1970-01-01 00:00:00.000000121,Verified,0,Low,No,740,37,High transaction frequency; Fan-out activity,Medium,Open,False
AML-000971,71108,979,827,C_979,191.63,1970-01-01 00:00:00.000000121,Verified,0,Low,No,740,37,High transaction frequency; Fan-out activity,Medium,Open,False
AML-000972,71135,229,927,C_229,656867.37,1970-01-01 00:00:00.000000121,Verified,20,Low,No,27,5,Large transaction,High,Open,False
AML-000973,71398,978,473,C_978,135.33,1970-01-01 00:00:00.000000121,Pending,15,Low,No,761,39,High transaction frequency; Fan-out activity,Medium,Open,False
AML-000974,71399,978,452,C_978,135.33,1970-01-01 00:00:00.000000121,Pending,15,Low,No,761,39,High transaction frequency; Fan-out activity,Medium,Open,False
AML-000975,71400,978,233,C_978,135.33,1970-01-01 00:00:00.000000121,Pending,15,Low,No,761,39,High transaction frequency; Fan-out activity,Medium,Open,False
AML-000976,71401,978,454,C_978,135.33,1970-01-01 00:00:00.000000121,Pending,15,Low,No,761,39,High transaction frequency; Fan-out activity,Medium,Open,False
AML-000977,71402,978,971,C_978,135.33,1970-01-01 00:00:00.000000121,Pending,15,Low,No,761,39,High transaction frequency; Fan-out activity,Medium,Open,False
AML-000978,71403,978,993,C_978,135.33,1970-01-01 00:00:00.000000121,Pending,15,Low,No,761,39,High transaction frequency; Fan-out activity,Medium,Open,False
AML-000979,71404,978,894,C_978,135.33,1970-01-01 00:00:00.000000121,Pending,15,Low,No,761,39,High transaction frequency; Fan-out activity,Medium,Open,False
AML-000980,71405,978,598,C_978,135.33,1970-01-01 00:00:00.000000121,Pending,15,Low,No,761,39,High transaction frequency; Fan-out activity,Medium,Open,False
AML-000981,71406,978,235,C_978,135.33,1970-01-01 00:00:00.000000121,Pending,15,Low,No,761,39,High transaction frequency; Fan-out activity,Medium,Open,False
AML-000982,71407,978,775,C_978,135.33,1970-01-01 00:00:00.000000121,Pending,15,Low,No,761,39,High transaction frequency; Fan-out activity,Medium,Open,False
AML-000983,71408,978,511,C_978,135.33,1970-01-01 00:00:00.000000121,Pending,15,Low,No,761,39,High transaction frequency; Fan-out activity,Medium,Open,False
AML-000984,71409,978,974,C_978,135.33,1970-01-01 00:00:00.000000121,Pending,15,Low,No,761,39,High transaction frequency; Fan-out activity,Medium,Open,False
AML-000985,71410,978,732,C_978,135.33,1970-01-01 00:00:00.000000121,Pending,15,Low,No,761,39,High transaction frequency; Fan-out activity,Medium,Open,False
AML-000986,71411,978,832,C_978,135.33,1970-01-01 00:00:00.000000121,Pending,15,Low,No,761,39,High transaction frequency; Fan-out activity,Medium,Open,False
AML-000987,71412,978,854,C_978,135.33,1970-01-01 00:00:00.000000121,Pending,15,Low,No,761,39,High transaction frequency; Fan-out activity,Medium,Open,False
AML-000988,71413,978,997,C_978,135.33,1970-01-01 00:00:00.000000121,Pending,15,Low,No,761,39,High transaction frequency; Fan-out activity,Medium,Open,False
AML-000989,71414,978,755,C_978,135.33,1970-01-01 00:00:00.000000121,Pending,15,Low,No,761,39,High transaction frequency; Fan-out activity,Medium,Open,False
AML-000990,71415,978,998,C_978,135.33,1970-01-01 00:00:00.000000121,Pending,15,Low,No,761,39,High transaction frequency; Fan-out activity,Medium,Open,False
AML-000991,71416,978,812,C_978,135.33,1970-01-01 00:00:00.000000121,Pending,15,Low,No,761,39,High transaction frequency; Fan-out activity,Medium,Open,False
AML-000992,71417,978,636,C_978,135.33,1970-01-01 00:00:00.000000121,Pending,15,Low,No,761,39,High transaction frequency; Fan-out activity,Medium,Open,False
AML-000993,71418,978,736,C_978,135.33,1970-01-01 00:00:00.000000121,Pending,15,Low,No,761,39,High transaction frequency; Fan-out activity,Medium,Open,False
AML-000994,71419,978,814,C_978,135.33,1970-01-01 00:00:00.000000121,Pending,15,Low,No,761,39,High transaction frequency; Fan-out activity,Medium,Open,False
AML-000995,71420,978,836,C_978,135.33,1970-01-01 00:00:00.000000121,Pending,15,Low,No,761,39,High transaction frequency; Fan-out activity,Medium,Open,False
AML-000996,71421,978,936,C_978,135.33,1970-01-01 00:00:00.000000121,Pending,15,Low,No,761,39,High transaction frequency; Fan-out activity,Medium,Open,False
AML-000997,71422,978,937,C_978,135.33,1970-01-01 00:00:00.000000121,Pending,15,Low,No,761,39,High transaction frequency; Fan-out activity,Medium,Open,False
AML-000998,71423,978,818,C_978,135.33,1970-01-01 00:00:00.000000121,Pending,15,Low,No,761,39,High transaction frequency; Fan-out activity,Medium,Open,False
AML-000999,71424,978,918,C_978,135.33,1970-01-01 00:00:00.000000121,Pending,15,Low,No,761,39,High transaction frequency; Fan-out activity,Medium,Open,False
AML-001000,71425,978,682,C_978,135.33,1970-01-01 00:00:00.000000121,Pending,15,Low,No,761,39,High transaction frequency; Fan-out activity,Medium,Open,False
AML-001001,71426,978,222,C_978,135.33,1970-01-01 00:00:00.000000121,Pending,15,Low,No,761,39,High transaction frequency; Fan-out activity,Medium,Open,False
AML-001002,71427,978,641,C_978,135.33,1970-01-01 00:00:00.000000121,Pending,15,Low,No,761,39,High transaction frequency; Fan-out activity,Medium,Open,False
AML-001003,71428,978,985,C_978,135.33,1970-01-01 00:00:00.000000121,Pending,15,Low,No,761,39,High transaction frequency; Fan-out activity,Medium,Open,False
AML-001004,71429,978,248,C_978,135.33,1970-01-01 00:00:00.000000121,Pending,15,Low,No,761,39,High transaction frequency; Fan-out activity,Medium,Open,False
AML-001005,71430,978,645,C_978,135.33,1970-01-01 00:00:00.000000121,Pending,15,Low,No,761,39,High transaction frequency; Fan-out activity,Medium,Open,False
AML-001006,71431,978,942,C_978,135.33,1970-01-01 00:00:00.000000121,Pending,15,Low,No,761,39,High transaction frequency; Fan-out activity,Medium,Open,False
AML-001007,71432,978,986,C_978,135.33,1970-01-01 00:00:00.000000121,Pending,15,Low,No,761,39,High transaction frequency; Fan-out activity,Medium,Open,False
AML-001008,71433,978,944,C_978,135.33,1970-01-01 00:00:00.000000121,Pending,15,Low,No,761,39,High transaction frequency; Fan-out activity,Medium,Open,False
AML-001009,71434,978,649,C_978,135.33,1970-01-01 00:00:00.000000121,Pending,15,Low,No,761,39,High transaction frequency; Fan-out activity,Medium,Open,False
AML-001010,71435,978,906,C_978,135.33,1970-01-01 00:00:00.000000121,Pending,15,Low,No,761,39,High transaction frequency; Fan-out activity,Medium,Open,False
AML-001011,71482,327,961,C_327,613572.31,1970-01-01 00:00:00.000000121,Verified,0,Low,No,15,6,Large transaction,High,Open,False
AML-001012,71491,126,924,C_126,514807.81,1970-01-01 00:00:00.000000122,Verified,0,Low,No,23,4,Large transaction,High,Open,False
AML-001013,71619,229,854,C_229,700639.81,1970-01-01 00:00:00.000000122,Verified,20,Low,No,27,5,Large transaction,High,Open,False
AML-001014,71909,431,896,C_431,481775.03,1970-01-01 00:00:00.000000122,Verified,0,Low,No,21,7,Large transaction,High,Open,False
AML-001015,72577,28,507,C_28,723594.93,1970-01-01 00:00:00.000000123,Verified,40,Medium,Yes,19,3,Large transaction,High,Open,False
AML-001016,72709,229,955,C_229,700269.12,1970-01-01 00:00:00.000000123,Verified,20,Low,No,27,5,Large transaction,High,Open,False
AML-001017,72860,33,389,C_33,481024.62,1970-01-01 00:00:00.000000124,Verified,0,Low,No,25,3,Large transaction,High,Open,False
AML-001018,73575,735,957,C_735,524004.81,1970-01-01 00:00:00.000000125,Verified,0,Low,No,16,10,Large transaction,High,Open,False
AML-001019,73637,320,469,C_320,524784.62,1970-01-01 00:00:00.000000125,Verified,0,Low,No,22,6,Large transaction,High,Open,False
AML-001020,73866,126,839,C_126,566480.75,1970-01-01 00:00:00.000000125,Verified,0,Low,No,23,4,Large transaction,High,Open,False
AML-001021,74102,537,765,C_537,533036.75,1970-01-01 00:00:00.000000126,Verified,0,Low,No,16,8,Large transaction,High,Open,False
AML-001022,74587,320,928,C_320,575256.81,1970-01-01 00:00:00.000000126,Verified,0,Low,No,22,6,Large transaction,High,Open,False
AML-001023,74634,329,547,C_329,298131.09,1970-01-01 00:00:00.000000126,Manual Review,70,High,Yes,14,6,High-risk customer activity,High,Open,False
AML-001024,74841,523,477,C_523,571432.5,1970-01-01 00:00:00.000000127,Verified,0,Low,No,24,8,Large transaction,High,Open,False
AML-001025,74912,724,998,C_724,546762.18,1970-01-01 00:00:00.000000127,Verified,0,Low,No,25,10,Large transaction,High,Open,False
AML-001026,75093,534,849,C_534,461569.78,1970-01-01 00:00:00.000000127,Verified,0,Low,No,14,8,Large transaction,High,Open,False
AML-001027,75269,320,993,C_320,575192.0,1970-01-01 00:00:00.000000127,Verified,0,Low,No,22,6,Large transaction,High,Open,False
AML-001028,75331,635,930,C_635,578071.06,1970-01-01 00:00:00.000000128,Verified,0,Low,No,22,9,Large transaction,High,Open,False
AML-001029,75537,431,668,C_431,565436.31,1970-01-01 00:00:00.000000128,Verified,0,Low,No,21,7,Large transaction,High,Open,False
AML-001030,75785,822,514,C_822,521543.12,1970-01-01 00:00:00.000000128,Verified,0,Low,No,15,13,Large transaction,High,Open,False
AML-001031,75786,34,943,C_34,596309.93,1970-01-01 00:00:00.000000128,Pending,15,Low,No,29,3,Large transaction,High,Open,False
AML-001032,76024,724,957,C_724,585550.68,1970-01-01 00:00:00.000000129,Verified,0,Low,No,25,10,Large transaction,High,Open,False
AML-001033,76031,20,151,C_20,1208503.62,1970-01-01 00:00:00.000000129,Verified,0,Low,No,29,2,Large transaction,High,Open,False
AML-001034,76223,34,353,C_34,794913.75,1970-01-01 00:00:00.000000129,Pending,15,Low,No,29,3,Large transaction,High,Open,False
AML-001035,76454,34,993,C_34,1147360.5,1970-01-01 00:00:00.000000130,Pending,15,Low,No,29,3,Large transaction,High,Open,False
AML-001036,76485,724,529,C_724,602754.87,1970-01-01 00:00:00.000000130,Verified,0,Low,No,25,10,Large transaction,High,Open,False
AML-001037,76569,20,142,C_20,1208837.25,1970-01-01 00:00:00.000000130,Verified,0,Low,No,29,2,Large transaction,High,Open,False
AML-001038,76665,21,945,C_21,508100.34,1970-01-01 00:00:00.000000130,Verified,60,High,Yes,15,3,Large transaction; High-risk customer activity,High,Open,False
AML-001039,76877,725,704,C_725,478641.06,1970-01-01 00:00:00.000000130,Verified,0,Low,No,22,10,Large transaction,High,Open,False
AML-001040,76946,123,192,C_123,523266.31,1970-01-01 00:00:00.000000131,Verified,0,Low,No,22,4,Large transaction,High,Open,False
AML-001041,77246,979,153,C_979,191.63,1970-01-01 00:00:00.000000131,Verified,0,Low,No,740,37,High transaction frequency; Fan-out activity,Medium,Open,False
AML-001042,77247,979,891,C_979,191.63,1970-01-01 00:00:00.000000131,Verified,0,Low,No,740,37,High transaction frequency; Fan-out activity,Medium,Open,False
AML-001043,77248,979,793,C_979,191.63,1970-01-01 00:00:00.000000131,Verified,0,Low,No,740,37,High transaction frequency; Fan-out activity,Medium,Open,False
AML-001044,77249,979,892,C_979,191.63,1970-01-01 00:00:00.000000131,Verified,0,Low,No,740,37,High transaction frequency; Fan-out activity,Medium,Open,False
AML-001045,77250,979,970,C_979,191.63,1970-01-01 00:00:00.000000131,Verified,0,Low,No,740,37,High transaction frequency; Fan-out activity,Medium,Open,False
AML-001046,77251,979,354,C_979,191.63,1970-01-01 00:00:00.000000131,Verified,0,Low,No,740,37,High transaction frequency; Fan-out activity,Medium,Open,False
AML-001047,77252,979,993,C_979,191.63,1970-01-01 00:00:00.000000131,Verified,0,Low,No,740,37,High transaction frequency; Fan-out activity,Medium,Open,False
AML-001048,77253,979,851,C_979,191.63,1970-01-01 00:00:00.000000131,Verified,0,Low,No,740,37,High transaction frequency; Fan-out activity,Medium,Open,False
AML-001049,77254,979,994,C_979,191.63,1970-01-01 00:00:00.000000131,Verified,0,Low,No,740,37,High transaction frequency; Fan-out activity,Medium,Open,False
AML-001050,77255,979,631,C_979,191.63,1970-01-01 00:00:00.000000131,Verified,0,Low,No,740,37,High transaction frequency; Fan-out activity,Medium,Open,False
AML-001051,77256,979,995,C_979,191.63,1970-01-01 00:00:00.000000131,Verified,0,Low,No,740,37,High transaction frequency; Fan-out activity,Medium,Open,False
AML-001052,77257,979,435,C_979,191.63,1970-01-01 00:00:00.000000131,Verified,0,Low,No,740,37,High transaction frequency; Fan-out activity,Medium,Open,False
AML-001053,77258,979,974,C_979,191.63,1970-01-01 00:00:00.000000131,Verified,0,Low,No,740,37,High transaction frequency; Fan-out activity,Medium,Open,False
AML-001054,77259,979,732,C_979,191.63,1970-01-01 00:00:00.000000131,Verified,0,Low,No,740,37,High transaction frequency; Fan-out activity,Medium,Open,False
AML-001055,77260,979,754,C_979,191.63,1970-01-01 00:00:00.000000131,Verified,0,Low,No,740,37,High transaction frequency; Fan-out activity,Medium,Open,False
AML-001056,77261,979,953,C_979,191.63,1970-01-01 00:00:00.000000131,Verified,0,Low,No,740,37,High transaction frequency; Fan-out activity,Medium,Open,False
AML-001057,77262,979,315,C_979,191.63,1970-01-01 00:00:00.000000131,Verified,0,Low,No,740,37,High transaction frequency; Fan-out activity,Medium,Open,False
AML-001058,77263,979,317,C_979,191.63,1970-01-01 00:00:00.000000131,Verified,0,Low,No,740,37,High transaction frequency; Fan-out activity,Medium,Open,False
AML-001059,77264,979,934,C_979,191.63,1970-01-01 00:00:00.000000131,Verified,0,Low,No,740,37,High transaction frequency; Fan-out activity,Medium,Open,False
AML-001060,77265,979,978,C_979,191.63,1970-01-01 00:00:00.000000131,Verified,0,Low,No,740,37,High transaction frequency; Fan-out activity,Medium,Open,False
AML-001061,77266,979,282,C_979,191.63,1970-01-01 00:00:00.000000131,Verified,0,Low,No,740,37,High transaction frequency; Fan-out activity,Medium,Open,False
AML-001062,77267,979,262,C_979,191.63,1970-01-01 00:00:00.000000131,Verified,0,Low,No,740,37,High transaction frequency; Fan-out activity,Medium,Open,False
AML-001063,77268,979,185,C_979,191.63,1970-01-01 00:00:00.000000131,Verified,0,Low,No,740,37,High transaction frequency; Fan-out activity,Medium,Open,False
AML-001064,77269,979,384,C_979,191.63,1970-01-01 00:00:00.000000131,Verified,0,Low,No,740,37,High transaction frequency; Fan-out activity,Medium,Open,False
AML-001065,77270,979,164,C_979,191.63,1970-01-01 00:00:00.000000131,Verified,0,Low,No,740,37,High transaction frequency; Fan-out activity,Medium,Open,False
AML-001066,77271,979,241,C_979,191.63,1970-01-01 00:00:00.000000131,Verified,0,Low,No,740,37,High transaction frequency; Fan-out activity,Medium,Open,False
AML-001067,77272,979,760,C_979,191.63,1970-01-01 00:00:00.000000131,Verified,0,Low,No,740,37,High transaction frequency; Fan-out activity,Medium,Open,False
AML-001068,77273,979,167,C_979,191.63,1970-01-01 00:00:00.000000131,Verified,0,Low,No,740,37,High transaction frequency; Fan-out activity,Medium,Open,False
AML-001069,77274,979,861,C_979,191.63,1970-01-01 00:00:00.000000131,Verified,0,Low,No,740,37,High transaction frequency; Fan-out activity,Medium,Open,False
AML-001070,77275,979,245,C_979,191.63,1970-01-01 00:00:00.000000131,Verified,0,Low,No,740,37,High transaction frequency; Fan-out activity,Medium,Open,False
AML-001071,77276,979,962,C_979,191.63,1970-01-01 00:00:00.000000131,Verified,0,Low,No,740,37,High transaction frequency; Fan-out activity,Medium,Open,False
AML-001072,77277,979,622,C_979,191.63,1970-01-01 00:00:00.000000131,Verified,0,Low,No,740,37,High transaction frequency; Fan-out activity,Medium,Open,False
AML-001073,77278,979,987,C_979,191.63,1970-01-01 00:00:00.000000131,Verified,0,Low,No,740,37,High transaction frequency; Fan-out activity,Medium,Open,False
AML-001074,77279,979,867,C_979,191.63,1970-01-01 00:00:00.000000131,Verified,0,Low,No,740,37,High transaction frequency; Fan-out activity,Medium,Open,False
AML-001075,77280,979,726,C_979,191.63,1970-01-01 00:00:00.000000131,Verified,0,Low,No,740,37,High transaction frequency; Fan-out activity,Medium,Open,False
AML-001076,77281,979,947,C_979,191.63,1970-01-01 00:00:00.000000131,Verified,0,Low,No,740,37,High transaction frequency; Fan-out activity,Medium,Open,False
AML-001077,77282,979,827,C_979,191.63,1970-01-01 00:00:00.000000131,Verified,0,Low,No,740,37,High transaction frequency; Fan-out activity,Medium,Open,False
AML-001078,77364,330,55,C_330,486138.84,1970-01-01 00:00:00.000000131,Verified,0,Low,No,31,6,Large transaction,High,Open,False
AML-001079,77510,978,473,C_978,135.33,1970-01-01 00:00:00.000000131,Pending,15,Low,No,761,39,High transaction frequency; Fan-out activity,Medium,Open,False
AML-001080,77511,978,452,C_978,135.33,1970-01-01 00:00:00.000000131,Pending,15,Low,No,761,39,High transaction frequency; Fan-out activity,Medium,Open,False
AML-001081,77512,978,233,C_978,135.33,1970-01-01 00:00:00.000000131,Pending,15,Low,No,761,39,High transaction frequency; Fan-out activity,Medium,Open,False
AML-001082,77513,978,454,C_978,135.33,1970-01-01 00:00:00.000000131,Pending,15,Low,No,761,39,High transaction frequency; Fan-out activity,Medium,Open,False
AML-001083,77514,978,971,C_978,135.33,1970-01-01 00:00:00.000000131,Pending,15,Low,No,761,39,High transaction frequency; Fan-out activity,Medium,Open,False
AML-001084,77515,978,993,C_978,135.33,1970-01-01 00:00:00.000000131,Pending,15,Low,No,761,39,High transaction frequency; Fan-out activity,Medium,Open,False
AML-001085,77516,978,894,C_978,135.33,1970-01-01 00:00:00.000000131,Pending,15,Low,No,761,39,High transaction frequency; Fan-out activity,Medium,Open,False
AML-001086,77517,978,598,C_978,135.33,1970-01-01 00:00:00.000000131,Pending,15,Low,No,761,39,High transaction frequency; Fan-out activity,Medium,Open,False
AML-001087,77518,978,235,C_978,135.33,1970-01-01 00:00:00.000000131,Pending,15,Low,No,761,39,High transaction frequency; Fan-out activity,Medium,Open,False
AML-001088,77519,978,775,C_978,135.33,1970-01-01 00:00:00.000000131,Pending,15,Low,No,761,39,High transaction frequency; Fan-out activity,Medium,Open,False
AML-001089,77520,978,511,C_978,135.33,1970-01-01 00:00:00.000000131,Pending,15,Low,No,761,39,High transaction frequency; Fan-out activity,Medium,Open,False
AML-001090,77521,978,974,C_978,135.33,1970-01-01 00:00:00.000000131,Pending,15,Low,No,761,39,High transaction frequency; Fan-out activity,Medium,Open,False
AML-001091,77522,978,732,C_978,135.33,1970-01-01 00:00:00.000000131,Pending,15,Low,No,761,39,High transaction frequency; Fan-out activity,Medium,Open,False
AML-001092,77523,978,832,C_978,135.33,1970-01-01 00:00:00.000000131,Pending,15,Low,No,761,39,High transaction frequency; Fan-out activity,Medium,Open,False
AML-001093,77524,978,854,C_978,135.33,1970-01-01 00:00:00.000000131,Pending,15,Low,No,761,39,High transaction frequency; Fan-out activity,Medium,Open,False
AML-001094,77525,978,997,C_978,135.33,1970-01-01 00:00:00.000000131,Pending,15,Low,No,761,39,High transaction frequency; Fan-out activity,Medium,Open,False
AML-001095,77526,978,755,C_978,135.33,1970-01-01 00:00:00.000000131,Pending,15,Low,No,761,39,High transaction frequency; Fan-out activity,Medium,Open,False
AML-001096,77527,978,998,C_978,135.33,1970-01-01 00:00:00.000000131,Pending,15,Low,No,761,39,High transaction frequency; Fan-out activity,Medium,Open,False
AML-001097,77528,978,812,C_978,135.33,1970-01-01 00:00:00.000000131,Pending,15,Low,No,761,39,High transaction frequency; Fan-out activity,Medium,Open,False
AML-001098,77529,978,636,C_978,135.33,1970-01-01 00:00:00.000000131,Pending,15,Low,No,761,39,High transaction frequency; Fan-out activity,Medium,Open,False
AML-001099,77530,978,736,C_978,135.33,1970-01-01 00:00:00.000000131,Pending,15,Low,No,761,39,High transaction frequency; Fan-out activity,Medium,Open,False
AML-001100,77531,978,814,C_978,135.33,1970-01-01 00:00:00.000000131,Pending,15,Low,No,761,39,High transaction frequency; Fan-out activity,Medium,Open,False
AML-001101,77532,978,836,C_978,135.33,1970-01-01 00:00:00.000000131,Pending,15,Low,No,761,39,High transaction frequency; Fan-out activity,Medium,Open,False
AML-001102,77533,978,936,C_978,135.33,1970-01-01 00:00:00.000000131,Pending,15,Low,No,761,39,High transaction frequency; Fan-out activity,Medium,Open,False
AML-001103,77534,978,937,C_978,135.33,1970-01-01 00:00:00.000000131,Pending,15,Low,No,761,39,High transaction frequency; Fan-out activity,Medium,Open,False
AML-001104,77535,978,818,C_978,135.33,1970-01-01 00:00:00.000000131,Pending,15,Low,No,761,39,High transaction frequency; Fan-out activity,Medium,Open,False
AML-001105,77536,978,918,C_978,135.33,1970-01-01 00:00:00.000000131,Pending,15,Low,No,761,39,High transaction frequency; Fan-out activity,Medium,Open,False
AML-001106,77537,978,682,C_978,135.33,1970-01-01 00:00:00.000000131,Pending,15,Low,No,761,39,High transaction frequency; Fan-out activity,Medium,Open,False
AML-001107,77538,978,222,C_978,135.33,1970-01-01 00:00:00.000000131,Pending,15,Low,No,761,39,High transaction frequency; Fan-out activity,Medium,Open,False
AML-001108,77539,978,641,C_978,135.33,1970-01-01 00:00:00.000000131,Pending,15,Low,No,761,39,High transaction frequency; Fan-out activity,Medium,Open,False
AML-001109,77540,978,985,C_978,135.33,1970-01-01 00:00:00.000000131,Pending,15,Low,No,761,39,High transaction frequency; Fan-out activity,Medium,Open,False
AML-001110,77541,978,248,C_978,135.33,1970-01-01 00:00:00.000000131,Pending,15,Low,No,761,39,High transaction frequency; Fan-out activity,Medium,Open,False
AML-001111,77542,978,645,C_978,135.33,1970-01-01 00:00:00.000000131,Pending,15,Low,No,761,39,High transaction frequency; Fan-out activity,Medium,Open,False
AML-001112,77543,978,942,C_978,135.33,1970-01-01 00:00:00.000000131,Pending,15,Low,No,761,39,High transaction frequency; Fan-out activity,Medium,Open,False
AML-001113,77544,978,986,C_978,135.33,1970-01-01 00:00:00.000000131,Pending,15,Low,No,761,39,High transaction frequency; Fan-out activity,Medium,Open,False
AML-001114,77545,978,944,C_978,135.33,1970-01-01 00:00:00.000000131,Pending,15,Low,No,761,39,High transaction frequency; Fan-out activity,Medium,Open,False
AML-001115,77546,978,649,C_978,135.33,1970-01-01 00:00:00.000000131,Pending,15,Low,No,761,39,High transaction frequency; Fan-out activity,Medium,Open,False
AML-001116,77547,978,906,C_978,135.33,1970-01-01 00:00:00.000000131,Pending,15,Low,No,761,39,High transaction frequency; Fan-out activity,Medium,Open,False
AML-001117,77843,632,62,C_632,491344.78,1970-01-01 00:00:00.000000132,Verified,0,Low,No,22,9,Large transaction,High,Open,False
AML-001118,77857,123,937,C_123,523506.12,1970-01-01 00:00:00.000000132,Verified,0,Low,No,22,4,Large transaction,High,Open,False
AML-001119,77931,328,755,C_328,725235.75,1970-01-01 00:00:00.000000132,Verified,0,Low,No,24,6,Large transaction,High,Open,False
AML-001120,77957,431,989,C_431,761858.12,1970-01-01 00:00:00.000000132,Verified,0,Low,No,21,7,Large transaction,High,Open,False
AML-001121,77979,136,749,C_136,1365691.5,1970-01-01 00:00:00.000000132,Verified,0,Low,No,20,5,Large transaction,High,Open,False
AML-001122,78031,126,793,C_126,773088.87,1970-01-01 00:00:00.000000132,Verified,0,Low,No,23,4,Large transaction,High,Open,False
AML-001123,78146,922,412,C_922,626495.81,1970-01-01 00:00:00.000000133,Manual Review,50,Medium,Yes,14,14,Large transaction,High,Open,False
AML-001124,78180,136,287,C_136,1366093.75,1970-01-01 00:00:00.000000133,Verified,0,Low,No,20,5,Large transaction,High,Open,False
AML-001125,78354,629,427,C_629,481553.0,1970-01-01 00:00:00.000000133,Verified,0,Low,No,21,9,Large transaction,High,Open,False
AML-001126,78407,433,366,C_433,520518.43,1970-01-01 00:00:00.000000133,Verified,0,Low,No,21,7,Large transaction,High,Open,False
AML-001127,78868,726,999,C_726,470357.68,1970-01-01 00:00:00.000000134,Verified,0,Low,No,20,10,Large transaction,High,Open,False
AML-001128,78897,332,803,C_332,913752.12,1970-01-01 00:00:00.000000134,Verified,0,Low,No,19,7,Large transaction,High,Open,False
AML-001129,78900,826,809,C_826,583854.62,1970-01-01 00:00:00.000000134,Verified,20,Low,No,21,13,Large transaction,High,Open,False
AML-001130,78973,338,546,C_338,820424.18,1970-01-01 00:00:00.000000134,Verified,0,Low,No,19,6,Large transaction,High,Open,False
AML-001131,79207,927,779,C_927,457639.34,1970-01-01 00:00:00.000000134,Verified,0,Low,No,20,20,Large transaction,High,Open,False
AML-001132,79458,837,949,C_837,598545.12,1970-01-01 00:00:00.000000135,Verified,0,Low,No,20,13,Large transaction,High,Open,False
AML-001133,79727,534,915,C_534,554168.06,1970-01-01 00:00:00.000000135,Verified,0,Low,No,14,8,Large transaction,High,Open,False
AML-001134,79907,227,940,C_227,887935.5,1970-01-01 00:00:00.000000135,Verified,0,Low,No,20,5,Large transaction,High,Open,False
AML-001135,79908,525,772,C_525,791830.5,1970-01-01 00:00:00.000000135,Verified,0,Low,No,21,7,Large transaction,High,Open,False
AML-001136,79938,630,700,C_630,513834.12,1970-01-01 00:00:00.000000135,Verified,20,Low,No,19,9,Large transaction,High,Open,False
AML-001137,79957,432,757,C_432,580707.43,1970-01-01 00:00:00.000000135,Verified,0,Low,No,19,7,Large transaction,High,Open,False
AML-001138,79978,927,824,C_927,459004.06,1970-01-01 00:00:00.000000135,Verified,0,Low,No,20,20,Large transaction,High,Open,False
AML-001139,79995,33,705,C_33,600621.12,1970-01-01 00:00:00.000000135,Verified,0,Low,No,25,3,Large transaction,High,Open,False
AML-001140,80150,735,396,C_735,726300.37,1970-01-01 00:00:00.000000136,Verified,0,Low,No,16,10,Large transaction,High,Open,False
AML-001141,80178,839,921,C_839,497982.03,1970-01-01 00:00:00.000000136,Verified,0,Low,No,19,14,Large transaction,High,Open,False
AML-001142,80345,320,257,C_320,713074.0,1970-01-01 00:00:00.000000136,Verified,0,Low,No,22,6,Large transaction,High,Open,False
AML-001143,80347,834,920,C_834,463968.68,1970-01-01 00:00:00.000000136,Verified,0,Low,No,23,13,Large transaction,High,Open,False
AML-001144,80387,430,966,C_430,524456.81,1970-01-01 00:00:00.000000136,Verified,0,Low,No,19,7,Large transaction,High,Open,False
AML-001145,80399,723,466,C_723,552360.75,1970-01-01 00:00:00.000000136,Verified,0,Low,No,21,9,Large transaction,High,Open,False
AML-001146,80422,225,867,C_225,768527.31,1970-01-01 00:00:00.000000136,Manual Review,50,Medium,Yes,22,5,Large transaction,High,Open,False
AML-001147,80425,826,151,C_826,660779.12,1970-01-01 00:00:00.000000136,Verified,20,Low,No,21,13,Large transaction,High,Open,False
AML-001148,80520,523,962,C_523,900111.87,1970-01-01 00:00:00.000000136,Verified,0,Low,No,24,8,Large transaction,High,Open,False
AML-001149,80691,329,922,C_329,357363.0,1970-01-01 00:00:00.000000136,Manual Review,70,High,Yes,14,6,High-risk customer activity,High,Open,False
AML-001150,80719,923,415,C_923,457482.78,1970-01-01 00:00:00.000000136,Verified,0,Low,No,21,20,Large transaction,High,Open,False
AML-001151,80865,829,336,C_829,512547.53,1970-01-01 00:00:00.000000137,Verified,0,Low,No,14,13,Large transaction,High,Open,False
AML-001152,80915,534,397,C_534,581587.5,1970-01-01 00:00:00.000000137,Verified,0,Low,No,14,8,Large transaction,High,Open,False
AML-001153,80952,434,809,C_434,779302.5,1970-01-01 00:00:00.000000137,Verified,0,Low,No,19,7,Large transaction,High,Open,False
AML-001154,80979,137,589,C_137,781328.68,1970-01-01 00:00:00.000000137,Verified,0,Low,No,20,6,Large transaction,High,Open,False
AML-001155,81141,225,339,C_225,768628.18,1970-01-01 00:00:00.000000137,Manual Review,50,Medium,Yes,22,5,Large transaction,High,Open,False
AML-001156,81178,227,209,C_227,939805.68,1970-01-01 00:00:00.000000137,Verified,0,Low,No,20,5,Large transaction,High,Open,False
AML-001157,81261,23,680,C_23,460106.15,1970-01-01 00:00:00.000000137,Verified,0,Low,No,21,3,Large transaction,High,Open,False
AML-001158,81318,836,710,C_836,481988.03,1970-01-01 00:00:00.000000138,Verified,0,Low,No,17,13,Large transaction,High,Open,False
AML-001159,81447,839,888,C_839,535203.56,1970-01-01 00:00:00.000000138,Verified,0,Low,No,19,14,Large transaction,High,Open,False
AML-001160,81450,223,214,C_223,528163.18,1970-01-01 00:00:00.000000138,Verified,0,Low,No,23,5,Large transaction,High,Open,False
AML-001161,81538,725,72,C_725,569048.56,1970-01-01 00:00:00.000000138,Verified,0,Low,No,22,10,Large transaction,High,Open,False
AML-001162,81541,432,592,C_432,683469.93,1970-01-01 00:00:00.000000138,Verified,0,Low,No,19,7,Large transaction,High,Open,False
AML-001163,81546,34,943,C_34,1125284.87,1970-01-01 00:00:00.000000138,Pending,15,Low,No,29,3,Large transaction,High,Open,False
AML-001164,81556,723,995,C_723,594043.93,1970-01-01 00:00:00.000000138,Verified,0,Low,No,21,9,Large transaction,High,Open,False
AML-001165,81572,921,988,C_921,558471.62,1970-01-01 00:00:00.000000138,Pending,15,Low,No,21,19,Large transaction,High,Open,False
AML-001166,81704,821,552,C_821,528796.75,1970-01-01 00:00:00.000000138,Verified,0,Low,No,20,13,Large transaction,High,Open,False
AML-001167,81779,137,415,C_137,781886.93,1970-01-01 00:00:00.000000138,Verified,0,Low,No,20,6,Large transaction,High,Open,False
AML-001168,81814,923,933,C_923,477718.06,1970-01-01 00:00:00.000000138,Verified,0,Low,No,21,20,Large transaction,High,Open,False
AML-001169,81963,738,999,C_738,543456.5,1970-01-01 00:00:00.000000139,Verified,0,Low,No,24,10,Large transaction,High,Open,False
AML-001170,81975,323,103,C_323,503376.59,1970-01-01 00:00:00.000000139,Verified,0,Low,No,18,6,Large transaction,High,Open,False
AML-001171,82024,137,769,C_137,781983.93,1970-01-01 00:00:00.000000139,Verified,0,Low,No,20,6,Large transaction,High,Open,False
AML-001172,82038,921,978,C_921,587199.68,1970-01-01 00:00:00.000000139,Pending,15,Low,No,21,19,Large transaction,High,Open,False
AML-001173,82082,925,852,C_925,613703.31,1970-01-01 00:00:00.000000139,Verified,0,Low,No,18,18,Large transaction,High,Open,False
AML-001174,82158,821,894,C_821,547068.37,1970-01-01 00:00:00.000000139,Verified,0,Low,No,20,13,Large transaction,High,Open,False
AML-001175,82179,822,789,C_822,767737.56,1970-01-01 00:00:00.000000139,Verified,0,Low,No,15,13,Large transaction,High,Open,False
AML-001176,82252,836,930,C_836,618991.75,1970-01-01 00:00:00.000000139,Verified,0,Low,No,17,13,Large transaction,High,Open,False
AML-001177,82349,528,935,C_528,618980.25,1970-01-01 00:00:00.000000140,Verified,0,Low,No,19,8,Large transaction,High,Open,False
AML-001178,82381,921,968,C_921,597373.56,1970-01-01 00:00:00.000000140,Pending,15,Low,No,21,19,Large transaction,High,Open,False
AML-001179,82382,738,709,C_738,562715.18,1970-01-01 00:00:00.000000140,Verified,0,Low,No,24,10,Large transaction,High,Open,False
AML-001180,82438,623,930,C_623,606552.25,1970-01-01 00:00:00.000000140,Verified,0,Low,No,26,9,Large transaction,High,Open,False
AML-001181,82466,328,117,C_328,1020108.56,1970-01-01 00:00:00.000000140,Verified,0,Low,No,24,6,Large transaction,High,Open,False
AML-001182,82507,229,726,C_229,1168221.25,1970-01-01 00:00:00.000000140,Verified,20,Low,No,27,5,Large transaction,High,Open,False
AML-001183,82508,938,900,C_938,488156.12,1970-01-01 00:00:00.000000140,Verified,0,Low,No,24,23,Large transaction,High,Open,False
AML-001184,82512,628,908,C_628,718954.06,1970-01-01 00:00:00.000000140,Verified,0,Low,No,16,9,Large transaction,High,Open,False
AML-001185,82528,532,975,C_532,708637.0,1970-01-01 00:00:00.000000140,Verified,0,Low,No,16,8,Large transaction,High,Open,False
AML-001186,82541,130,983,C_130,1008358.31,1970-01-01 00:00:00.000000140,Rejected,60,High,Yes,18,5,Large transaction; High-risk customer activity,High,Open,False
AML-001187,82542,232,922,C_232,833197.62,1970-01-01 00:00:00.000000140,Verified,0,Low,No,21,5,Large transaction,High,Open,False
AML-001188,82601,632,31,C_632,584800.75,1970-01-01 00:00:00.000000140,Verified,0,Low,No,22,9,Large transaction,High,Open,False
AML-001189,82657,931,445,C_931,657876.56,1970-01-01 00:00:00.000000140,Verified,40,Medium,Yes,18,18,Large transaction,High,Open,False
AML-001190,82702,721,240,C_721,596699.68,1970-01-01 00:00:00.000000140,Verified,0,Low,No,10,10,Large transaction,High,Open,False
AML-001191,82724,431,638,C_431,936835.06,1970-01-01 00:00:00.000000140,Verified,0,Low,No,21,7,Large transaction,High,Open,False
AML-001192,82842,636,181,C_636,655755.12,1970-01-01 00:00:00.000000141,Verified,0,Low,No,19,9,Large transaction,High,Open,False
AML-001193,82877,330,960,C_330,938849.56,1970-01-01 00:00:00.000000141,Verified,0,Low,No,31,6,Large transaction,High,Open,False
AML-001194,82918,821,500,C_821,547119.12,1970-01-01 00:00:00.000000141,Verified,0,Low,No,20,13,Large transaction,High,Open,False
AML-001195,82925,721,949,C_721,596699.68,1970-01-01 00:00:00.000000141,Verified,0,Low,No,10,10,Large transaction,High,Open,False
AML-001196,82944,21,970,C_21,569788.75,1970-01-01 00:00:00.000000141,Verified,60,High,Yes,15,3,Large transaction; High-risk customer activity,High,Open,False
AML-001197,82952,978,473,C_978,135.33,1970-01-01 00:00:00.000000141,Pending,15,Low,No,761,39,High transaction frequency; Fan-out activity,Medium,Open,False
AML-001198,82953,978,452,C_978,135.33,1970-01-01 00:00:00.000000141,Pending,15,Low,No,761,39,High transaction frequency; Fan-out activity,Medium,Open,False
AML-001199,82954,978,233,C_978,135.33,1970-01-01 00:00:00.000000141,Pending,15,Low,No,761,39,High transaction frequency; Fan-out activity,Medium,Open,False
AML-001200,82955,978,454,C_978,135.33,1970-01-01 00:00:00.000000141,Pending,15,Low,No,761,39,High transaction frequency; Fan-out activity,Medium,Open,False
AML-001201,82956,978,971,C_978,135.33,1970-01-01 00:00:00.000000141,Pending,15,Low,No,761,39,High transaction frequency; Fan-out activity,Medium,Open,False
AML-001202,82957,978,993,C_978,135.33,1970-01-01 00:00:00.000000141,Pending,15,Low,No,761,39,High transaction frequency; Fan-out activity,Medium,Open,False
AML-001203,82958,978,894,C_978,135.33,1970-01-01 00:00:00.000000141,Pending,15,Low,No,761,39,High transaction frequency; Fan-out activity,Medium,Open,False
AML-001204,82959,978,598,C_978,135.33,1970-01-01 00:00:00.000000141,Pending,15,Low,No,761,39,High transaction frequency; Fan-out activity,Medium,Open,False
AML-001205,82960,978,235,C_978,135.33,1970-01-01 00:00:00.000000141,Pending,15,Low,No,761,39,High transaction frequency; Fan-out activity,Medium,Open,False
AML-001206,82961,978,775,C_978,135.33,1970-01-01 00:00:00.000000141,Pending,15,Low,No,761,39,High transaction frequency; Fan-out activity,Medium,Open,False
AML-001207,82962,978,511,C_978,135.33,1970-01-01 00:00:00.000000141,Pending,15,Low,No,761,39,High transaction frequency; Fan-out activity,Medium,Open,False
AML-001208,82963,978,974,C_978,135.33,1970-01-01 00:00:00.000000141,Pending,15,Low,No,761,39,High transaction frequency; Fan-out activity,Medium,Open,False
AML-001209,82964,978,732,C_978,135.33,1970-01-01 00:00:00.000000141,Pending,15,Low,No,761,39,High transaction frequency; Fan-out activity,Medium,Open,False
AML-001210,82965,978,832,C_978,135.33,1970-01-01 00:00:00.000000141,Pending,15,Low,No,761,39,High transaction frequency; Fan-out activity,Medium,Open,False
AML-001211,82966,978,854,C_978,135.33,1970-01-01 00:00:00.000000141,Pending,15,Low,No,761,39,High transaction frequency; Fan-out activity,Medium,Open,False
AML-001212,82967,978,997,C_978,135.33,1970-01-01 00:00:00.000000141,Pending,15,Low,No,761,39,High transaction frequency; Fan-out activity,Medium,Open,False
AML-001213,82968,978,755,C_978,135.33,1970-01-01 00:00:00.000000141,Pending,15,Low,No,761,39,High transaction frequency; Fan-out activity,Medium,Open,False
AML-001214,82969,978,998,C_978,135.33,1970-01-01 00:00:00.000000141,Pending,15,Low,No,761,39,High transaction frequency; Fan-out activity,Medium,Open,False
AML-001215,82970,978,812,C_978,135.33,1970-01-01 00:00:00.000000141,Pending,15,Low,No,761,39,High transaction frequency; Fan-out activity,Medium,Open,False
AML-001216,82971,978,636,C_978,135.33,1970-01-01 00:00:00.000000141,Pending,15,Low,No,761,39,High transaction frequency; Fan-out activity,Medium,Open,False
AML-001217,82972,978,736,C_978,135.33,1970-01-01 00:00:00.000000141,Pending,15,Low,No,761,39,High transaction frequency; Fan-out activity,Medium,Open,False
AML-001218,82973,978,814,C_978,135.33,1970-01-01 00:00:00.000000141,Pending,15,Low,No,761,39,High transaction frequency; Fan-out activity,Medium,Open,False
AML-001219,82974,978,836,C_978,135.33,1970-01-01 00:00:00.000000141,Pending,15,Low,No,761,39,High transaction frequency; Fan-out activity,Medium,Open,False
AML-001220,82975,978,936,C_978,135.33,1970-01-01 00:00:00.000000141,Pending,15,Low,No,761,39,High transaction frequency; Fan-out activity,Medium,Open,False
AML-001221,82976,978,937,C_978,135.33,1970-01-01 00:00:00.000000141,Pending,15,Low,No,761,39,High transaction frequency; Fan-out activity,Medium,Open,False
AML-001222,82977,978,818,C_978,135.33,1970-01-01 00:00:00.000000141,Pending,15,Low,No,761,39,High transaction frequency; Fan-out activity,Medium,Open,False
AML-001223,82978,978,918,C_978,135.33,1970-01-01 00:00:00.000000141,Pending,15,Low,No,761,39,High transaction frequency; Fan-out activity,Medium,Open,False
AML-001224,82979,978,682,C_978,135.33,1970-01-01 00:00:00.000000141,Pending,15,Low,No,761,39,High transaction frequency; Fan-out activity,Medium,Open,False
AML-001225,82980,978,222,C_978,135.33,1970-01-01 00:00:00.000000141,Pending,15,Low,No,761,39,High transaction frequency; Fan-out activity,Medium,Open,False
AML-001226,82981,978,641,C_978,135.33,1970-01-01 00:00:00.000000141,Pending,15,Low,No,761,39,High transaction frequency; Fan-out activity,Medium,Open,False
AML-001227,82982,978,985,C_978,135.33,1970-01-01 00:00:00.000000141,Pending,15,Low,No,761,39,High transaction frequency; Fan-out activity,Medium,Open,False
AML-001228,82983,978,248,C_978,135.33,1970-01-01 00:00:00.000000141,Pending,15,Low,No,761,39,High transaction frequency; Fan-out activity,Medium,Open,False
AML-001229,82984,978,645,C_978,135.33,1970-01-01 00:00:00.000000141,Pending,15,Low,No,761,39,High transaction frequency; Fan-out activity,Medium,Open,False
AML-001230,82985,978,942,C_978,135.33,1970-01-01 00:00:00.000000141,Pending,15,Low,No,761,39,High transaction frequency; Fan-out activity,Medium,Open,False
AML-001231,82986,978,986,C_978,135.33,1970-01-01 00:00:00.000000141,Pending,15,Low,No,761,39,High transaction frequency; Fan-out activity,Medium,Open,False
AML-001232,82987,978,944,C_978,135.33,1970-01-01 00:00:00.000000141,Pending,15,Low,No,761,39,High transaction frequency; Fan-out activity,Medium,Open,False
AML-001233,82988,978,649,C_978,135.33,1970-01-01 00:00:00.000000141,Pending,15,Low,No,761,39,High transaction frequency; Fan-out activity,Medium,Open,False
AML-001234,82989,978,906,C_978,135.33,1970-01-01 00:00:00.000000141,Pending,15,Low,No,761,39,High transaction frequency; Fan-out activity,Medium,Open,False
AML-001235,82996,28,664,C_28,878560.56,1970-01-01 00:00:00.000000141,Verified,40,Medium,Yes,19,3,Large transaction,High,Open,False
AML-001236,82997,525,554,C_525,1188539.25,1970-01-01 00:00:00.000000141,Verified,0,Low,No,21,7,Large transaction,High,Open,False
AML-001237,83069,327,204,C_327,1474760.12,1970-01-01 00:00:00.000000141,Verified,0,Low,No,15,6,Large transaction,High,Open,False
AML-001238,83155,623,259,C_623,606556.81,1970-01-01 00:00:00.000000141,Verified,0,Low,No,26,9,Large transaction,High,Open,False
AML-001239,83203,628,168,C_628,719655.0,1970-01-01 00:00:00.000000141,Verified,0,Low,No,16,9,Large transaction,High,Open,False
AML-001240,83264,921,858,C_921,626393.5,1970-01-01 00:00:00.000000141,Pending,15,Low,No,21,19,Large transaction,High,Open,False
AML-001241,83281,931,478,C_931,680631.43,1970-01-01 00:00:00.000000141,Verified,40,Medium,Yes,18,18,Large transaction,High,Open,False
AML-001242,83298,979,153,C_979,191.63,1970-01-01 00:00:00.000000141,Verified,0,Low,No,740,37,High transaction frequency; Fan-out activity,Medium,Open,False
AML-001243,83299,979,891,C_979,191.63,1970-01-01 00:00:00.000000141,Verified,0,Low,No,740,37,High transaction frequency; Fan-out activity,Medium,Open,False
AML-001244,83300,979,793,C_979,191.63,1970-01-01 00:00:00.000000141,Verified,0,Low,No,740,37,High transaction frequency; Fan-out activity,Medium,Open,False
AML-001245,83301,979,892,C_979,191.63,1970-01-01 00:00:00.000000141,Verified,0,Low,No,740,37,High transaction frequency; Fan-out activity,Medium,Open,False
AML-001246,83302,979,970,C_979,191.63,1970-01-01 00:00:00.000000141,Verified,0,Low,No,740,37,High transaction frequency; Fan-out activity,Medium,Open,False
AML-001247,83303,979,354,C_979,191.63,1970-01-01 00:00:00.000000141,Verified,0,Low,No,740,37,High transaction frequency; Fan-out activity,Medium,Open,False
AML-001248,83304,979,993,C_979,191.63,1970-01-01 00:00:00.000000141,Verified,0,Low,No,740,37,High transaction frequency; Fan-out activity,Medium,Open,False
AML-001249,83305,979,851,C_979,191.63,1970-01-01 00:00:00.000000141,Verified,0,Low,No,740,37,High transaction frequency; Fan-out activity,Medium,Open,False
AML-001250,83306,979,994,C_979,191.63,1970-01-01 00:00:00.000000141,Verified,0,Low,No,740,37,High transaction frequency; Fan-out activity,Medium,Open,False
AML-001251,83307,979,631,C_979,191.63,1970-01-01 00:00:00.000000141,Verified,0,Low,No,740,37,High transaction frequency; Fan-out activity,Medium,Open,False
AML-001252,83308,979,995,C_979,191.63,1970-01-01 00:00:00.000000141,Verified,0,Low,No,740,37,High transaction frequency; Fan-out activity,Medium,Open,False
AML-001253,83309,979,435,C_979,191.63,1970-01-01 00:00:00.000000141,Verified,0,Low,No,740,37,High transaction frequency; Fan-out activity,Medium,Open,False
AML-001254,83310,979,974,C_979,191.63,1970-01-01 00:00:00.000000141,Verified,0,Low,No,740,37,High transaction frequency; Fan-out activity,Medium,Open,False
AML-001255,83311,979,732,C_979,191.63,1970-01-01 00:00:00.000000141,Verified,0,Low,No,740,37,High transaction frequency; Fan-out activity,Medium,Open,False
AML-001256,83312,979,754,C_979,191.63,1970-01-01 00:00:00.000000141,Verified,0,Low,No,740,37,High transaction frequency; Fan-out activity,Medium,Open,False
AML-001257,83313,979,953,C_979,191.63,1970-01-01 00:00:00.000000141,Verified,0,Low,No,740,37,High transaction frequency; Fan-out activity,Medium,Open,False
AML-001258,83314,979,315,C_979,191.63,1970-01-01 00:00:00.000000141,Verified,0,Low,No,740,37,High transaction frequency; Fan-out activity,Medium,Open,False
AML-001259,83315,979,317,C_979,191.63,1970-01-01 00:00:00.000000141,Verified,0,Low,No,740,37,High transaction frequency; Fan-out activity,Medium,Open,False
AML-001260,83316,979,934,C_979,191.63,1970-01-01 00:00:00.000000141,Verified,0,Low,No,740,37,High transaction frequency; Fan-out activity,Medium,Open,False
AML-001261,83317,979,978,C_979,191.63,1970-01-01 00:00:00.000000141,Verified,0,Low,No,740,37,High transaction frequency; Fan-out activity,Medium,Open,False
AML-001262,83318,979,282,C_979,191.63,1970-01-01 00:00:00.000000141,Verified,0,Low,No,740,37,High transaction frequency; Fan-out activity,Medium,Open,False
AML-001263,83319,979,262,C_979,191.63,1970-01-01 00:00:00.000000141,Verified,0,Low,No,740,37,High transaction frequency; Fan-out activity,Medium,Open,False
AML-001264,83320,979,185,C_979,191.63,1970-01-01 00:00:00.000000141,Verified,0,Low,No,740,37,High transaction frequency; Fan-out activity,Medium,Open,False
AML-001265,83321,979,384,C_979,191.63,1970-01-01 00:00:00.000000141,Verified,0,Low,No,740,37,High transaction frequency; Fan-out activity,Medium,Open,False
AML-001266,83322,979,164,C_979,191.63,1970-01-01 00:00:00.000000141,Verified,0,Low,No,740,37,High transaction frequency; Fan-out activity,Medium,Open,False
AML-001267,83323,979,241,C_979,191.63,1970-01-01 00:00:00.000000141,Verified,0,Low,No,740,37,High transaction frequency; Fan-out activity,Medium,Open,False
AML-001268,83324,979,760,C_979,191.63,1970-01-01 00:00:00.000000141,Verified,0,Low,No,740,37,High transaction frequency; Fan-out activity,Medium,Open,False
AML-001269,83325,979,167,C_979,191.63,1970-01-01 00:00:00.000000141,Verified,0,Low,No,740,37,High transaction frequency; Fan-out activity,Medium,Open,False
AML-001270,83326,979,861,C_979,191.63,1970-01-01 00:00:00.000000141,Verified,0,Low,No,740,37,High transaction frequency; Fan-out activity,Medium,Open,False
AML-001271,83327,979,245,C_979,191.63,1970-01-01 00:00:00.000000141,Verified,0,Low,No,740,37,High transaction frequency; Fan-out activity,Medium,Open,False
AML-001272,83328,979,962,C_979,191.63,1970-01-01 00:00:00.000000141,Verified,0,Low,No,740,37,High transaction frequency; Fan-out activity,Medium,Open,False
AML-001273,83329,979,622,C_979,191.63,1970-01-01 00:00:00.000000141,Verified,0,Low,No,740,37,High transaction frequency; Fan-out activity,Medium,Open,False
AML-001274,83330,979,987,C_979,191.63,1970-01-01 00:00:00.000000141,Verified,0,Low,No,740,37,High transaction frequency; Fan-out activity,Medium,Open,False
AML-001275,83331,979,867,C_979,191.63,1970-01-01 00:00:00.000000141,Verified,0,Low,No,740,37,High transaction frequency; Fan-out activity,Medium,Open,False
AML-001276,83332,979,726,C_979,191.63,1970-01-01 00:00:00.000000141,Verified,0,Low,No,740,37,High transaction frequency; Fan-out activity,Medium,Open,False
AML-001277,83333,979,947,C_979,191.63,1970-01-01 00:00:00.000000141,Verified,0,Low,No,740,37,High transaction frequency; Fan-out activity,Medium,Open,False
AML-001278,83334,979,827,C_979,191.63,1970-01-01 00:00:00.000000141,Verified,0,Low,No,740,37,High transaction frequency; Fan-out activity,Medium,Open,False
AML-001279,83372,932,997,C_932,538778.75,1970-01-01 00:00:00.000000141,Verified,0,Low,No,18,17,Large transaction,High,Open,False
AML-001280,83524,20,151,C_20,1211500.12,1970-01-01 00:00:00.000000142,Verified,0,Low,No,29,2,Large transaction,High,Open,False
AML-001281,83525,229,691,C_229,1276356.87,1970-01-01 00:00:00.000000142,Verified,20,Low,No,27,5,Large transaction,High,Open,False
AML-001282,83720,636,627,C_636,715629.75,1970-01-01 00:00:00.000000142,Verified,0,Low,No,19,9,Large transaction,High,Open,False
AML-001283,83756,524,867,C_524,569710.87,1970-01-01 00:00:00.000000142,Verified,40,Medium,Yes,21,8,Large transaction,High,Open,False
AML-001284,83768,38,548,C_38,878639.68,1970-01-01 00:00:00.000000142,Verified,0,Low,No,20,3,Large transaction,High,Open,False
AML-001285,83831,329,385,C_329,487464.15,1970-01-01 00:00:00.000000142,Manual Review,70,High,Yes,14,6,Large transaction; High-risk customer activity,High,Open,False
AML-001286,83833,322,985,C_322,884658.93,1970-01-01 00:00:00.000000142,Verified,0,Low,No,25,6,Large transaction,High,Open,False
AML-001287,83882,978,651,C_978,11.06,1970-01-01 00:00:00.000000142,Pending,15,Low,No,761,39,High transaction frequency; Fan-out activity,Medium,Open,True
AML-001288,83908,828,874,C_828,625544.31,1970-01-01 00:00:00.000000142,Verified,0,Low,No,25,13,Large transaction,High,Open,False
AML-001289,84032,736,625,C_736,513267.0,1970-01-01 00:00:00.000000143,Pending,15,Low,No,26,10,Large transaction,High,Open,False
AML-001290,84160,629,390,C_629,720857.43,1970-01-01 00:00:00.000000143,Verified,0,Low,No,21,9,Large transaction,High,Open,False
AML-001291,84177,831,919,C_831,461199.46,1970-01-01 00:00:00.000000143,Verified,0,Low,No,20,13,Large transaction,High,Open,False
AML-001292,84342,328,538,C_328,1226454.62,1970-01-01 00:00:00.000000143,Verified,0,Low,No,24,6,Large transaction,High,Open,False
AML-001293,84430,622,850,C_622,642825.25,1970-01-01 00:00:00.000000143,Verified,0,Low,No,18,9,Large transaction,High,Open,False
AML-001294,84454,38,739,C_38,878827.93,1970-01-01 00:00:00.000000143,Verified,0,Low,No,20,3,Large transaction,High,Open,False
AML-001295,84488,126,477,C_126,1286087.25,1970-01-01 00:00:00.000000143,Verified,0,Low,No,23,4,Large transaction,High,Open,False
AML-001296,84543,232,969,C_232,834205.12,1970-01-01 00:00:00.000000143,Verified,0,Low,No,21,5,Large transaction,High,Open,False
AML-001297,84548,327,239,C_327,1586215.87,1970-01-01 00:00:00.000000143,Verified,0,Low,No,15,6,Large transaction,High,Open,False
AML-001298,84566,320,997,C_320,953101.25,1970-01-01 00:00:00.000000143,Verified,0,Low,No,22,6,Large transaction,High,Open,False
AML-001299,84578,726,856,C_726,681550.93,1970-01-01 00:00:00.000000143,Verified,0,Low,No,20,10,Large transaction,High,Open,False
AML-001300,84643,433,994,C_433,1208983.37,1970-01-01 00:00:00.000000144,Verified,0,Low,No,21,7,Large transaction,High,Open,False
AML-001301,84654,327,837,C_327,1586218.37,1970-01-01 00:00:00.000000144,Verified,0,Low,No,15,6,Large transaction,High,Open,False
AML-001302,84777,322,987,C_322,884681.25,1970-01-01 00:00:00.000000144,Verified,0,Low,No,25,6,Large transaction,High,Open,False
AML-001303,84900,37,634,C_37,477135.21,1970-01-01 00:00:00.000000144,Manual Review,50,Medium,Yes,16,3,Large transaction,High,Open,False
AML-001304,84965,727,733,C_727,579409.0,1970-01-01 00:00:00.000000144,Pending,35,Medium,No,16,10,Large transaction,High,Open,False
AML-001305,85001,831,492,C_831,506371.15,1970-01-01 00:00:00.000000144,Verified,0,Low,No,20,13,Large transaction,High,Open,False
AML-001306,85048,438,348,C_438,602961.93,1970-01-01 00:00:00.000000144,Verified,20,Low,No,21,7,Large transaction,High,Open,False
AML-001307,85063,132,948,C_132,748368.87,1970-01-01 00:00:00.000000144,Pending,15,Low,No,25,5,Large transaction,High,Open,False
AML-001308,85088,126,924,C_126,1286393.37,1970-01-01 00:00:00.000000144,Verified,0,Low,No,23,4,Large transaction,High,Open,False
AML-001309,85113,222,617,C_222,520890.18,1970-01-01 00:00:00.000000144,Verified,0,Low,No,21,5,Large transaction,High,Open,False
AML-001310,85130,622,69,C_622,642875.56,1970-01-01 00:00:00.000000144,Verified,0,Low,No,18,9,Large transaction,High,Open,False
AML-001311,85178,523,920,C_523,1232915.75,1970-01-01 00:00:00.000000144,Verified,0,Low,No,24,8,Large transaction,High,Open,False
AML-001312,85230,828,997,C_828,598592.06,1970-01-01 00:00:00.000000144,Verified,0,Low,No,25,13,Large transaction,High,Open,False
AML-001313,85286,824,838,C_824,494692.56,1970-01-01 00:00:00.000000144,Verified,0,Low,No,19,13,Large transaction,High,Open,False
AML-001314,85376,723,633,C_723,928295.81,1970-01-01 00:00:00.000000145,Verified,0,Low,No,21,9,Large transaction,High,Open,False
AML-001315,85386,136,893,C_136,1424851.37,1970-01-01 00:00:00.000000145,Verified,0,Low,No,20,5,Large transaction,High,Open,False
AML-001316,85431,221,974,C_221,607736.81,1970-01-01 00:00:00.000000145,Pending,15,Low,No,27,6,Large transaction,High,Open,False
AML-001317,85495,434,444,C_434,954434.56,1970-01-01 00:00:00.000000145,Verified,0,Low,No,19,7,Large transaction,High,Open,False
AML-001318,85563,925,401,C_925,884484.81,1970-01-01 00:00:00.000000145,Verified,0,Low,No,18,18,Large transaction,High,Open,False
AML-001319,85575,226,955,C_226,476135.68,1970-01-01 00:00:00.000000145,Manual Review,50,Medium,Yes,17,5,Large transaction,High,Open,False
AML-001320,85583,425,664,C_425,494323.78,1970-01-01 00:00:00.000000145,Verified,0,Low,No,29,6,Large transaction,High,Open,False
AML-001321,85584,336,154,C_336,576856.56,1970-01-01 00:00:00.000000145,Verified,0,Low,No,24,6,Large transaction,High,Open,False
AML-001322,85602,237,696,C_237,569870.37,1970-01-01 00:00:00.000000145,Verified,20,Low,No,18,5,Large transaction,High,Open,False
AML-001323,85626,720,923,C_720,542757.18,1970-01-01 00:00:00.000000145,Verified,0,Low,No,24,10,Large transaction,High,Open,False
AML-001324,85629,924,528,C_924,579282.87,1970-01-01 00:00:00.000000145,Verified,0,Low,No,22,19,Large transaction,High,Open,False
AML-001325,85693,236,992,C_236,1783151.75,1970-01-01 00:00:00.000000145,Verified,0,Low,No,22,5,Large transaction,High,Open,False
AML-001326,85713,137,725,C_137,942783.93,1970-01-01 00:00:00.000000145,Verified,0,Low,No,20,6,Large transaction,High,Open,False
AML-001327,85737,33,421,C_33,612022.18,1970-01-01 00:00:00.000000145,Verified,0,Low,No,25,3,Large transaction,High,Open,False
AML-001328,85739,222,806,C_222,520917.81,1970-01-01 00:00:00.000000145,Verified,0,Low,No,21,5,Large transaction,High,Open,False
AML-001329,85982,126,839,C_126,1286457.87,1970-01-01 00:00:00.000000146,Verified,0,Low,No,23,4,Large transaction,High,Open,False
AML-001330,85994,629,948,C_629,880675.12,1970-01-01 00:00:00.000000146,Verified,0,Low,No,21,9,Large transaction,High,Open,False
AML-001331,85997,922,512,C_922,854567.06,1970-01-01 00:00:00.000000146,Manual Review,50,Medium,Yes,14,14,Large transaction,High,Open,False
AML-001332,86107,836,944,C_836,698117.68,1970-01-01 00:00:00.000000146,Verified,0,Low,No,17,13,Large transaction,High,Open,False
AML-001333,86135,237,862,C_237,569830.87,1970-01-01 00:00:00.000000146,Verified,20,Low,No,18,5,Large transaction,High,Open,False
AML-001334,86138,235,879,C_235,560478.93,1970-01-01 00:00:00.000000146,Verified,0,Low,No,21,5,Large transaction,High,Open,False
AML-001335,86285,421,373,C_421,481693.0,1970-01-01 00:00:00.000000146,Pending,55,Medium,Yes,15,6,Large transaction,High,Open,False
AML-001336,86304,839,988,C_839,682397.56,1970-01-01 00:00:00.000000146,Verified,0,Low,No,19,14,Large transaction,High,Open,False
AML-001337,86343,926,932,C_926,769407.12,1970-01-01 00:00:00.000000146,Verified,0,Low,No,20,20,Large transaction,High,Open,False
AML-001338,86440,429,701,C_429,838620.87,1970-01-01 00:00:00.000000147,Pending,15,Low,No,24,7,Large transaction,High,Open,False
AML-001339,86579,425,338,C_425,495050.28,1970-01-01 00:00:00.000000147,Verified,0,Low,No,29,6,Large transaction,High,Open,False
AML-001340,86611,21,180,C_21,997560.18,1970-01-01 00:00:00.000000147,Verified,60,High,Yes,15,3,Large transaction; High-risk customer activity,High,Open,False
AML-001341,86627,27,934,C_27,558114.43,1970-01-01 00:00:00.000000147,Verified,0,Low,No,22,3,Large transaction,High,Open,False
AML-001342,86651,521,858,C_521,567962.0,1970-01-01 00:00:00.000000147,Pending,15,Low,No,23,7,Large transaction,High,Open,False
AML-001343,86661,225,362,C_225,888193.5,1970-01-01 00:00:00.000000147,Manual Review,50,Medium,Yes,22,5,Large transaction,High,Open,False
AML-001344,86667,26,615,C_26,689350.87,1970-01-01 00:00:00.000000147,Pending,15,Low,No,18,3,Large transaction,High,Open,False
AML-001345,86746,836,977,C_836,698279.37,1970-01-01 00:00:00.000000147,Verified,0,Low,No,17,13,Large transaction,High,Open,False
AML-001346,86796,839,737,C_839,751737.5,1970-01-01 00:00:00.000000147,Verified,0,Low,No,19,14,Large transaction,High,Open,False
AML-001347,86842,534,287,C_534,1034029.31,1970-01-01 00:00:00.000000147,Verified,0,Low,No,14,8,Large transaction,High,Open,False
AML-001348,86846,34,353,C_34,1755932.87,1970-01-01 00:00:00.000000147,Pending,15,Low,No,29,3,Large transaction,High,Open,False
AML-001349,86899,236,996,C_236,1783299.37,1970-01-01 00:00:00.000000147,Verified,0,Low,No,22,5,Large transaction,High,Open,False
AML-001350,86920,921,957,C_921,765669.0,1970-01-01 00:00:00.000000147,Pending,15,Low,No,21,19,Large transaction,High,Open,False
AML-001351,86926,35,972,C_35,911845.81,1970-01-01 00:00:00.000000147,Verified,0,Low,No,21,3,Large transaction,High,Open,False
AML-001352,87020,320,359,C_320,1325021.12,1970-01-01 00:00:00.000000147,Verified,0,Low,No,22,6,Large transaction,High,Open,False
AML-001353,87110,431,991,C_431,1262959.0,1970-01-01 00:00:00.000000148,Verified,0,Low,No,21,7,Large transaction,High,Open,False
AML-001354,87137,430,988,C_430,710346.56,1970-01-01 00:00:00.000000148,Verified,0,Low,No,19,7,Large transaction,High,Open,False
AML-001355,87155,323,972,C_323,633975.93,1970-01-01 00:00:00.000000148,Verified,0,Low,No,18,6,Large transaction,High,Open,False
AML-001356,87161,221,216,C_221,607257.31,1970-01-01 00:00:00.000000148,Pending,15,Low,No,27,6,Large transaction,High,Open,False
AML-001357,87165,537,667,C_537,1167194.75,1970-01-01 00:00:00.000000148,Verified,0,Low,No,16,8,Large transaction,High,Open,False
AML-001358,87206,624,538,C_624,612291.25,1970-01-01 00:00:00.000000148,Verified,0,Low,No,24,9,Large transaction,High,Open,False
AML-001359,87243,225,128,C_225,888413.12,1970-01-01 00:00:00.000000148,Manual Review,50,Medium,Yes,22,5,Large transaction,High,Open,False
AML-001360,87277,735,981,C_735,1121317.25,1970-01-01 00:00:00.000000148,Verified,0,Low,No,16,10,Large transaction,High,Open,False
AML-001361,87289,20,142,C_20,1213042.5,1970-01-01 00:00:00.000000148,Verified,0,Low,No,29,2,Large transaction,High,Open,False
AML-001362,87319,222,595,C_222,660606.81,1970-01-01 00:00:00.000000148,Verified,0,Low,No,21,5,Large transaction,High,Open,False
AML-001363,87405,26,183,C_26,689256.75,1970-01-01 00:00:00.000000148,Pending,15,Low,No,18,3,Large transaction,High,Open,False
AML-001364,87408,635,845,C_635,821623.31,1970-01-01 00:00:00.000000148,Verified,0,Low,No,22,9,Large transaction,High,Open,False
AML-001365,87494,330,950,C_330,939149.68,1970-01-01 00:00:00.000000148,Verified,0,Low,No,31,6,Large transaction,High,Open,False
AML-001366,87496,728,583,C_728,679242.37,1970-01-01 00:00:00.000000148,Verified,0,Low,No,15,10,Large transaction,High,Open,False
AML-001367,87525,923,207,C_923,787885.31,1970-01-01 00:00:00.000000148,Verified,0,Low,No,21,20,Large transaction,High,Open,False
AML-001368,87526,932,999,C_932,632591.0,1970-01-01 00:00:00.000000148,Verified,0,Low,No,18,17,Large transaction,High,Open,False
AML-001369,87547,225,701,C_225,888357.62,1970-01-01 00:00:00.000000149,Manual Review,50,Medium,Yes,22,5,Large transaction,High,Open,False
AML-001370,87565,26,250,C_26,689097.43,1970-01-01 00:00:00.000000149,Pending,15,Low,No,18,3,Large transaction,High,Open,False
AML-001371,87674,722,628,C_722,568614.75,1970-01-01 00:00:00.000000149,Verified,0,Low,No,25,10,Large transaction,High,Open,False
AML-001372,87698,627,504,C_627,543939.93,1970-01-01 00:00:00.000000149,Verified,0,Low,No,14,9,Large transaction,High,Open,False
AML-001373,87709,724,96,C_724,1307866.25,1970-01-01 00:00:00.000000149,Verified,0,Low,No,25,10,Large transaction,High,Open,False
AML-001374,87719,130,302,C_130,1905352.37,1970-01-01 00:00:00.000000149,Rejected,60,High,Yes,18,5,Large transaction; High-risk customer activity,High,Open,False
AML-001375,87747,330,204,C_330,1113766.12,1970-01-01 00:00:00.000000149,Verified,0,Low,No,31,6,Large transaction,High,Open,False
AML-001376,87793,336,881,C_336,577130.31,1970-01-01 00:00:00.000000149,Verified,0,Low,No,24,6,Large transaction,High,Open,False
AML-001377,87859,836,912,C_836,984327.43,1970-01-01 00:00:00.000000149,Verified,0,Low,No,17,13,Large transaction,High,Open,False
AML-001378,87935,635,758,C_635,821775.81,1970-01-01 00:00:00.000000149,Verified,0,Low,No,22,9,Large transaction,High,Open,False
AML-001379,87939,20,151,C_20,1213117.25,1970-01-01 00:00:00.000000149,Verified,0,Low,No,29,2,Large transaction,High,Open,False
AML-001380,88044,435,285,C_435,691546.0,1970-01-01 00:00:00.000000149,Verified,40,Medium,Yes,21,7,Large transaction,High,Open,False
AML-001381,88048,822,937,C_822,950211.56,1970-01-01 00:00:00.000000149,Verified,0,Low,No,15,13,Large transaction,High,Open,False
AML-001382,88077,429,72,C_429,837972.93,1970-01-01 00:00:00.000000149,Pending,15,Low,No,24,7,Large transaction,High,Open,False
AML-001383,88128,29,167,C_29,477239.9,1970-01-01 00:00:00.000000150,Verified,0,Low,No,19,3,Large transaction,High,Open,False
AML-001384,88199,636,493,C_636,890535.68,1970-01-01 00:00:00.000000150,Verified,0,Low,No,19,9,Large transaction,High,Open,False
AML-001385,88201,738,990,C_738,964821.5,1970-01-01 00:00:00.000000150,Verified,0,Low,No,24,10,Large transaction,High,Open,False
AML-001386,88288,327,958,C_327,1809420.5,1970-01-01 00:00:00.000000150,Verified,0,Low,No,15,6,Large transaction,High,Open,False
AML-001387,88328,624,923,C_624,612599.25,1970-01-01 00:00:00.000000150,Verified,0,Low,No,24,9,Large transaction,High,Open,False
AML-001388,88338,323,446,C_323,633661.68,1970-01-01 00:00:00.000000150,Verified,0,Low,No,18,6,Large transaction,High,Open,False
AML-001389,88340,330,932,C_330,1113845.87,1970-01-01 00:00:00.000000150,Verified,0,Low,No,31,6,Large transaction,High,Open,False
AML-001390,88375,928,962,C_928,557999.37,1970-01-01 00:00:00.000000150,Verified,0,Low,No,22,22,Large transaction,High,Open,False
AML-001391,88440,23,339,C_23,489601.59,1970-01-01 00:00:00.000000150,Verified,0,Low,No,21,3,Large transaction,High,Open,False
AML-001392,88467,836,637,C_836,984304.75,1970-01-01 00:00:00.000000150,Verified,0,Low,No,17,13,Large transaction,High,Open,False
AML-001393,88476,933,858,C_933,1101365.5,1970-01-01 00:00:00.000000150,Verified,0,Low,No,22,22,Large transaction,High,Open,False
AML-001394,88509,135,684,C_135,599865.62,1970-01-01 00:00:00.000000150,Verified,40,Medium,Yes,19,5,Large transaction,High,Open,False
AML-001395,88599,435,991,C_435,691354.06,1970-01-01 00:00:00.000000150,Verified,40,Medium,Yes,21,7,Large transaction,High,Open,False
AML-001396,88625,630,205,C_630,776800.62,1970-01-01 00:00:00.000000151,Verified,20,Low,No,19,9,Large transaction,High,Open,False
AML-001397,88679,138,943,C_138,667244.43,1970-01-01 00:00:00.000000151,Verified,0,Low,No,19,5,Large transaction,High,Open,False
AML-001398,88748,821,533,C_821,788160.37,1970-01-01 00:00:00.000000151,Verified,0,Low,No,20,13,Large transaction,High,Open,False
AML-001399,88762,978,473,C_978,135.33,1970-01-01 00:00:00.000000151,Pending,15,Low,No,761,39,High transaction frequency; Fan-out activity,Medium,Open,False
AML-001400,88763,978,452,C_978,135.33,1970-01-01 00:00:00.000000151,Pending,15,Low,No,761,39,High transaction frequency; Fan-out activity,Medium,Open,False
AML-001401,88764,978,233,C_978,135.33,1970-01-01 00:00:00.000000151,Pending,15,Low,No,761,39,High transaction frequency; Fan-out activity,Medium,Open,False
AML-001402,88765,978,454,C_978,135.33,1970-01-01 00:00:00.000000151,Pending,15,Low,No,761,39,High transaction frequency; Fan-out activity,Medium,Open,False
AML-001403,88766,978,971,C_978,135.33,1970-01-01 00:00:00.000000151,Pending,15,Low,No,761,39,High transaction frequency; Fan-out activity,Medium,Open,False
AML-001404,88767,978,993,C_978,135.33,1970-01-01 00:00:00.000000151,Pending,15,Low,No,761,39,High transaction frequency; Fan-out activity,Medium,Open,False
AML-001405,88768,978,894,C_978,135.33,1970-01-01 00:00:00.000000151,Pending,15,Low,No,761,39,High transaction frequency; Fan-out activity,Medium,Open,False
AML-001406,88769,978,598,C_978,135.33,1970-01-01 00:00:00.000000151,Pending,15,Low,No,761,39,High transaction frequency; Fan-out activity,Medium,Open,False
AML-001407,88770,978,235,C_978,135.33,1970-01-01 00:00:00.000000151,Pending,15,Low,No,761,39,High transaction frequency; Fan-out activity,Medium,Open,False
AML-001408,88771,978,775,C_978,135.33,1970-01-01 00:00:00.000000151,Pending,15,Low,No,761,39,High transaction frequency; Fan-out activity,Medium,Open,False
AML-001409,88772,978,511,C_978,135.33,1970-01-01 00:00:00.000000151,Pending,15,Low,No,761,39,High transaction frequency; Fan-out activity,Medium,Open,False
AML-001410,88773,978,974,C_978,135.33,1970-01-01 00:00:00.000000151,Pending,15,Low,No,761,39,High transaction frequency; Fan-out activity,Medium,Open,False
AML-001411,88774,978,732,C_978,135.33,1970-01-01 00:00:00.000000151,Pending,15,Low,No,761,39,High transaction frequency; Fan-out activity,Medium,Open,False
AML-001412,88775,978,832,C_978,135.33,1970-01-01 00:00:00.000000151,Pending,15,Low,No,761,39,High transaction frequency; Fan-out activity,Medium,Open,False
AML-001413,88776,978,854,C_978,135.33,1970-01-01 00:00:00.000000151,Pending,15,Low,No,761,39,High transaction frequency; Fan-out activity,Medium,Open,False
AML-001414,88777,978,997,C_978,135.33,1970-01-01 00:00:00.000000151,Pending,15,Low,No,761,39,High transaction frequency; Fan-out activity,Medium,Open,False
AML-001415,88778,978,755,C_978,135.33,1970-01-01 00:00:00.000000151,Pending,15,Low,No,761,39,High transaction frequency; Fan-out activity,Medium,Open,False
AML-001416,88779,978,998,C_978,135.33,1970-01-01 00:00:00.000000151,Pending,15,Low,No,761,39,High transaction frequency; Fan-out activity,Medium,Open,False
AML-001417,88780,978,812,C_978,135.33,1970-01-01 00:00:00.000000151,Pending,15,Low,No,761,39,High transaction frequency; Fan-out activity,Medium,Open,False
AML-001418,88781,978,636,C_978,135.33,1970-01-01 00:00:00.000000151,Pending,15,Low,No,761,39,High transaction frequency; Fan-out activity,Medium,Open,False
AML-001419,88782,978,736,C_978,135.33,1970-01-01 00:00:00.000000151,Pending,15,Low,No,761,39,High transaction frequency; Fan-out activity,Medium,Open,False
AML-001420,88783,978,814,C_978,135.33,1970-01-01 00:00:00.000000151,Pending,15,Low,No,761,39,High transaction frequency; Fan-out activity,Medium,Open,False
AML-001421,88784,978,836,C_978,135.33,1970-01-01 00:00:00.000000151,Pending,15,Low,No,761,39,High transaction frequency; Fan-out activity,Medium,Open,False
AML-001422,88785,978,936,C_978,135.33,1970-01-01 00:00:00.000000151,Pending,15,Low,No,761,39,High transaction frequency; Fan-out activity,Medium,Open,False
AML-001423,88786,978,937,C_978,135.33,1970-01-01 00:00:00.000000151,Pending,15,Low,No,761,39,High transaction frequency; Fan-out activity,Medium,Open,False
AML-001424,88787,978,818,C_978,135.33,1970-01-01 00:00:00.000000151,Pending,15,Low,No,761,39,High transaction frequency; Fan-out activity,Medium,Open,False
AML-001425,88788,978,918,C_978,135.33,1970-01-01 00:00:00.000000151,Pending,15,Low,No,761,39,High transaction frequency; Fan-out activity,Medium,Open,False
AML-001426,88789,978,682,C_978,135.33,1970-01-01 00:00:00.000000151,Pending,15,Low,No,761,39,High transaction frequency; Fan-out activity,Medium,Open,False
AML-001427,88790,978,222,C_978,135.33,1970-01-01 00:00:00.000000151,Pending,15,Low,No,761,39,High transaction frequency; Fan-out activity,Medium,Open,False
AML-001428,88791,978,641,C_978,135.33,1970-01-01 00:00:00.000000151,Pending,15,Low,No,761,39,High transaction frequency; Fan-out activity,Medium,Open,False
AML-001429,88792,978,985,C_978,135.33,1970-01-01 00:00:00.000000151,Pending,15,Low,No,761,39,High transaction frequency; Fan-out activity,Medium,Open,False
AML-001430,88793,978,248,C_978,135.33,1970-01-01 00:00:00.000000151,Pending,15,Low,No,761,39,High transaction frequency; Fan-out activity,Medium,Open,False
AML-001431,88794,978,645,C_978,135.33,1970-01-01 00:00:00.000000151,Pending,15,Low,No,761,39,High transaction frequency; Fan-out activity,Medium,Open,False
AML-001432,88795,978,942,C_978,135.33,1970-01-01 00:00:00.000000151,Pending,15,Low,No,761,39,High transaction frequency; Fan-out activity,Medium,Open,False
AML-001433,88796,978,986,C_978,135.33,1970-01-01 00:00:00.000000151,Pending,15,Low,No,761,39,High transaction frequency; Fan-out activity,Medium,Open,False
AML-001434,88797,978,944,C_978,135.33,1970-01-01 00:00:00.000000151,Pending,15,Low,No,761,39,High transaction frequency; Fan-out activity,Medium,Open,False
AML-001435,88798,978,649,C_978,135.33,1970-01-01 00:00:00.000000151,Pending,15,Low,No,761,39,High transaction frequency; Fan-out activity,Medium,Open,False
AML-001436,88799,978,906,C_978,135.33,1970-01-01 00:00:00.000000151,Pending,15,Low,No,761,39,High transaction frequency; Fan-out activity,Medium,Open,False
AML-001437,88828,728,891,C_728,658797.12,1970-01-01 00:00:00.000000151,Verified,0,Low,No,15,10,Large transaction,High,Open,False
AML-001438,88830,431,486,C_431,1263786.25,1970-01-01 00:00:00.000000151,Verified,0,Low,No,21,7,Large transaction,High,Open,False
AML-001439,88943,933,605,C_933,1132835.87,1970-01-01 00:00:00.000000151,Verified,0,Low,No,22,22,Large transaction,High,Open,False
AML-001440,89021,979,153,C_979,191.63,1970-01-01 00:00:00.000000151,Verified,0,Low,No,740,37,High transaction frequency; Fan-out activity,Medium,Open,False
AML-001441,89022,979,891,C_979,191.63,1970-01-01 00:00:00.000000151,Verified,0,Low,No,740,37,High transaction frequency; Fan-out activity,Medium,Open,False
AML-001442,89023,979,793,C_979,191.63,1970-01-01 00:00:00.000000151,Verified,0,Low,No,740,37,High transaction frequency; Fan-out activity,Medium,Open,False
AML-001443,89024,979,892,C_979,191.63,1970-01-01 00:00:00.000000151,Verified,0,Low,No,740,37,High transaction frequency; Fan-out activity,Medium,Open,False
AML-001444,89025,979,970,C_979,191.63,1970-01-01 00:00:00.000000151,Verified,0,Low,No,740,37,High transaction frequency; Fan-out activity,Medium,Open,False
AML-001445,89026,979,354,C_979,191.63,1970-01-01 00:00:00.000000151,Verified,0,Low,No,740,37,High transaction frequency; Fan-out activity,Medium,Open,False
AML-001446,89027,979,993,C_979,191.63,1970-01-01 00:00:00.000000151,Verified,0,Low,No,740,37,High transaction frequency; Fan-out activity,Medium,Open,False
AML-001447,89028,979,851,C_979,191.63,1970-01-01 00:00:00.000000151,Verified,0,Low,No,740,37,High transaction frequency; Fan-out activity,Medium,Open,False
AML-001448,89029,979,994,C_979,191.63,1970-01-01 00:00:00.000000151,Verified,0,Low,No,740,37,High transaction frequency; Fan-out activity,Medium,Open,False
AML-001449,89030,979,631,C_979,191.63,1970-01-01 00:00:00.000000151,Verified,0,Low,No,740,37,High transaction frequency; Fan-out activity,Medium,Open,False
AML-001450,89031,979,995,C_979,191.63,1970-01-01 00:00:00.000000151,Verified,0,Low,No,740,37,High transaction frequency; Fan-out activity,Medium,Open,False
AML-001451,89032,979,435,C_979,191.63,1970-01-01 00:00:00.000000151,Verified,0,Low,No,740,37,High transaction frequency; Fan-out activity,Medium,Open,False
AML-001452,89033,979,974,C_979,191.63,1970-01-01 00:00:00.000000151,Verified,0,Low,No,740,37,High transaction frequency; Fan-out activity,Medium,Open,False
AML-001453,89034,979,732,C_979,191.63,1970-01-01 00:00:00.000000151,Verified,0,Low,No,740,37,High transaction frequency; Fan-out activity,Medium,Open,False
AML-001454,89035,979,754,C_979,191.63,1970-01-01 00:00:00.000000151,Verified,0,Low,No,740,37,High transaction frequency; Fan-out activity,Medium,Open,False
AML-001455,89036,979,953,C_979,191.63,1970-01-01 00:00:00.000000151,Verified,0,Low,No,740,37,High transaction frequency; Fan-out activity,Medium,Open,False
AML-001456,89037,979,315,C_979,191.63,1970-01-01 00:00:00.000000151,Verified,0,Low,No,740,37,High transaction frequency; Fan-out activity,Medium,Open,False
AML-001457,89038,979,317,C_979,191.63,1970-01-01 00:00:00.000000151,Verified,0,Low,No,740,37,High transaction frequency; Fan-out activity,Medium,Open,False
AML-001458,89039,979,934,C_979,191.63,1970-01-01 00:00:00.000000151,Verified,0,Low,No,740,37,High transaction frequency; Fan-out activity,Medium,Open,False
AML-001459,89040,979,978,C_979,191.63,1970-01-01 00:00:00.000000151,Verified,0,Low,No,740,37,High transaction frequency; Fan-out activity,Medium,Open,False
AML-001460,89041,979,282,C_979,191.63,1970-01-01 00:00:00.000000151,Verified,0,Low,No,740,37,High transaction frequency; Fan-out activity,Medium,Open,False
AML-001461,89042,979,262,C_979,191.63,1970-01-01 00:00:00.000000151,Verified,0,Low,No,740,37,High transaction frequency; Fan-out activity,Medium,Open,False
AML-001462,89043,979,185,C_979,191.63,1970-01-01 00:00:00.000000151,Verified,0,Low,No,740,37,High transaction frequency; Fan-out activity,Medium,Open,False
AML-001463,89044,979,384,C_979,191.63,1970-01-01 00:00:00.000000151,Verified,0,Low,No,740,37,High transaction frequency; Fan-out activity,Medium,Open,False
AML-001464,89045,979,164,C_979,191.63,1970-01-01 00:00:00.000000151,Verified,0,Low,No,740,37,High transaction frequency; Fan-out activity,Medium,Open,False
AML-001465,89046,979,241,C_979,191.63,1970-01-01 00:00:00.000000151,Verified,0,Low,No,740,37,High transaction frequency; Fan-out activity,Medium,Open,False
AML-001466,89047,979,760,C_979,191.63,1970-01-01 00:00:00.000000151,Verified,0,Low,No,740,37,High transaction frequency; Fan-out activity,Medium,Open,False
AML-001467,89048,979,167,C_979,191.63,1970-01-01 00:00:00.000000151,Verified,0,Low,No,740,37,High transaction frequency; Fan-out activity,Medium,Open,False
AML-001468,89049,979,861,C_979,191.63,1970-01-01 00:00:00.000000151,Verified,0,Low,No,740,37,High transaction frequency; Fan-out activity,Medium,Open,False
AML-001469,89050,979,245,C_979,191.63,1970-01-01 00:00:00.000000151,Verified,0,Low,No,740,37,High transaction frequency; Fan-out activity,Medium,Open,False
AML-001470,89051,979,962,C_979,191.63,1970-01-01 00:00:00.000000151,Verified,0,Low,No,740,37,High transaction frequency; Fan-out activity,Medium,Open,False
AML-001471,89052,979,622,C_979,191.63,1970-01-01 00:00:00.000000151,Verified,0,Low,No,740,37,High transaction frequency; Fan-out activity,Medium,Open,False
AML-001472,89053,979,987,C_979,191.63,1970-01-01 00:00:00.000000151,Verified,0,Low,No,740,37,High transaction frequency; Fan-out activity,Medium,Open,False
AML-001473,89054,979,867,C_979,191.63,1970-01-01 00:00:00.000000151,Verified,0,Low,No,740,37,High transaction frequency; Fan-out activity,Medium,Open,False
AML-001474,89055,979,726,C_979,191.63,1970-01-01 00:00:00.000000151,Verified,0,Low,No,740,37,High transaction frequency; Fan-out activity,Medium,Open,False
AML-001475,89056,979,947,C_979,191.63,1970-01-01 00:00:00.000000151,Verified,0,Low,No,740,37,High transaction frequency; Fan-out activity,Medium,Open,False
AML-001476,89057,979,827,C_979,191.63,1970-01-01 00:00:00.000000151,Verified,0,Low,No,740,37,High transaction frequency; Fan-out activity,Medium,Open,False
AML-001477,89077,627,265,C_627,543874.5,1970-01-01 00:00:00.000000151,Verified,0,Low,No,14,9,Large transaction,High,Open,False
AML-001478,89095,634,996,C_634,584185.06,1970-01-01 00:00:00.000000151,Verified,40,Medium,Yes,20,9,Large transaction,High,Open,False
AML-001479,89097,739,860,C_739,552581.37,1970-01-01 00:00:00.000000151,Pending,15,Low,No,17,10,Large transaction,High,Open,False
AML-001480,89100,135,333,C_135,600420.12,1970-01-01 00:00:00.000000151,Verified,40,Medium,Yes,19,5,Large transaction,High,Open,False
AML-001481,89132,435,106,C_435,773851.37,1970-01-01 00:00:00.000000151,Verified,40,Medium,Yes,21,7,Large transaction,High,Open,False
AML-001482,89174,223,701,C_223,962866.68,1970-01-01 00:00:00.000000151,Verified,0,Low,No,23,5,Large transaction,High,Open,False
AML-001483,89176,724,708,C_724,1331056.75,1970-01-01 00:00:00.000000151,Verified,0,Low,No,25,10,Large transaction,High,Open,False
AML-001484,89178,433,514,C_433,1458790.87,1970-01-01 00:00:00.000000151,Verified,0,Low,No,21,7,Large transaction,High,Open,False
AML-001485,89209,21,945,C_21,1440576.62,1970-01-01 00:00:00.000000151,Verified,60,High,Yes,15,3,Large transaction; High-risk customer activity,High,Open,False
AML-001486,89227,532,649,C_532,788540.0,1970-01-01 00:00:00.000000151,Verified,0,Low,No,16,8,Large transaction,High,Open,False
AML-001487,89266,936,964,C_936,815974.75,1970-01-01 00:00:00.000000152,Verified,0,Low,No,15,15,Large transaction,High,Open,False
AML-001488,89278,229,927,C_229,1675891.62,1970-01-01 00:00:00.000000152,Verified,20,Low,No,27,5,Large transaction,High,Open,False
AML-001489,89362,136,873,C_136,1741441.75,1970-01-01 00:00:00.000000152,Verified,0,Low,No,20,5,Large transaction,High,Open,False
AML-001490,89366,226,956,C_226,685199.62,1970-01-01 00:00:00.000000152,Manual Review,50,Medium,Yes,17,5,Large transaction,High,Open,False
AML-001491,89383,20,142,C_20,1213647.0,1970-01-01 00:00:00.000000152,Verified,0,Low,No,29,2,Large transaction,High,Open,False
AML-001492,89384,722,948,C_722,610221.81,1970-01-01 00:00:00.000000152,Verified,0,Low,No,25,10,Large transaction,High,Open,False
AML-001493,89393,928,786,C_928,663823.68,1970-01-01 00:00:00.000000152,Verified,0,Low,No,22,22,Large transaction,High,Open,False
AML-001494,89409,831,186,C_831,703246.87,1970-01-01 00:00:00.000000152,Verified,0,Low,No,20,13,Large transaction,High,Open,False
AML-001495,89455,625,603,C_625,636900.75,1970-01-01 00:00:00.000000152,Pending,15,Low,No,20,9,Large transaction,High,Open,False
AML-001496,89476,930,647,C_930,822340.81,1970-01-01 00:00:00.000000152,Verified,0,Low,No,16,16,Large transaction,High,Open,False
AML-001497,89504,826,283,C_826,1073112.25,1970-01-01 00:00:00.000000152,Verified,20,Low,No,21,13,Large transaction,High,Open,False
AML-001498,89530,833,907,C_833,1001090.56,1970-01-01 00:00:00.000000152,Verified,40,Medium,Yes,21,13,Large transaction,High,Open,False
AML-001499,89560,626,89,C_626,754166.37,1970-01-01 00:00:00.000000152,Verified,0,Low,No,13,9,Large transaction,High,Open,False
AML-001500,89604,933,903,C_933,1148234.5,1970-01-01 00:00:00.000000152,Verified,0,Low,No,22,22,Large transaction,High,Open,False
AML-001501,89609,835,181,C_835,625561.75,1970-01-01 00:00:00.000000152,Verified,0,Low,No,19,13,Large transaction,High,Open,False
AML-001502,89615,123,838,C_123,1947305.25,1970-01-01 00:00:00.000000152,Verified,0,Low,No,22,4,Large transaction,High,Open,False
AML-001503,89636,323,979,C_323,702297.5,1970-01-01 00:00:00.000000152,Verified,0,Low,No,18,6,Large transaction,High,Open,False
AML-001504,89700,223,273,C_223,982391.68,1970-01-01 00:00:00.000000152,Verified,0,Low,No,23,5,Large transaction,High,Open,False
AML-001505,89721,29,850,C_29,476903.53,1970-01-01 00:00:00.000000152,Verified,0,Low,No,19,3,Large transaction,High,Open,False
AML-001506,89722,132,929,C_132,1000528.62,1970-01-01 00:00:00.000000152,Pending,15,Low,No,25,5,Large transaction,High,Open,False
AML-001507,89742,433,921,C_433,1523909.87,1970-01-01 00:00:00.000000152,Verified,0,Low,No,21,7,Large transaction,High,Open,False
AML-001508,89774,827,695,C_827,478254.43,1970-01-01 00:00:00.000000152,Manual Review,50,Medium,Yes,21,13,Large transaction,High,Open,False
AML-001509,89792,722,949,C_722,610295.81,1970-01-01 00:00:00.000000153,Verified,0,Low,No,25,10,Large transaction,High,Open,False
AML-001510,89817,126,793,C_126,1754553.25,1970-01-01 00:00:00.000000153,Verified,0,Low,No,23,4,Large transaction,High,Open,False
AML-001511,89820,29,966,C_29,476825.25,1970-01-01 00:00:00.000000153,Verified,0,Low,No,19,3,Large transaction,High,Open,False
AML-001512,89833,322,583,C_322,1074239.62,1970-01-01 00:00:00.000000153,Verified,0,Low,No,25,6,Large transaction,High,Open,False
AML-001513,89839,820,898,C_820,672528.68,1970-01-01 00:00:00.000000153,Verified,40,Medium,Yes,13,13,Large transaction,High,Open,False
AML-001514,89918,928,544,C_928,663701.75,1970-01-01 00:00:00.000000153,Verified,0,Low,No,22,22,Large transaction,High,Open,False
AML-001515,89984,232,738,C_232,837120.87,1970-01-01 00:00:00.000000153,Verified,0,Low,No,21,5,Large transaction,High,Open,False
AML-001516,90002,424,966,C_424,571955.25,1970-01-01 00:00:00.000000153,Pending,15,Low,No,27,11,Large transaction,High,Open,False
AML-001517,90010,922,688,C_922,1026646.75,1970-01-01 00:00:00.000000153,Manual Review,50,Medium,Yes,14,14,Large transaction,High,Open,False
AML-001518,90026,828,953,C_828,636453.12,1970-01-01 00:00:00.000000153,Verified,0,Low,No,25,13,Large transaction,High,Open,False
AML-001519,90046,338,920,C_338,1426190.62,1970-01-01 00:00:00.000000153,Verified,0,Low,No,19,6,Large transaction,High,Open,False
AML-001520,90132,739,289,C_739,657474.81,1970-01-01 00:00:00.000000153,Pending,15,Low,No,17,10,Large transaction,High,Open,False
AML-001521,90147,227,186,C_227,1817784.25,1970-01-01 00:00:00.000000153,Verified,0,Low,No,20,5,Large transaction,High,Open,False
AML-001522,90161,324,35,C_324,581496.12,1970-01-01 00:00:00.000000153,Verified,0,Low,No,29,6,Large transaction,High,Open,False
AML-001523,90164,622,128,C_622,877882.87,1970-01-01 00:00:00.000000153,Verified,0,Low,No,18,9,Large transaction,High,Open,False
AML-001524,90213,128,241,C_128,548759.93,1970-01-01 00:00:00.000000153,Verified,0,Low,No,26,4,Large transaction,High,Open,False
AML-001525,90248,626,68,C_626,823482.93,1970-01-01 00:00:00.000000153,Verified,0,Low,No,13,9,Large transaction,High,Open,False
AML-001526,90300,727,932,C_727,697780.43,1970-01-01 00:00:00.000000153,Pending,35,Medium,No,16,10,Large transaction,High,Open,False
AML-001527,90323,339,509,C_339,647310.25,1970-01-01 00:00:00.000000153,Verified,0,Low,No,16,6,Large transaction,High,Open,False
AML-001528,90368,623,997,C_623,1014190.12,1970-01-01 00:00:00.000000153,Verified,0,Low,No,26,9,Large transaction,High,Open,False
AML-001529,90376,736,769,C_736,542725.93,1970-01-01 00:00:00.000000153,Pending,15,Low,No,26,10,Large transaction,High,Open,False
AML-001530,90389,825,950,C_825,852182.0,1970-01-01 00:00:00.000000153,Verified,0,Low,No,11,11,Large transaction,High,Open,False
AML-001531,90392,439,324,C_439,1602889.75,1970-01-01 00:00:00.000000153,Verified,0,Low,No,20,7,Large transaction,High,Open,False
AML-001532,90434,833,909,C_833,1001382.56,1970-01-01 00:00:00.000000153,Verified,40,Medium,Yes,21,13,Large transaction,High,Open,False
AML-001533,90437,829,734,C_829,971830.75,1970-01-01 00:00:00.000000153,Verified,0,Low,No,14,13,Large transaction,High,Open,False
AML-001534,90441,929,617,C_929,634999.18,1970-01-01 00:00:00.000000153,Verified,0,Low,No,24,21,Large transaction,High,Open,False
AML-001535,90482,231,769,C_231,762514.25,1970-01-01 00:00:00.000000153,Verified,0,Low,No,19,5,Large transaction,High,Open,False
AML-001536,90523,927,957,C_927,822055.68,1970-01-01 00:00:00.000000154,Verified,0,Low,No,20,20,Large transaction,High,Open,False
AML-001537,90555,230,448,C_230,1963602.37,1970-01-01 00:00:00.000000154,Verified,0,Low,No,22,5,Large transaction,High,Open,False
AML-001538,90621,826,990,C_826,1161963.5,1970-01-01 00:00:00.000000154,Verified,20,Low,No,21,13,Large transaction,High,Open,False
AML-001539,90635,735,156,C_735,1437276.37,1970-01-01 00:00:00.000000154,Verified,0,Low,No,16,10,Large transaction,High,Open,False
AML-001540,90636,835,331,C_835,625735.43,1970-01-01 00:00:00.000000154,Verified,0,Low,No,19,13,Large transaction,High,Open,False
AML-001541,90684,824,487,C_824,746229.31,1970-01-01 00:00:00.000000154,Verified,0,Low,No,19,13,Large transaction,High,Open,False
AML-001542,90700,833,121,C_833,1033699.0,1970-01-01 00:00:00.000000154,Verified,40,Medium,Yes,21,13,Large transaction,High,Open,False
AML-001543,90753,37,745,C_37,623570.56,1970-01-01 00:00:00.000000154,Manual Review,50,Medium,Yes,16,3,Large transaction,High,Open,False
AML-001544,90754,231,579,C_231,762222.0,1970-01-01 00:00:00.000000154,Verified,0,Low,No,19,5,Large transaction,High,Open,False
AML-001545,90857,328,294,C_328,1859225.5,1970-01-01 00:00:00.000000154,Verified,0,Low,No,24,6,Large transaction,High,Open,False
AML-001546,90902,524,949,C_524,888667.5,1970-01-01 00:00:00.000000154,Verified,40,Medium,Yes,21,8,Large transaction,High,Open,False
AML-001547,90917,820,359,C_820,780395.43,1970-01-01 00:00:00.000000154,Verified,40,Medium,Yes,13,13,Large transaction,High,Open,False
AML-001548,91025,132,544,C_132,1133239.12,1970-01-01 00:00:00.000000154,Pending,15,Low,No,25,5,Large transaction,High,Open,False
AML-001549,91054,322,430,C_322,1019601.18,1970-01-01 00:00:00.000000154,Verified,0,Low,No,25,6,Large transaction,High,Open,False
AML-001550,91065,625,967,C_625,636985.37,1970-01-01 00:00:00.000000154,Pending,15,Low,No,20,9,Large transaction,High,Open,False
AML-001551,91108,326,451,C_326,805838.0,1970-01-01 00:00:00.000000154,Verified,0,Low,No,22,6,Large transaction,High,Open,False
AML-001552,91131,239,739,C_239,1052602.0,1970-01-01 00:00:00.000000154,Verified,0,Low,No,26,5,Large transaction,High,Open,False
AML-001553,91138,629,460,C_629,879848.43,1970-01-01 00:00:00.000000154,Verified,0,Low,No,21,9,Large transaction,High,Open,False
AML-001554,91172,521,605,C_521,568126.18,1970-01-01 00:00:00.000000154,Pending,15,Low,No,23,7,Large transaction,High,Open,False
AML-001555,91375,833,990,C_833,1033644.0,1970-01-01 00:00:00.000000155,Verified,40,Medium,Yes,21,13,Large transaction,High,Open,False
AML-001556,91490,136,955,C_136,1742047.75,1970-01-01 00:00:00.000000155,Verified,0,Low,No,20,5,Large transaction,High,Open,False
AML-001557,91494,427,802,C_427,628431.31,1970-01-01 00:00:00.000000155,Verified,0,Low,No,20,7,Large transaction,High,Open,False
AML-001558,91521,239,484,C_239,1178197.62,1970-01-01 00:00:00.000000155,Verified,0,Low,No,26,5,Large transaction,High,Open,False
AML-001559,91524,633,211,C_633,572177.87,1970-01-01 00:00:00.000000155,Verified,0,Low,No,14,9,Large transaction,High,Open,False
AML-001560,91569,837,609,C_837,1601160.87,1970-01-01 00:00:00.000000155,Verified,0,Low,No,20,13,Large transaction,High,Open,False
AML-001561,91613,25,976,C_25,872624.93,1970-01-01 00:00:00.000000155,Verified,0,Low,No,25,3,Large transaction,High,Open,False
AML-001562,91614,630,723,C_630,700567.93,1970-01-01 00:00:00.000000155,Verified,20,Low,No,19,9,Large transaction,High,Open,False
AML-001563,91674,220,588,C_220,475019.93,1970-01-01 00:00:00.000000155,Verified,0,Low,No,22,5,Large transaction,High,Open,False
AML-001564,91692,326,980,C_326,710585.68,1970-01-01 00:00:00.000000155,Verified,0,Low,No,22,6,Large transaction,High,Open,False
AML-001565,91725,437,914,C_437,512584.25,1970-01-01 00:00:00.000000155,Verified,0,Low,No,11,7,Large transaction,High,Open,False
AML-001566,91738,137,849,C_137,1051125.87,1970-01-01 00:00:00.000000155,Verified,0,Low,No,20,6,Large transaction,High,Open,False
AML-001567,91759,31,302,C_31,1192091.87,1970-01-01 00:00:00.000000155,Verified,0,Low,No,24,3,Large transaction,High,Open,False
AML-001568,91779,324,486,C_324,878916.56,1970-01-01 00:00:00.000000155,Verified,0,Low,No,29,6,Large transaction,High,Open,False
AML-001569,91836,439,507,C_439,1602131.75,1970-01-01 00:00:00.000000155,Verified,0,Low,No,20,7,Large transaction,High,Open,False
AML-001570,91863,420,999,C_420,456706.5,1970-01-01 00:00:00.000000155,Manual Review,50,Medium,Yes,18,7,Large transaction,High,Open,False
AML-001571,91882,125,642,C_125,701727.12,1970-01-01 00:00:00.000000156,Verified,0,Low,No,14,6,Large transaction,High,Open,False
AML-001572,91883,122,934,C_122,652434.87,1970-01-01 00:00:00.000000156,Verified,0,Low,No,23,4,Large transaction,High,Open,False
AML-001573,91904,829,703,C_829,971992.68,1970-01-01 00:00:00.000000156,Verified,0,Low,No,14,13,Large transaction,High,Open,False
AML-001574,91964,324,245,C_324,878786.75,1970-01-01 00:00:00.000000156,Verified,0,Low,No,29,6,Large transaction,High,Open,False
AML-001575,91965,235,859,C_235,780091.31,1970-01-01 00:00:00.000000156,Verified,0,Low,No,21,5,Large transaction,High,Open,False
AML-001576,91973,25,175,C_25,872632.43,1970-01-01 00:00:00.000000156,Verified,0,Low,No,25,3,Large transaction,High,Open,False
AML-001577,92028,924,506,C_924,749282.25,1970-01-01 00:00:00.000000156,Verified,0,Low,No,22,19,Large transaction,High,Open,False
AML-001578,92031,839,902,C_839,941999.56,1970-01-01 00:00:00.000000156,Verified,0,Low,No,19,14,Large transaction,High,Open,False
AML-001579,92078,622,997,C_622,994166.87,1970-01-01 00:00:00.000000156,Verified,0,Low,No,18,9,Large transaction,High,Open,False
AML-001580,92103,736,912,C_736,542611.18,1970-01-01 00:00:00.000000156,Pending,15,Low,No,26,10,Large transaction,High,Open,False
AML-001581,92162,26,615,C_26,916486.25,1970-01-01 00:00:00.000000156,Pending,15,Low,No,18,3,Large transaction,High,Open,False
AML-001582,92210,437,608,C_437,512731.9,1970-01-01 00:00:00.000000156,Verified,0,Low,No,11,7,Large transaction,High,Open,False
AML-001583,92220,836,989,C_836,1109553.25,1970-01-01 00:00:00.000000156,Verified,0,Low,No,17,13,Large transaction,High,Open,False
AML-001584,92231,427,583,C_427,728612.31,1970-01-01 00:00:00.000000156,Verified,0,Low,No,20,7,Large transaction,High,Open,False
AML-001585,92246,430,519,C_430,813529.56,1970-01-01 00:00:00.000000156,Verified,0,Low,No,19,7,Large transaction,High,Open,False
AML-001586,92248,629,708,C_629,880137.81,1970-01-01 00:00:00.000000156,Verified,0,Low,No,21,9,Large transaction,High,Open,False
AML-001587,92250,934,743,C_934,574491.75,1970-01-01 00:00:00.000000156,Verified,0,Low,No,16,16,Large transaction,High,Open,False
AML-001588,92256,534,476,C_534,1314998.87,1970-01-01 00:00:00.000000156,Verified,0,Low,No,14,8,Large transaction,High,Open,False
AML-001589,92300,35,635,C_35,660131.87,1970-01-01 00:00:00.000000156,Verified,0,Low,No,21,3,Large transaction,High,Open,False
AML-001590,92308,34,993,C_34,2955987.0,1970-01-01 00:00:00.000000156,Pending,15,Low,No,29,3,Large transaction,High,Open,False
AML-001591,92318,521,591,C_521,568344.43,1970-01-01 00:00:00.000000156,Pending,15,Low,No,23,7,Large transaction,High,Open,False
AML-001592,92367,935,92,C_935,915505.37,1970-01-01 00:00:00.000000156,Verified,0,Low,No,24,23,Large transaction,High,Open,False
AML-001593,92370,137,829,C_137,1544029.37,1970-01-01 00:00:00.000000156,Verified,0,Low,No,20,6,Large transaction,High,Open,False
AML-001594,92460,320,469,C_320,2050496.12,1970-01-01 00:00:00.000000156,Verified,0,Low,No,22,6,Large transaction,High,Open,False
AML-001595,92494,637,269,C_637,568437.25,1970-01-01 00:00:00.000000156,Verified,0,Low,No,21,9,Large transaction,High,Open,False
AML-001596,92556,839,17,C_839,974872.87,1970-01-01 00:00:00.000000157,Verified,0,Low,No,19,14,Large transaction,High,Open,False
AML-001597,92648,522,267,C_522,1123668.12,1970-01-01 00:00:00.000000157,Verified,0,Low,No,15,8,Large transaction,High,Open,False
AML-001598,92677,425,437,C_425,636193.0,1970-01-01 00:00:00.000000157,Verified,0,Low,No,29,6,Large transaction,High,Open,False
AML-001599,92702,523,888,C_523,1890002.5,1970-01-01 00:00:00.000000157,Verified,0,Low,No,24,8,Large transaction,High,Open,False
AML-001600,92765,921,571,C_921,1125879.25,1970-01-01 00:00:00.000000157,Pending,15,Low,No,21,19,Large transaction,High,Open,False
AML-001601,92780,532,309,C_532,1027631.5,1970-01-01 00:00:00.000000157,Verified,0,Low,No,16,8,Large transaction,High,Open,False
AML-001602,92789,34,943,C_34,2956041.75,1970-01-01 00:00:00.000000157,Pending,15,Low,No,29,3,Large transaction,High,Open,False
AML-001603,92949,326,247,C_326,710777.43,1970-01-01 00:00:00.000000157,Verified,0,Low,No,22,6,Large transaction,High,Open,False
AML-001604,93032,637,148,C_637,568346.5,1970-01-01 00:00:00.000000157,Verified,0,Low,No,21,9,Large transaction,High,Open,False
AML-001605,93061,432,990,C_432,1452157.0,1970-01-01 00:00:00.000000157,Verified,0,Low,No,19,7,Large transaction,High,Open,False
AML-001606,93072,528,419,C_528,1216046.37,1970-01-01 00:00:00.000000157,Verified,0,Low,No,19,8,Large transaction,High,Open,False
AML-001607,93075,337,233,C_337,1065654.5,1970-01-01 00:00:00.000000157,Verified,0,Low,No,15,6,Large transaction,High,Open,False
AML-001608,93076,822,827,C_822,1291297.75,1970-01-01 00:00:00.000000157,Verified,0,Low,No,15,13,Large transaction,High,Open,False
AML-001609,93178,437,131,C_437,513123.0,1970-01-01 00:00:00.000000157,Verified,0,Low,No,11,7,Large transaction,High,Open,False
AML-001610,93189,729,998,C_729,1335798.75,1970-01-01 00:00:00.000000157,Verified,0,Low,No,19,10,Large transaction,High,Open,False
AML-001611,93231,431,444,C_431,1686558.37,1970-01-01 00:00:00.000000158,Verified,0,Low,No,21,7,Large transaction,High,Open,False
AML-001612,93275,838,461,C_838,518949.03,1970-01-01 00:00:00.000000158,Verified,0,Low,No,17,13,Large transaction,High,Open,False
AML-001613,93312,725,692,C_725,968488.31,1970-01-01 00:00:00.000000158,Verified,0,Low,No,22,10,Large transaction,High,Open,False
AML-001614,93423,236,248,C_236,2659461.5,1970-01-01 00:00:00.000000158,Verified,0,Low,No,22,5,Large transaction,High,Open,False
AML-001615,93445,724,175,C_724,1934196.62,1970-01-01 00:00:00.000000158,Verified,0,Low,No,25,10,Large transaction,High,Open,False
AML-001616,93491,330,939,C_330,1582765.37,1970-01-01 00:00:00.000000158,Verified,0,Low,No,31,6,Large transaction,High,Open,False
AML-001617,93558,935,769,C_935,1041348.06,1970-01-01 00:00:00.000000158,Verified,0,Low,No,24,23,Large transaction,High,Open,False
AML-001618,93622,734,989,C_734,1195039.25,1970-01-01 00:00:00.000000158,Verified,0,Low,No,23,10,Large transaction,High,Open,False
AML-001619,93646,26,183,C_26,915912.43,1970-01-01 00:00:00.000000158,Pending,15,Low,No,18,3,Large transaction,High,Open,False
AML-001620,93666,932,945,C_932,922003.06,1970-01-01 00:00:00.000000159,Verified,0,Low,No,18,17,Large transaction,High,Open,False
AML-001621,93685,236,702,C_236,2898524.0,1970-01-01 00:00:00.000000159,Verified,0,Low,No,22,5,Large transaction,High,Open,False
AML-001622,93722,20,151,C_20,2033040.75,1970-01-01 00:00:00.000000159,Verified,0,Low,No,29,2,Large transaction,High,Open,False
AML-001623,93727,435,647,C_435,889774.87,1970-01-01 00:00:00.000000159,Verified,40,Medium,Yes,21,7,Large transaction,High,Open,False
AML-001624,93728,138,911,C_138,666380.5,1970-01-01 00:00:00.000000159,Verified,0,Low,No,19,5,Large transaction,High,Open,False
AML-001625,93739,929,716,C_929,655108.37,1970-01-01 00:00:00.000000159,Verified,0,Low,No,24,21,Large transaction,High,Open,False
AML-001626,93773,935,616,C_935,1041405.56,1970-01-01 00:00:00.000000159,Verified,0,Low,No,24,23,Large transaction,High,Open,False
AML-001627,93798,428,901,C_428,814939.93,1970-01-01 00:00:00.000000159,Verified,0,Low,No,24,7,Large transaction,High,Open,False
AML-001628,93821,931,764,C_931,1195085.5,1970-01-01 00:00:00.000000159,Verified,40,Medium,Yes,18,18,Large transaction,High,Open,False
AML-001629,93931,533,998,C_533,519332.71,1970-01-01 00:00:00.000000159,Verified,0,Low,No,26,8,Large transaction,High,Open,False
AML-001630,93934,527,978,C_527,913397.12,1970-01-01 00:00:00.000000159,Verified,0,Low,No,17,8,Large transaction,High,Open,False
AML-001631,93941,836,915,C_836,1180163.12,1970-01-01 00:00:00.000000159,Verified,0,Low,No,17,13,Large transaction,High,Open,False
AML-001632,93942,34,353,C_34,3633581.25,1970-01-01 00:00:00.000000159,Pending,15,Low,No,29,3,Large transaction,High,Open,False
AML-001633,93968,123,340,C_123,1948546.62,1970-01-01 00:00:00.000000159,Verified,0,Low,No,22,4,Large transaction,High,Open,False
AML-001634,94077,536,352,C_536,692587.0,1970-01-01 00:00:00.000000159,Verified,0,Low,No,22,9,Large transaction,High,Open,False
AML-001635,94134,834,459,C_834,677410.68,1970-01-01 00:00:00.000000159,Verified,0,Low,No,23,13,Large transaction,High,Open,False
AML-001636,94188,926,877,C_926,1286254.62,1970-01-01 00:00:00.000000160,Verified,0,Low,No,20,20,Large transaction,High,Open,False
AML-001637,94206,936,514,C_936,1107153.5,1970-01-01 00:00:00.000000160,Verified,0,Low,No,15,15,Large transaction,High,Open,False
AML-001638,94261,526,912,C_526,1350216.37,1970-01-01 00:00:00.000000160,Verified,0,Low,No,17,8,Large transaction,High,Open,False
AML-001639,94302,632,892,C_632,1826424.5,1970-01-01 00:00:00.000000160,Verified,0,Low,No,22,9,Large transaction,High,Open,False
AML-001640,94303,724,210,C_724,1934256.75,1970-01-01 00:00:00.000000160,Verified,0,Low,No,25,10,Large transaction,High,Open,False
AML-001641,94320,623,403,C_623,1440763.75,1970-01-01 00:00:00.000000160,Verified,0,Low,No,26,9,Large transaction,High,Open,False
AML-001642,94343,524,782,C_524,1081126.75,1970-01-01 00:00:00.000000160,Verified,40,Medium,Yes,21,8,Large transaction,High,Open,False
AML-001643,94404,238,648,C_238,687723.93,1970-01-01 00:00:00.000000160,Verified,0,Low,No,23,5,Large transaction,High,Open,False
AML-001644,94435,628,522,C_628,1936130.87,1970-01-01 00:00:00.000000160,Verified,0,Low,No,16,9,Large transaction,High,Open,False
AML-001645,94463,730,929,C_730,1450963.62,1970-01-01 00:00:00.000000160,Verified,0,Low,No,14,10,Large transaction,High,Open,False
AML-001646,94471,330,55,C_330,1692154.0,1970-01-01 00:00:00.000000160,Verified,0,Low,No,31,6,Large transaction,High,Open,False
AML-001647,94485,824,564,C_824,973112.06,1970-01-01 00:00:00.000000160,Verified,0,Low,No,19,13,Large transaction,High,Open,False
AML-001648,94491,725,981,C_725,968578.0,1970-01-01 00:00:00.000000160,Verified,0,Low,No,22,10,Large transaction,High,Open,False
AML-001649,94511,435,758,C_435,1028281.62,1970-01-01 00:00:00.000000160,Verified,40,Medium,Yes,21,7,Large transaction,High,Open,False
AML-001650,94523,428,956,C_428,815302.62,1970-01-01 00:00:00.000000160,Verified,0,Low,No,24,7,Large transaction,High,Open,False
AML-001651,94530,232,826,C_232,1430679.75,1970-01-01 00:00:00.000000160,Verified,0,Low,No,21,5,Large transaction,High,Open,False
AML-001652,94545,28,989,C_28,876739.93,1970-01-01 00:00:00.000000160,Verified,40,Medium,Yes,19,3,Large transaction,High,Open,False
AML-001653,94558,130,215,C_130,2556423.5,1970-01-01 00:00:00.000000160,Rejected,60,High,Yes,18,5,Large transaction; High-risk customer activity,High,Open,False
AML-001654,94562,635,926,C_635,1153080.0,1970-01-01 00:00:00.000000160,Verified,0,Low,No,22,9,Large transaction,High,Open,False
AML-001655,94579,734,946,C_734,1383131.5,1970-01-01 00:00:00.000000160,Verified,0,Low,No,23,10,Large transaction,High,Open,False
AML-001656,94590,638,966,C_638,693891.18,1970-01-01 00:00:00.000000160,Pending,35,Medium,No,20,9,Large transaction,High,Open,False
AML-001657,94620,332,420,C_332,2444883.75,1970-01-01 00:00:00.000000161,Verified,0,Low,No,19,7,Large transaction,High,Open,False
AML-001658,94627,978,473,C_978,135.33,1970-01-01 00:00:00.000000161,Pending,15,Low,No,761,39,High transaction frequency; Fan-out activity,Medium,Open,False
AML-001659,94628,978,452,C_978,135.33,1970-01-01 00:00:00.000000161,Pending,15,Low,No,761,39,High transaction frequency; Fan-out activity,Medium,Open,False
AML-001660,94629,978,233,C_978,135.33,1970-01-01 00:00:00.000000161,Pending,15,Low,No,761,39,High transaction frequency; Fan-out activity,Medium,Open,False
AML-001661,94630,978,454,C_978,135.33,1970-01-01 00:00:00.000000161,Pending,15,Low,No,761,39,High transaction frequency; Fan-out activity,Medium,Open,False
AML-001662,94631,978,971,C_978,135.33,1970-01-01 00:00:00.000000161,Pending,15,Low,No,761,39,High transaction frequency; Fan-out activity,Medium,Open,False
AML-001663,94632,978,993,C_978,135.33,1970-01-01 00:00:00.000000161,Pending,15,Low,No,761,39,High transaction frequency; Fan-out activity,Medium,Open,False
AML-001664,94633,978,894,C_978,135.33,1970-01-01 00:00:00.000000161,Pending,15,Low,No,761,39,High transaction frequency; Fan-out activity,Medium,Open,False
AML-001665,94634,978,598,C_978,135.33,1970-01-01 00:00:00.000000161,Pending,15,Low,No,761,39,High transaction frequency; Fan-out activity,Medium,Open,False
AML-001666,94635,978,235,C_978,135.33,1970-01-01 00:00:00.000000161,Pending,15,Low,No,761,39,High transaction frequency; Fan-out activity,Medium,Open,False
AML-001667,94636,978,775,C_978,135.33,1970-01-01 00:00:00.000000161,Pending,15,Low,No,761,39,High transaction frequency; Fan-out activity,Medium,Open,False
AML-001668,94637,978,511,C_978,135.33,1970-01-01 00:00:00.000000161,Pending,15,Low,No,761,39,High transaction frequency; Fan-out activity,Medium,Open,False
AML-001669,94638,978,974,C_978,135.33,1970-01-01 00:00:00.000000161,Pending,15,Low,No,761,39,High transaction frequency; Fan-out activity,Medium,Open,False
AML-001670,94639,978,732,C_978,135.33,1970-01-01 00:00:00.000000161,Pending,15,Low,No,761,39,High transaction frequency; Fan-out activity,Medium,Open,False
AML-001671,94640,978,832,C_978,135.33,1970-01-01 00:00:00.000000161,Pending,15,Low,No,761,39,High transaction frequency; Fan-out activity,Medium,Open,False
AML-001672,94641,978,854,C_978,135.33,1970-01-01 00:00:00.000000161,Pending,15,Low,No,761,39,High transaction frequency; Fan-out activity,Medium,Open,False
AML-001673,94642,978,997,C_978,135.33,1970-01-01 00:00:00.000000161,Pending,15,Low,No,761,39,High transaction frequency; Fan-out activity,Medium,Open,False
AML-001674,94643,978,755,C_978,135.33,1970-01-01 00:00:00.000000161,Pending,15,Low,No,761,39,High transaction frequency; Fan-out activity,Medium,Open,False
AML-001675,94644,978,998,C_978,135.33,1970-01-01 00:00:00.000000161,Pending,15,Low,No,761,39,High transaction frequency; Fan-out activity,Medium,Open,False
AML-001676,94645,978,812,C_978,135.33,1970-01-01 00:00:00.000000161,Pending,15,Low,No,761,39,High transaction frequency; Fan-out activity,Medium,Open,False
AML-001677,94646,978,636,C_978,135.33,1970-01-01 00:00:00.000000161,Pending,15,Low,No,761,39,High transaction frequency; Fan-out activity,Medium,Open,False
AML-001678,94647,978,736,C_978,135.33,1970-01-01 00:00:00.000000161,Pending,15,Low,No,761,39,High transaction frequency; Fan-out activity,Medium,Open,False
AML-001679,94648,978,814,C_978,135.33,1970-01-01 00:00:00.000000161,Pending,15,Low,No,761,39,High transaction frequency; Fan-out activity,Medium,Open,False
AML-001680,94649,978,836,C_978,135.33,1970-01-01 00:00:00.000000161,Pending,15,Low,No,761,39,High transaction frequency; Fan-out activity,Medium,Open,False
AML-001681,94650,978,936,C_978,135.33,1970-01-01 00:00:00.000000161,Pending,15,Low,No,761,39,High transaction frequency; Fan-out activity,Medium,Open,False
AML-001682,94651,978,937,C_978,135.33,1970-01-01 00:00:00.000000161,Pending,15,Low,No,761,39,High transaction frequency; Fan-out activity,Medium,Open,False
AML-001683,94652,978,818,C_978,135.33,1970-01-01 00:00:00.000000161,Pending,15,Low,No,761,39,High transaction frequency; Fan-out activity,Medium,Open,False
AML-001684,94653,978,918,C_978,135.33,1970-01-01 00:00:00.000000161,Pending,15,Low,No,761,39,High transaction frequency; Fan-out activity,Medium,Open,False
AML-001685,94654,978,682,C_978,135.33,1970-01-01 00:00:00.000000161,Pending,15,Low,No,761,39,High transaction frequency; Fan-out activity,Medium,Open,False
AML-001686,94655,978,222,C_978,135.33,1970-01-01 00:00:00.000000161,Pending,15,Low,No,761,39,High transaction frequency; Fan-out activity,Medium,Open,False
AML-001687,94656,978,641,C_978,135.33,1970-01-01 00:00:00.000000161,Pending,15,Low,No,761,39,High transaction frequency; Fan-out activity,Medium,Open,False
AML-001688,94657,978,985,C_978,135.33,1970-01-01 00:00:00.000000161,Pending,15,Low,No,761,39,High transaction frequency; Fan-out activity,Medium,Open,False
AML-001689,94658,978,248,C_978,135.33,1970-01-01 00:00:00.000000161,Pending,15,Low,No,761,39,High transaction frequency; Fan-out activity,Medium,Open,False
AML-001690,94659,978,645,C_978,135.33,1970-01-01 00:00:00.000000161,Pending,15,Low,No,761,39,High transaction frequency; Fan-out activity,Medium,Open,False
AML-001691,94660,978,942,C_978,135.33,1970-01-01 00:00:00.000000161,Pending,15,Low,No,761,39,High transaction frequency; Fan-out activity,Medium,Open,False
AML-001692,94661,978,986,C_978,135.33,1970-01-01 00:00:00.000000161,Pending,15,Low,No,761,39,High transaction frequency; Fan-out activity,Medium,Open,False
AML-001693,94662,978,944,C_978,135.33,1970-01-01 00:00:00.000000161,Pending,15,Low,No,761,39,High transaction frequency; Fan-out activity,Medium,Open,False
AML-001694,94663,978,649,C_978,135.33,1970-01-01 00:00:00.000000161,Pending,15,Low,No,761,39,High transaction frequency; Fan-out activity,Medium,Open,False
AML-001695,94664,978,906,C_978,135.33,1970-01-01 00:00:00.000000161,Pending,15,Low,No,761,39,High transaction frequency; Fan-out activity,Medium,Open,False
AML-001696,94752,828,548,C_828,800269.37,1970-01-01 00:00:00.000000161,Verified,0,Low,No,25,13,Large transaction,High,Open,False
AML-001697,94765,238,352,C_238,688042.12,1970-01-01 00:00:00.000000161,Verified,0,Low,No,23,5,Large transaction,High,Open,False
AML-001698,94807,429,276,C_429,1023027.12,1970-01-01 00:00:00.000000161,Pending,15,Low,No,24,7,Large transaction,High,Open,False
AML-001699,94823,824,930,C_824,973216.37,1970-01-01 00:00:00.000000161,Verified,0,Low,No,19,13,Large transaction,High,Open,False
AML-001700,94827,138,365,C_138,1155392.87,1970-01-01 00:00:00.000000161,Verified,0,Low,No,19,5,Large transaction,High,Open,False
AML-001701,94829,29,167,C_29,687937.56,1970-01-01 00:00:00.000000161,Verified,0,Low,No,19,3,Large transaction,High,Open,False
AML-001702,94936,135,513,C_135,1424476.87,1970-01-01 00:00:00.000000161,Verified,40,Medium,Yes,19,5,Large transaction,High,Open,False
AML-001703,94986,938,944,C_938,1181360.75,1970-01-01 00:00:00.000000161,Verified,0,Low,No,24,23,Large transaction,High,Open,False
AML-001704,95022,229,854,C_229,2634089.5,1970-01-01 00:00:00.000000161,Verified,20,Low,No,27,5,Large transaction,High,Open,False
AML-001705,95035,330,960,C_330,2400267.5,1970-01-01 00:00:00.000000161,Verified,0,Low,No,31,6,Large transaction,High,Open,False
AML-001706,95041,979,153,C_979,191.63,1970-01-01 00:00:00.000000161,Verified,0,Low,No,740,37,High transaction frequency; Fan-out activity,Medium,Open,False
AML-001707,95042,979,891,C_979,191.63,1970-01-01 00:00:00.000000161,Verified,0,Low,No,740,37,High transaction frequency; Fan-out activity,Medium,Open,False
AML-001708,95043,979,793,C_979,191.63,1970-01-01 00:00:00.000000161,Verified,0,Low,No,740,37,High transaction frequency; Fan-out activity,Medium,Open,False
AML-001709,95044,979,892,C_979,191.63,1970-01-01 00:00:00.000000161,Verified,0,Low,No,740,37,High transaction frequency; Fan-out activity,Medium,Open,False
AML-001710,95045,979,970,C_979,191.63,1970-01-01 00:00:00.000000161,Verified,0,Low,No,740,37,High transaction frequency; Fan-out activity,Medium,Open,False
AML-001711,95046,979,354,C_979,191.63,1970-01-01 00:00:00.000000161,Verified,0,Low,No,740,37,High transaction frequency; Fan-out activity,Medium,Open,False
AML-001712,95047,979,993,C_979,191.63,1970-01-01 00:00:00.000000161,Verified,0,Low,No,740,37,High transaction frequency; Fan-out activity,Medium,Open,False
AML-001713,95048,979,851,C_979,191.63,1970-01-01 00:00:00.000000161,Verified,0,Low,No,740,37,High transaction frequency; Fan-out activity,Medium,Open,False
AML-001714,95049,979,994,C_979,191.63,1970-01-01 00:00:00.000000161,Verified,0,Low,No,740,37,High transaction frequency; Fan-out activity,Medium,Open,False
AML-001715,95050,979,631,C_979,191.63,1970-01-01 00:00:00.000000161,Verified,0,Low,No,740,37,High transaction frequency; Fan-out activity,Medium,Open,False
AML-001716,95051,979,995,C_979,191.63,1970-01-01 00:00:00.000000161,Verified,0,Low,No,740,37,High transaction frequency; Fan-out activity,Medium,Open,False
AML-001717,95052,979,435,C_979,191.63,1970-01-01 00:00:00.000000161,Verified,0,Low,No,740,37,High transaction frequency; Fan-out activity,Medium,Open,False
AML-001718,95053,979,974,C_979,191.63,1970-01-01 00:00:00.000000161,Verified,0,Low,No,740,37,High transaction frequency; Fan-out activity,Medium,Open,False
AML-001719,95054,979,732,C_979,191.63,1970-01-01 00:00:00.000000161,Verified,0,Low,No,740,37,High transaction frequency; Fan-out activity,Medium,Open,False
AML-001720,95055,979,754,C_979,191.63,1970-01-01 00:00:00.000000161,Verified,0,Low,No,740,37,High transaction frequency; Fan-out activity,Medium,Open,False
AML-001721,95056,979,953,C_979,191.63,1970-01-01 00:00:00.000000161,Verified,0,Low,No,740,37,High transaction frequency; Fan-out activity,Medium,Open,False
AML-001722,95057,979,315,C_979,191.63,1970-01-01 00:00:00.000000161,Verified,0,Low,No,740,37,High transaction frequency; Fan-out activity,Medium,Open,False
AML-001723,95058,979,317,C_979,191.63,1970-01-01 00:00:00.000000161,Verified,0,Low,No,740,37,High transaction frequency; Fan-out activity,Medium,Open,False
AML-001724,95059,979,934,C_979,191.63,1970-01-01 00:00:00.000000161,Verified,0,Low,No,740,37,High transaction frequency; Fan-out activity,Medium,Open,False
AML-001725,95060,979,978,C_979,191.63,1970-01-01 00:00:00.000000161,Verified,0,Low,No,740,37,High transaction frequency; Fan-out activity,Medium,Open,False
AML-001726,95061,979,282,C_979,191.63,1970-01-01 00:00:00.000000161,Verified,0,Low,No,740,37,High transaction frequency; Fan-out activity,Medium,Open,False
AML-001727,95062,979,262,C_979,191.63,1970-01-01 00:00:00.000000161,Verified,0,Low,No,740,37,High transaction frequency; Fan-out activity,Medium,Open,False
AML-001728,95063,979,185,C_979,191.63,1970-01-01 00:00:00.000000161,Verified,0,Low,No,740,37,High transaction frequency; Fan-out activity,Medium,Open,False
AML-001729,95064,979,384,C_979,191.63,1970-01-01 00:00:00.000000161,Verified,0,Low,No,740,37,High transaction frequency; Fan-out activity,Medium,Open,False
AML-001730,95065,979,164,C_979,191.63,1970-01-01 00:00:00.000000161,Verified,0,Low,No,740,37,High transaction frequency; Fan-out activity,Medium,Open,False
AML-001731,95066,979,241,C_979,191.63,1970-01-01 00:00:00.000000161,Verified,0,Low,No,740,37,High transaction frequency; Fan-out activity,Medium,Open,False
AML-001732,95067,979,760,C_979,191.63,1970-01-01 00:00:00.000000161,Verified,0,Low,No,740,37,High transaction frequency; Fan-out activity,Medium,Open,False
AML-001733,95068,979,167,C_979,191.63,1970-01-01 00:00:00.000000161,Verified,0,Low,No,740,37,High transaction frequency; Fan-out activity,Medium,Open,False
AML-001734,95069,979,861,C_979,191.63,1970-01-01 00:00:00.000000161,Verified,0,Low,No,740,37,High transaction frequency; Fan-out activity,Medium,Open,False
AML-001735,95070,979,245,C_979,191.63,1970-01-01 00:00:00.000000161,Verified,0,Low,No,740,37,High transaction frequency; Fan-out activity,Medium,Open,False
AML-001736,95071,979,962,C_979,191.63,1970-01-01 00:00:00.000000161,Verified,0,Low,No,740,37,High transaction frequency; Fan-out activity,Medium,Open,False
AML-001737,95072,979,622,C_979,191.63,1970-01-01 00:00:00.000000161,Verified,0,Low,No,740,37,High transaction frequency; Fan-out activity,Medium,Open,False
AML-001738,95073,979,987,C_979,191.63,1970-01-01 00:00:00.000000161,Verified,0,Low,No,740,37,High transaction frequency; Fan-out activity,Medium,Open,False
AML-001739,95074,979,867,C_979,191.63,1970-01-01 00:00:00.000000161,Verified,0,Low,No,740,37,High transaction frequency; Fan-out activity,Medium,Open,False
AML-001740,95075,979,726,C_979,191.63,1970-01-01 00:00:00.000000161,Verified,0,Low,No,740,37,High transaction frequency; Fan-out activity,Medium,Open,False
AML-001741,95076,979,947,C_979,191.63,1970-01-01 00:00:00.000000161,Verified,0,Low,No,740,37,High transaction frequency; Fan-out activity,Medium,Open,False
AML-001742,95077,979,827,C_979,191.63,1970-01-01 00:00:00.000000161,Verified,0,Low,No,740,37,High transaction frequency; Fan-out activity,Medium,Open,False
AML-001743,95100,428,948,C_428,815546.37,1970-01-01 00:00:00.000000161,Verified,0,Low,No,24,7,Large transaction,High,Open,False
AML-001744,95170,625,518,C_625,648738.62,1970-01-01 00:00:00.000000161,Pending,15,Low,No,20,9,Large transaction,High,Open,False
AML-001745,95191,624,380,C_624,613278.0,1970-01-01 00:00:00.000000161,Verified,0,Low,No,24,9,Large transaction,High,Open,False
AML-001746,95207,630,967,C_630,1195825.25,1970-01-01 00:00:00.000000161,Verified,20,Low,No,19,9,Large transaction,High,Open,False
AML-001747,95220,135,989,C_135,1424844.75,1970-01-01 00:00:00.000000162,Verified,40,Medium,Yes,19,5,Large transaction,High,Open,False
AML-001748,95229,832,303,C_832,700379.06,1970-01-01 00:00:00.000000162,Verified,0,Low,No,13,13,Large transaction,High,Open,False
AML-001749,95251,937,516,C_937,688186.75,1970-01-01 00:00:00.000000162,Verified,0,Low,No,25,22,Large transaction,High,Open,False
AML-001750,95252,233,573,C_233,732539.5,1970-01-01 00:00:00.000000162,Verified,0,Low,No,13,5,Large transaction,High,Open,False
AML-001751,95257,835,992,C_835,730797.75,1970-01-01 00:00:00.000000162,Verified,0,Low,No,19,13,Large transaction,High,Open,False
AML-001752,95264,420,475,C_420,722466.37,1970-01-01 00:00:00.000000162,Manual Review,50,Medium,Yes,18,7,Large transaction,High,Open,False
AML-001753,95375,837,173,C_837,1907825.12,1970-01-01 00:00:00.000000162,Verified,0,Low,No,20,13,Large transaction,High,Open,False
AML-001754,95411,322,467,C_322,1880766.12,1970-01-01 00:00:00.000000162,Verified,0,Low,No,25,6,Large transaction,High,Open,False
AML-001755,95425,25,843,C_25,600729.0,1970-01-01 00:00:00.000000162,Verified,0,Low,No,25,3,Large transaction,High,Open,False
AML-001756,95480,229,955,C_229,2634206.25,1970-01-01 00:00:00.000000162,Verified,20,Low,No,27,5,Large transaction,High,Open,False
AML-001757,95569,439,30,C_439,1668179.0,1970-01-01 00:00:00.000000162,Verified,0,Low,No,20,7,Large transaction,High,Open,False
AML-001758,95594,232,856,C_232,1431274.87,1970-01-01 00:00:00.000000162,Verified,0,Low,No,21,5,Large transaction,High,Open,False
AML-001759,95697,431,896,C_431,1927316.0,1970-01-01 00:00:00.000000162,Verified,0,Low,No,21,7,Large transaction,High,Open,False
AML-001760,95713,20,142,C_20,2779929.75,1970-01-01 00:00:00.000000162,Verified,0,Low,No,29,2,Large transaction,High,Open,False
AML-001761,95725,533,438,C_533,584570.81,1970-01-01 00:00:00.000000162,Verified,0,Low,No,26,8,Large transaction,High,Open,False
AML-001762,95754,33,389,C_33,1421632.62,1970-01-01 00:00:00.000000162,Verified,0,Low,No,25,3,Large transaction,High,Open,False
AML-001763,95761,524,730,C_524,1082332.0,1970-01-01 00:00:00.000000162,Verified,40,Medium,Yes,21,8,Large transaction,High,Open,False
AML-001764,95774,927,914,C_927,1539884.87,1970-01-01 00:00:00.000000162,Verified,0,Low,No,20,20,Large transaction,High,Open,False
AML-001765,95775,423,768,C_423,749889.5,1970-01-01 00:00:00.000000162,Verified,0,Low,No,19,6,Large transaction,High,Open,False
AML-001766,95780,220,910,C_220,783459.25,1970-01-01 00:00:00.000000162,Verified,0,Low,No,22,5,Large transaction,High,Open,False
AML-001767,95981,837,471,C_837,1965852.5,1970-01-01 00:00:00.000000163,Verified,0,Low,No,20,13,Large transaction,High,Open,False
AML-001768,96023,433,937,C_433,1722290.87,1970-01-01 00:00:00.000000163,Verified,0,Low,No,21,7,Large transaction,High,Open,False
AML-001769,96073,634,546,C_634,662337.75,1970-01-01 00:00:00.000000163,Verified,40,Medium,Yes,20,9,Large transaction,High,Open,False
AML-001770,96074,826,785,C_826,1198589.25,1970-01-01 00:00:00.000000163,Verified,20,Low,No,21,13,Large transaction,High,Open,False
AML-001771,96080,920,349,C_920,810160.43,1970-01-01 00:00:00.000000163,Verified,0,Low,No,19,18,Large transaction,High,Open,False
AML-001772,96083,439,691,C_439,1780235.75,1970-01-01 00:00:00.000000163,Verified,0,Low,No,20,7,Large transaction,High,Open,False
AML-001773,96132,136,749,C_136,2336096.0,1970-01-01 00:00:00.000000163,Verified,0,Low,No,20,5,Large transaction,High,Open,False
AML-001774,96135,322,754,C_322,1880765.62,1970-01-01 00:00:00.000000163,Verified,0,Low,No,25,6,Large transaction,High,Open,False
AML-001775,96186,227,870,C_227,1912432.62,1970-01-01 00:00:00.000000163,Verified,0,Low,No,20,5,Large transaction,High,Open,False
AML-001776,96193,239,991,C_239,1426916.87,1970-01-01 00:00:00.000000163,Verified,0,Low,No,26,5,Large transaction,High,Open,False
AML-001777,96303,525,975,C_525,1615705.75,1970-01-01 00:00:00.000000163,Verified,0,Low,No,21,7,Large transaction,High,Open,False
AML-001778,96304,828,933,C_828,954128.31,1970-01-01 00:00:00.000000163,Verified,0,Low,No,25,13,Large transaction,High,Open,False
AML-001779,96306,320,928,C_320,2418725.0,1970-01-01 00:00:00.000000163,Verified,0,Low,No,22,6,Large transaction,High,Open,False
AML-001780,96345,132,810,C_132,1714942.75,1970-01-01 00:00:00.000000163,Pending,15,Low,No,25,5,Large transaction,High,Open,False
AML-001781,96347,37,994,C_37,624194.93,1970-01-01 00:00:00.000000163,Manual Review,50,Medium,Yes,16,3,Large transaction,High,Open,False
AML-001782,96364,226,171,C_226,1608140.5,1970-01-01 00:00:00.000000163,Manual Review,50,Medium,Yes,17,5,Large transaction,High,Open,False
AML-001783,96390,125,258,C_125,1077915.62,1970-01-01 00:00:00.000000163,Verified,0,Low,No,14,6,Large transaction,High,Open,False
AML-001784,96583,432,288,C_432,2140411.5,1970-01-01 00:00:00.000000164,Verified,0,Low,No,19,7,Large transaction,High,Open,False
AML-001785,96643,126,477,C_126,1950331.0,1970-01-01 00:00:00.000000164,Verified,0,Low,No,23,4,Large transaction,High,Open,False
AML-001786,96681,439,222,C_439,1780386.62,1970-01-01 00:00:00.000000164,Verified,0,Low,No,20,7,Large transaction,High,Open,False
AML-001787,96698,128,441,C_128,683329.0,1970-01-01 00:00:00.000000164,Verified,0,Low,No,26,4,Large transaction,High,Open,False
AML-001788,96755,38,767,C_38,1395128.62,1970-01-01 00:00:00.000000164,Verified,0,Low,No,20,3,Large transaction,High,Open,False
AML-001789,96757,831,683,C_831,979994.62,1970-01-01 00:00:00.000000164,Verified,0,Low,No,20,13,Large transaction,High,Open,False
AML-001790,96814,923,999,C_923,1219022.5,1970-01-01 00:00:00.000000164,Verified,0,Low,No,21,20,Large transaction,High,Open,False
AML-001791,96844,231,711,C_231,760787.43,1970-01-01 00:00:00.000000164,Verified,0,Low,No,19,5,Large transaction,High,Open,False
AML-001792,96861,629,960,C_629,910978.0,1970-01-01 00:00:00.000000164,Verified,0,Low,No,21,9,Large transaction,High,Open,False
AML-001793,96862,228,808,C_228,1133819.75,1970-01-01 00:00:00.000000164,Verified,0,Low,No,21,5,Large transaction,High,Open,False
AML-001794,96866,920,779,C_920,810375.75,1970-01-01 00:00:00.000000164,Verified,0,Low,No,19,18,Large transaction,High,Open,False
AML-001795,96882,29,850,C_29,687702.37,1970-01-01 00:00:00.000000164,Verified,0,Low,No,19,3,Large transaction,High,Open,False
AML-001796,96918,924,925,C_924,793589.81,1970-01-01 00:00:00.000000164,Verified,0,Low,No,22,19,Large transaction,High,Open,False
AML-001797,96968,31,980,C_31,1171014.62,1970-01-01 00:00:00.000000164,Verified,0,Low,No,24,3,Large transaction,High,Open,False
AML-001798,96988,136,287,C_136,2335543.25,1970-01-01 00:00:00.000000164,Verified,0,Low,No,20,5,Large transaction,High,Open,False
AML-001799,97007,939,734,C_939,900735.62,1970-01-01 00:00:00.000000164,Verified,0,Low,No,15,15,Large transaction,High,Open,False
AML-001800,97014,521,949,C_521,657771.12,1970-01-01 00:00:00.000000164,Pending,15,Low,No,23,7,Large transaction,High,Open,False
AML-001801,97036,221,845,C_221,769643.5,1970-01-01 00:00:00.000000164,Pending,15,Low,No,27,6,Large transaction,High,Open,False
AML-001802,97044,833,762,C_833,1272720.75,1970-01-01 00:00:00.000000164,Verified,40,Medium,Yes,21,13,Large transaction,High,Open,False
AML-001803,97046,229,726,C_229,2633719.25,1970-01-01 00:00:00.000000164,Verified,20,Low,No,27,5,Large transaction,High,Open,False
AML-001804,97092,634,898,C_634,895062.62,1970-01-01 00:00:00.000000164,Verified,40,Medium,Yes,20,9,Large transaction,High,Open,False
AML-001805,97122,525,998,C_525,1926552.75,1970-01-01 00:00:00.000000164,Verified,0,Low,No,21,7,Large transaction,High,Open,False
AML-001806,97144,132,999,C_132,1714971.0,1970-01-01 00:00:00.000000164,Pending,15,Low,No,25,5,Large transaction,High,Open,False
AML-001807,97145,425,549,C_425,637316.31,1970-01-01 00:00:00.000000164,Verified,0,Low,No,29,6,Large transaction,High,Open,False
AML-001808,97168,928,456,C_928,806609.25,1970-01-01 00:00:00.000000164,Verified,0,Low,No,22,22,Large transaction,High,Open,False
AML-001809,97179,737,917,C_737,822525.18,1970-01-01 00:00:00.000000164,Verified,0,Low,No,21,10,Large transaction,High,Open,False
AML-001810,97190,126,924,C_126,1950454.5,1970-01-01 00:00:00.000000165,Verified,0,Low,No,23,4,Large transaction,High,Open,False
AML-001811,97229,227,420,C_227,2499891.75,1970-01-01 00:00:00.000000165,Verified,0,Low,No,20,5,Large transaction,High,Open,False
AML-001812,97234,736,261,C_736,1092631.12,1970-01-01 00:00:00.000000165,Pending,15,Low,No,26,10,Large transaction,High,Open,False
AML-001813,97238,239,378,C_239,1426829.62,1970-01-01 00:00:00.000000165,Verified,0,Low,No,26,5,Large transaction,High,Open,False
AML-001814,97240,820,547,C_820,894758.68,1970-01-01 00:00:00.000000165,Verified,40,Medium,Yes,13,13,Large transaction,High,Open,False
AML-001815,97267,522,223,C_522,1245609.25,1970-01-01 00:00:00.000000165,Verified,0,Low,No,15,8,Large transaction,High,Open,False
AML-001816,97305,720,533,C_720,522760.59,1970-01-01 00:00:00.000000165,Verified,0,Low,No,24,10,Large transaction,High,Open,False
AML-001817,97398,421,991,C_421,1162279.87,1970-01-01 00:00:00.000000165,Pending,55,Medium,Yes,15,6,Large transaction,High,Open,False
AML-001818,97415,439,993,C_439,2219674.0,1970-01-01 00:00:00.000000165,Verified,0,Low,No,20,7,Large transaction,High,Open,False
AML-001819,97468,630,828,C_630,1402692.12,1970-01-01 00:00:00.000000165,Verified,20,Low,No,19,9,Large transaction,High,Open,False
AML-001820,97487,839,276,C_839,1369097.75,1970-01-01 00:00:00.000000165,Verified,0,Low,No,19,14,Large transaction,High,Open,False
AML-001821,97579,430,530,C_430,1187914.25,1970-01-01 00:00:00.000000165,Verified,0,Low,No,19,7,Large transaction,High,Open,False
AML-001822,97623,335,470,C_335,795640.18,1970-01-01 00:00:00.000000165,Verified,0,Low,No,20,6,Large transaction,High,Open,False
AML-001823,97631,128,986,C_128,682884.87,1970-01-01 00:00:00.000000165,Verified,0,Low,No,26,4,Large transaction,High,Open,False
AML-001824,97650,825,940,C_825,1188381.5,1970-01-01 00:00:00.000000165,Verified,0,Low,No,11,11,Large transaction,High,Open,False
AML-001825,97681,833,711,C_833,1272754.25,1970-01-01 00:00:00.000000165,Verified,40,Medium,Yes,21,13,Large transaction,High,Open,False
AML-001826,97703,35,559,C_35,661771.0,1970-01-01 00:00:00.000000165,Verified,0,Low,No,21,3,Large transaction,High,Open,False
AML-001827,97704,729,910,C_729,1752046.62,1970-01-01 00:00:00.000000165,Verified,0,Low,No,19,10,Large transaction,High,Open,False
AML-001828,97712,338,877,C_338,3163630.25,1970-01-01 00:00:00.000000165,Verified,0,Low,No,19,6,Large transaction,High,Open,False
AML-001829,97713,925,997,C_925,1907754.37,1970-01-01 00:00:00.000000165,Verified,0,Low,No,18,18,Large transaction,High,Open,False
AML-001830,97717,634,380,C_634,1024606.75,1970-01-01 00:00:00.000000165,Verified,40,Medium,Yes,20,9,Large transaction,High,Open,False
AML-001831,97755,438,526,C_438,1296612.25,1970-01-01 00:00:00.000000165,Verified,20,Low,No,21,7,Large transaction,High,Open,False
AML-001832,97779,220,702,C_220,783467.93,1970-01-01 00:00:00.000000166,Verified,0,Low,No,22,5,Large transaction,High,Open,False
AML-001833,97892,221,428,C_221,769636.31,1970-01-01 00:00:00.000000166,Pending,15,Low,No,27,6,Large transaction,High,Open,False
AML-001834,97952,528,948,C_528,1897229.75,1970-01-01 00:00:00.000000166,Verified,0,Low,No,19,8,Large transaction,High,Open,False
AML-001835,98022,735,555,C_735,2433811.75,1970-01-01 00:00:00.000000166,Verified,0,Low,No,16,10,Large transaction,High,Open,False
AML-001836,98133,324,985,C_324,1028475.43,1970-01-01 00:00:00.000000166,Verified,0,Low,No,29,6,Large transaction,High,Open,False
AML-001837,98207,423,966,C_423,1063135.62,1970-01-01 00:00:00.000000166,Verified,0,Low,No,19,6,Large transaction,High,Open,False
AML-001838,98220,230,646,C_230,2334673.25,1970-01-01 00:00:00.000000166,Verified,0,Low,No,22,5,Large transaction,High,Open,False
AML-001839,98245,930,449,C_930,1171452.0,1970-01-01 00:00:00.000000166,Verified,0,Low,No,16,16,Large transaction,High,Open,False
AML-001840,98248,927,859,C_927,1704515.62,1970-01-01 00:00:00.000000166,Verified,0,Low,No,20,20,Large transaction,High,Open,False
AML-001841,98257,432,145,C_432,2238515.0,1970-01-01 00:00:00.000000166,Verified,0,Low,No,19,7,Large transaction,High,Open,False
AML-001842,98280,736,938,C_736,1092766.87,1970-01-01 00:00:00.000000166,Pending,15,Low,No,26,10,Large transaction,High,Open,False
AML-001843,98294,622,866,C_622,992963.25,1970-01-01 00:00:00.000000166,Verified,0,Low,No,18,9,Large transaction,High,Open,False
AML-001844,98300,830,709,C_830,1655113.87,1970-01-01 00:00:00.000000166,Verified,40,Medium,Yes,18,13,Large transaction,High,Open,False
AML-001845,98307,32,452,C_32,562449.18,1970-01-01 00:00:00.000000166,Pending,15,Low,No,18,3,Large transaction,High,Open,False
AML-001846,98311,730,258,C_730,1641290.75,1970-01-01 00:00:00.000000166,Verified,0,Low,No,14,10,Large transaction,High,Open,False
AML-001847,98316,620,706,C_620,627203.75,1970-01-01 00:00:00.000000166,Verified,0,Low,No,21,9,Large transaction,High,Open,False
AML-001848,98318,430,25,C_430,1358483.0,1970-01-01 00:00:00.000000166,Verified,0,Low,No,19,7,Large transaction,High,Open,False
AML-001849,98402,830,981,C_830,1655154.75,1970-01-01 00:00:00.000000167,Verified,40,Medium,Yes,18,13,Large transaction,High,Open,False
AML-001850,98408,522,962,C_522,1245835.75,1970-01-01 00:00:00.000000167,Verified,0,Low,No,15,8,Large transaction,High,Open,False
AML-001851,98428,422,718,C_422,1902375.0,1970-01-01 00:00:00.000000167,Verified,0,Low,No,16,7,Large transaction,High,Open,False
AML-001852,98566,425,615,C_425,638204.06,1970-01-01 00:00:00.000000167,Verified,0,Low,No,29,6,Large transaction,High,Open,False
AML-001853,98599,27,952,C_27,1700983.5,1970-01-01 00:00:00.000000167,Verified,0,Low,No,22,3,Large transaction,High,Open,False
AML-001854,98601,527,824,C_527,1445400.12,1970-01-01 00:00:00.000000167,Verified,0,Low,No,17,8,Large transaction,High,Open,False
AML-001855,98658,427,992,C_427,716942.43,1970-01-01 00:00:00.000000167,Verified,0,Low,No,20,7,Large transaction,High,Open,False
AML-001856,98672,736,385,C_736,1155467.12,1970-01-01 00:00:00.000000167,Pending,15,Low,No,26,10,Large transaction,High,Open,False
AML-001857,98768,326,788,C_326,893447.5,1970-01-01 00:00:00.000000167,Verified,0,Low,No,22,6,Large transaction,High,Open,False
AML-001858,98840,320,993,C_320,3027919.0,1970-01-01 00:00:00.000000167,Verified,0,Low,No,22,6,Large transaction,High,Open,False
AML-001859,98915,637,843,C_637,739425.93,1970-01-01 00:00:00.000000167,Verified,0,Low,No,21,9,Large transaction,High,Open,False
AML-001860,98941,723,238,C_723,1794616.25,1970-01-01 00:00:00.000000167,Verified,0,Low,No,21,9,Large transaction,High,Open,False
AML-001861,98943,934,501,C_934,793424.0,1970-01-01 00:00:00.000000167,Verified,0,Low,No,16,16,Large transaction,High,Open,False
AML-001862,98956,337,894,C_337,1346671.75,1970-01-01 00:00:00.000000167,Verified,0,Low,No,15,6,Large transaction,High,Open,False
AML-001863,98961,336,961,C_336,836982.25,1970-01-01 00:00:00.000000167,Verified,0,Low,No,24,6,Large transaction,High,Open,False
AML-001864,98965,734,370,C_734,1294007.12,1970-01-01 00:00:00.000000167,Verified,0,Low,No,23,10,Large transaction,High,Open,False
AML-001865,98978,633,610,C_633,984577.43,1970-01-01 00:00:00.000000167,Verified,0,Low,No,14,9,Large transaction,High,Open,False
AML-001866,99013,539,185,C_539,1503527.0,1970-01-01 00:00:00.000000167,Verified,0,Low,No,18,7,Large transaction,High,Open,False
AML-001867,99025,235,961,C_235,1413525.5,1970-01-01 00:00:00.000000168,Verified,0,Low,No,21,5,Large transaction,High,Open,False
AML-001868,99027,839,377,C_839,1493598.75,1970-01-01 00:00:00.000000168,Verified,0,Low,No,19,14,Large transaction,High,Open,False
AML-001869,99078,20,151,C_20,3744930.25,1970-01-01 00:00:00.000000168,Verified,0,Low,No,29,2,Large transaction,High,Open,False
AML-001870,99083,124,978,C_124,660948.43,1970-01-01 00:00:00.000000168,Verified,0,Low,No,20,4,Large transaction,High,Open,False
AML-001871,99088,223,960,C_223,1383809.0,1970-01-01 00:00:00.000000168,Verified,0,Low,No,23,5,Large transaction,High,Open,False
AML-001872,99129,823,636,C_823,527849.87,1970-01-01 00:00:00.000000168,Verified,0,Low,No,30,14,Large transaction,High,Open,False
AML-001873,99159,130,131,C_130,2908625.5,1970-01-01 00:00:00.000000168,Rejected,60,High,Yes,18,5,Large transaction; High-risk customer activity,High,Open,False
AML-001874,99184,638,470,C_638,1041469.56,1970-01-01 00:00:00.000000168,Pending,35,Medium,No,20,9,Large transaction,High,Open,False
AML-001875,99189,923,428,C_923,1504633.62,1970-01-01 00:00:00.000000168,Verified,0,Low,No,21,20,Large transaction,High,Open,False
AML-001876,99209,431,668,C_431,2796206.25,1970-01-01 00:00:00.000000168,Verified,0,Low,No,21,7,Large transaction,High,Open,False
AML-001877,99219,830,774,C_830,1655460.62,1970-01-01 00:00:00.000000168,Verified,40,Medium,Yes,18,13,Large transaction,High,Open,False
AML-001878,99227,836,808,C_836,1775792.5,1970-01-01 00:00:00.000000168,Verified,0,Low,No,17,13,Large transaction,High,Open,False
AML-001879,99283,528,607,C_528,1896506.0,1970-01-01 00:00:00.000000168,Verified,0,Low,No,19,8,Large transaction,High,Open,False
AML-001880,99294,429,673,C_429,1267102.87,1970-01-01 00:00:00.000000168,Pending,15,Low,No,24,7,Large transaction,High,Open,False
AML-001881,99342,422,509,C_422,1902175.0,1970-01-01 00:00:00.000000168,Verified,0,Low,No,16,7,Large transaction,High,Open,False
AML-001882,99345,537,999,C_537,1864924.25,1970-01-01 00:00:00.000000168,Verified,0,Low,No,16,8,Large transaction,High,Open,False
AML-001883,99350,532,948,C_532,1969049.62,1970-01-01 00:00:00.000000168,Verified,0,Low,No,16,8,Large transaction,High,Open,False
AML-001884,99366,334,490,C_334,693141.43,1970-01-01 00:00:00.000000168,Verified,0,Low,No,20,6,Large transaction,High,Open,False
AML-001885,99367,534,995,C_534,2325828.0,1970-01-01 00:00:00.000000168,Verified,0,Low,No,14,8,Large transaction,High,Open,False
AML-001886,99370,21,970,C_21,2381768.0,1970-01-01 00:00:00.000000168,Verified,60,High,Yes,15,3,Large transaction; High-risk customer activity,High,Open,False
AML-001887,99485,624,919,C_624,1221918.62,1970-01-01 00:00:00.000000168,Verified,0,Low,No,24,9,Large transaction,High,Open,False
AML-001888,99488,932,846,C_932,1592165.12,1970-01-01 00:00:00.000000169,Verified,0,Low,No,18,17,Large transaction,High,Open,False
AML-001889,99536,739,720,C_739,1260927.75,1970-01-01 00:00:00.000000169,Pending,15,Low,No,17,10,Large transaction,High,Open,False
AML-001890,99577,636,285,C_636,1644175.0,1970-01-01 00:00:00.000000169,Verified,0,Low,No,19,9,Large transaction,High,Open,False
AML-001891,99627,27,944,C_27,2202580.25,1970-01-01 00:00:00.000000169,Verified,0,Low,No,22,3,Large transaction,High,Open,False
AML-001892,99649,732,928,C_732,519231.0,1970-01-01 00:00:00.000000169,Verified,0,Low,No,28,10,Large transaction,High,Open,False
AML-001893,99687,330,950,C_330,3224925.0,1970-01-01 00:00:00.000000169,Verified,0,Low,No,31,6,Large transaction,High,Open,False
AML-001894,99741,528,460,C_528,1896547.75,1970-01-01 00:00:00.000000169,Verified,0,Low,No,19,8,Large transaction,High,Open,False
AML-001895,99752,223,465,C_223,1383930.25,1970-01-01 00:00:00.000000169,Verified,0,Low,No,23,5,Large transaction,High,Open,False
AML-001896,99755,627,79,C_627,1034370.75,1970-01-01 00:00:00.000000169,Verified,0,Low,No,14,9,Large transaction,High,Open,False
AML-001897,99771,722,11,C_722,1676022.37,1970-01-01 00:00:00.000000169,Verified,0,Low,No,25,10,Large transaction,High,Open,False
AML-001898,99831,238,984,C_238,1354377.75,1970-01-01 00:00:00.000000169,Verified,0,Low,No,23,5,Large transaction,High,Open,False
AML-001899,99880,34,993,C_34,4501955.5,1970-01-01 00:00:00.000000169,Pending,15,Low,No,29,3,Large transaction,High,Open,False
AML-001900,99945,428,323,C_428,920522.62,1970-01-01 00:00:00.000000169,Verified,0,Low,No,24,7,Large transaction,High,Open,False
AML-001901,99946,635,938,C_635,2599970.0,1970-01-01 00:00:00.000000169,Verified,0,Low,No,22,9,Large transaction,High,Open,False
AML-001902,100012,28,507,C_28,1626011.5,1970-01-01 00:00:00.000000170,Verified,40,Medium,Yes,19,3,Large transaction,High,Open,False
AML-001903,100053,730,731,C_730,1747125.62,1970-01-01 00:00:00.000000170,Verified,0,Low,No,14,10,Large transaction,High,Open,False
AML-001904,100054,635,980,C_635,2600040.75,1970-01-01 00:00:00.000000170,Verified,0,Low,No,22,9,Large transaction,High,Open,False
AML-001905,100092,932,758,C_932,1591964.87,1970-01-01 00:00:00.000000170,Verified,0,Low,No,18,17,Large transaction,High,Open,False
AML-001906,100120,929,947,C_929,1159297.62,1970-01-01 00:00:00.000000170,Verified,0,Low,No,24,21,Large transaction,High,Open,False
AML-001907,100123,132,948,C_132,1714652.75,1970-01-01 00:00:00.000000170,Pending,15,Low,No,25,5,Large transaction,High,Open,False
AML-001908,100133,224,351,C_224,1346411.25,1970-01-01 00:00:00.000000170,Verified,0,Low,No,17,5,Large transaction,High,Open,False
AML-001909,100147,624,695,C_624,1222166.0,1970-01-01 00:00:00.000000170,Verified,0,Low,No,24,9,Large transaction,High,Open,False
AML-001910,100185,535,860,C_535,1354013.0,1970-01-01 00:00:00.000000170,Verified,0,Low,No,12,8,Large transaction,High,Open,False
AML-001911,100201,223,214,C_223,1384170.37,1970-01-01 00:00:00.000000170,Verified,0,Low,No,23,5,Large transaction,High,Open,False
AML-001912,100223,23,902,C_23,1870392.0,1970-01-01 00:00:00.000000170,Verified,0,Low,No,21,3,Large transaction,High,Open,False
AML-001913,100246,138,720,C_138,1509982.62,1970-01-01 00:00:00.000000170,Verified,0,Low,No,19,5,Large transaction,High,Open,False
AML-001914,100248,435,171,C_435,1301128.87,1970-01-01 00:00:00.000000170,Verified,40,Medium,Yes,21,7,Large transaction,High,Open,False
AML-001915,100261,638,284,C_638,1041274.56,1970-01-01 00:00:00.000000170,Pending,35,Medium,No,20,9,Large transaction,High,Open,False
AML-001916,100326,129,952,C_129,567958.62,1970-01-01 00:00:00.000000170,Verified,40,Medium,Yes,19,4,Large transaction,High,Open,False
AML-001917,100333,20,142,C_20,3745705.5,1970-01-01 00:00:00.000000170,Verified,0,Low,No,29,2,Large transaction,High,Open,False
AML-001918,100403,29,966,C_29,686754.81,1970-01-01 00:00:00.000000170,Verified,0,Low,No,19,3,Large transaction,High,Open,False
AML-001919,100426,328,751,C_328,3451580.25,1970-01-01 00:00:00.000000170,Verified,0,Low,No,24,6,Large transaction,High,Open,False
AML-001920,100440,539,992,C_539,1503641.37,1970-01-01 00:00:00.000000170,Verified,0,Low,No,18,7,Large transaction,High,Open,False
AML-001921,100497,224,254,C_224,1346394.25,1970-01-01 00:00:00.000000171,Verified,0,Low,No,17,5,Large transaction,High,Open,False
AML-001922,100509,128,645,C_128,681231.75,1970-01-01 00:00:00.000000171,Verified,0,Low,No,26,4,Large transaction,High,Open,False
AML-001923,100516,634,319,C_634,1026896.12,1970-01-01 00:00:00.000000171,Verified,40,Medium,Yes,20,9,Large transaction,High,Open,False
AML-001924,100526,223,701,C_223,1384007.75,1970-01-01 00:00:00.000000171,Verified,0,Low,No,23,5,Large transaction,High,Open,False
AML-001925,100560,929,340,C_929,1378791.37,1970-01-01 00:00:00.000000171,Verified,0,Low,No,24,21,Large transaction,High,Open,False
AML-001926,100572,334,749,C_334,692989.56,1970-01-01 00:00:00.000000171,Verified,0,Low,No,20,6,Large transaction,High,Open,False
AML-001927,100630,928,973,C_928,1015515.06,1970-01-01 00:00:00.000000171,Verified,0,Low,No,22,22,Large transaction,High,Open,False
AML-001928,100674,979,153,C_979,191.63,1970-01-01 00:00:00.000000171,Verified,0,Low,No,740,37,High transaction frequency; Fan-out activity,Medium,Open,False
AML-001929,100675,979,891,C_979,191.63,1970-01-01 00:00:00.000000171,Verified,0,Low,No,740,37,High transaction frequency; Fan-out activity,Medium,Open,False
AML-001930,100676,979,793,C_979,191.63,1970-01-01 00:00:00.000000171,Verified,0,Low,No,740,37,High transaction frequency; Fan-out activity,Medium,Open,False
AML-001931,100677,979,892,C_979,191.63,1970-01-01 00:00:00.000000171,Verified,0,Low,No,740,37,High transaction frequency; Fan-out activity,Medium,Open,False
AML-001932,100678,979,970,C_979,191.63,1970-01-01 00:00:00.000000171,Verified,0,Low,No,740,37,High transaction frequency; Fan-out activity,Medium,Open,False
AML-001933,100679,979,354,C_979,191.63,1970-01-01 00:00:00.000000171,Verified,0,Low,No,740,37,High transaction frequency; Fan-out activity,Medium,Open,False
AML-001934,100680,979,993,C_979,191.63,1970-01-01 00:00:00.000000171,Verified,0,Low,No,740,37,High transaction frequency; Fan-out activity,Medium,Open,False
AML-001935,100681,979,851,C_979,191.63,1970-01-01 00:00:00.000000171,Verified,0,Low,No,740,37,High transaction frequency; Fan-out activity,Medium,Open,False
AML-001936,100682,979,994,C_979,191.63,1970-01-01 00:00:00.000000171,Verified,0,Low,No,740,37,High transaction frequency; Fan-out activity,Medium,Open,False
AML-001937,100683,979,631,C_979,191.63,1970-01-01 00:00:00.000000171,Verified,0,Low,No,740,37,High transaction frequency; Fan-out activity,Medium,Open,False
AML-001938,100684,979,995,C_979,191.63,1970-01-01 00:00:00.000000171,Verified,0,Low,No,740,37,High transaction frequency; Fan-out activity,Medium,Open,False
AML-001939,100685,979,435,C_979,191.63,1970-01-01 00:00:00.000000171,Verified,0,Low,No,740,37,High transaction frequency; Fan-out activity,Medium,Open,False
AML-001940,100686,979,974,C_979,191.63,1970-01-01 00:00:00.000000171,Verified,0,Low,No,740,37,High transaction frequency; Fan-out activity,Medium,Open,False
AML-001941,100687,979,732,C_979,191.63,1970-01-01 00:00:00.000000171,Verified,0,Low,No,740,37,High transaction frequency; Fan-out activity,Medium,Open,False
AML-001942,100688,979,754,C_979,191.63,1970-01-01 00:00:00.000000171,Verified,0,Low,No,740,37,High transaction frequency; Fan-out activity,Medium,Open,False
AML-001943,100689,979,953,C_979,191.63,1970-01-01 00:00:00.000000171,Verified,0,Low,No,740,37,High transaction frequency; Fan-out activity,Medium,Open,False
AML-001944,100690,979,315,C_979,191.63,1970-01-01 00:00:00.000000171,Verified,0,Low,No,740,37,High transaction frequency; Fan-out activity,Medium,Open,False
AML-001945,100691,979,317,C_979,191.63,1970-01-01 00:00:00.000000171,Verified,0,Low,No,740,37,High transaction frequency; Fan-out activity,Medium,Open,False
AML-001946,100692,979,934,C_979,191.63,1970-01-01 00:00:00.000000171,Verified,0,Low,No,740,37,High transaction frequency; Fan-out activity,Medium,Open,False
AML-001947,100693,979,978,C_979,191.63,1970-01-01 00:00:00.000000171,Verified,0,Low,No,740,37,High transaction frequency; Fan-out activity,Medium,Open,False
AML-001948,100694,979,282,C_979,191.63,1970-01-01 00:00:00.000000171,Verified,0,Low,No,740,37,High transaction frequency; Fan-out activity,Medium,Open,False
AML-001949,100695,979,262,C_979,191.63,1970-01-01 00:00:00.000000171,Verified,0,Low,No,740,37,High transaction frequency; Fan-out activity,Medium,Open,False
AML-001950,100696,979,185,C_979,191.63,1970-01-01 00:00:00.000000171,Verified,0,Low,No,740,37,High transaction frequency; Fan-out activity,Medium,Open,False
AML-001951,100697,979,384,C_979,191.63,1970-01-01 00:00:00.000000171,Verified,0,Low,No,740,37,High transaction frequency; Fan-out activity,Medium,Open,False
AML-001952,100698,979,164,C_979,191.63,1970-01-01 00:00:00.000000171,Verified,0,Low,No,740,37,High transaction frequency; Fan-out activity,Medium,Open,False
AML-001953,100699,979,241,C_979,191.63,1970-01-01 00:00:00.000000171,Verified,0,Low,No,740,37,High transaction frequency; Fan-out activity,Medium,Open,False
AML-001954,100700,979,760,C_979,191.63,1970-01-01 00:00:00.000000171,Verified,0,Low,No,740,37,High transaction frequency; Fan-out activity,Medium,Open,False
AML-001955,100701,979,167,C_979,191.63,1970-01-01 00:00:00.000000171,Verified,0,Low,No,740,37,High transaction frequency; Fan-out activity,Medium,Open,False
AML-001956,100702,979,861,C_979,191.63,1970-01-01 00:00:00.000000171,Verified,0,Low,No,740,37,High transaction frequency; Fan-out activity,Medium,Open,False
AML-001957,100703,979,245,C_979,191.63,1970-01-01 00:00:00.000000171,Verified,0,Low,No,740,37,High transaction frequency; Fan-out activity,Medium,Open,False
AML-001958,100704,979,962,C_979,191.63,1970-01-01 00:00:00.000000171,Verified,0,Low,No,740,37,High transaction frequency; Fan-out activity,Medium,Open,False
AML-001959,100705,979,622,C_979,191.63,1970-01-01 00:00:00.000000171,Verified,0,Low,No,740,37,High transaction frequency; Fan-out activity,Medium,Open,False
AML-001960,100706,979,987,C_979,191.63,1970-01-01 00:00:00.000000171,Verified,0,Low,No,740,37,High transaction frequency; Fan-out activity,Medium,Open,False
AML-001961,100707,979,867,C_979,191.63,1970-01-01 00:00:00.000000171,Verified,0,Low,No,740,37,High transaction frequency; Fan-out activity,Medium,Open,False
AML-001962,100708,979,726,C_979,191.63,1970-01-01 00:00:00.000000171,Verified,0,Low,No,740,37,High transaction frequency; Fan-out activity,Medium,Open,False
AML-001963,100709,979,947,C_979,191.63,1970-01-01 00:00:00.000000171,Verified,0,Low,No,740,37,High transaction frequency; Fan-out activity,Medium,Open,False
AML-001964,100710,979,827,C_979,191.63,1970-01-01 00:00:00.000000171,Verified,0,Low,No,740,37,High transaction frequency; Fan-out activity,Medium,Open,False
AML-001965,100713,639,996,C_639,1366187.62,1970-01-01 00:00:00.000000171,Verified,0,Low,No,14,9,Large transaction,High,Open,False
AML-001966,100715,328,600,C_328,3702650.0,1970-01-01 00:00:00.000000171,Verified,0,Low,No,24,6,Large transaction,High,Open,False
AML-001967,100732,420,542,C_420,999830.18,1970-01-01 00:00:00.000000171,Manual Review,50,Medium,Yes,18,7,Large transaction,High,Open,False
AML-001968,100746,631,633,C_631,549139.56,1970-01-01 00:00:00.000000171,Verified,0,Low,No,27,9,Large transaction,High,Open,False
AML-001969,100747,738,962,C_738,1620250.37,1970-01-01 00:00:00.000000171,Verified,0,Low,No,24,10,Large transaction,High,Open,False
AML-001970,100817,120,621,C_120,521893.0,1970-01-01 00:00:00.000000171,Verified,0,Low,No,29,4,Large transaction,High,Open,False
AML-001971,100819,734,709,C_734,1295099.5,1970-01-01 00:00:00.000000171,Verified,0,Low,No,23,10,Large transaction,High,Open,False
AML-001972,100827,724,991,C_724,2465320.25,1970-01-01 00:00:00.000000171,Verified,0,Low,No,25,10,Large transaction,High,Open,False
AML-001973,100828,431,989,C_431,3439783.5,1970-01-01 00:00:00.000000171,Verified,0,Low,No,21,7,Large transaction,High,Open,False
AML-001974,100836,520,677,C_520,1731032.87,1970-01-01 00:00:00.000000171,Verified,0,Low,No,14,6,Large transaction,High,Open,False
AML-001975,100846,335,870,C_335,1097735.37,1970-01-01 00:00:00.000000171,Verified,0,Low,No,20,6,Large transaction,High,Open,False
AML-001976,100908,635,993,C_635,2600439.0,1970-01-01 00:00:00.000000171,Verified,0,Low,No,22,9,Large transaction,High,Open,False
AML-001977,100923,978,473,C_978,135.33,1970-01-01 00:00:00.000000171,Pending,15,Low,No,761,39,High transaction frequency; Fan-out activity,Medium,Open,False
AML-001978,100924,978,452,C_978,135.33,1970-01-01 00:00:00.000000171,Pending,15,Low,No,761,39,High transaction frequency; Fan-out activity,Medium,Open,False
AML-001979,100925,978,233,C_978,135.33,1970-01-01 00:00:00.000000171,Pending,15,Low,No,761,39,High transaction frequency; Fan-out activity,Medium,Open,False
AML-001980,100926,978,454,C_978,135.33,1970-01-01 00:00:00.000000171,Pending,15,Low,No,761,39,High transaction frequency; Fan-out activity,Medium,Open,False
AML-001981,100927,978,971,C_978,135.33,1970-01-01 00:00:00.000000171,Pending,15,Low,No,761,39,High transaction frequency; Fan-out activity,Medium,Open,False
AML-001982,100928,978,993,C_978,135.33,1970-01-01 00:00:00.000000171,Pending,15,Low,No,761,39,High transaction frequency; Fan-out activity,Medium,Open,False
AML-001983,100929,978,894,C_978,135.33,1970-01-01 00:00:00.000000171,Pending,15,Low,No,761,39,High transaction frequency; Fan-out activity,Medium,Open,False
AML-001984,100930,978,598,C_978,135.33,1970-01-01 00:00:00.000000171,Pending,15,Low,No,761,39,High transaction frequency; Fan-out activity,Medium,Open,False
AML-001985,100931,978,235,C_978,135.33,1970-01-01 00:00:00.000000171,Pending,15,Low,No,761,39,High transaction frequency; Fan-out activity,Medium,Open,False
AML-001986,100932,978,775,C_978,135.33,1970-01-01 00:00:00.000000171,Pending,15,Low,No,761,39,High transaction frequency; Fan-out activity,Medium,Open,False
AML-001987,100933,978,511,C_978,135.33,1970-01-01 00:00:00.000000171,Pending,15,Low,No,761,39,High transaction frequency; Fan-out activity,Medium,Open,False
AML-001988,100934,978,974,C_978,135.33,1970-01-01 00:00:00.000000171,Pending,15,Low,No,761,39,High transaction frequency; Fan-out activity,Medium,Open,False
AML-001989,100935,978,732,C_978,135.33,1970-01-01 00:00:00.000000171,Pending,15,Low,No,761,39,High transaction frequency; Fan-out activity,Medium,Open,False
AML-001990,100936,978,832,C_978,135.33,1970-01-01 00:00:00.000000171,Pending,15,Low,No,761,39,High transaction frequency; Fan-out activity,Medium,Open,False
AML-001991,100937,978,854,C_978,135.33,1970-01-01 00:00:00.000000171,Pending,15,Low,No,761,39,High transaction frequency; Fan-out activity,Medium,Open,False
AML-001992,100938,978,997,C_978,135.33,1970-01-01 00:00:00.000000171,Pending,15,Low,No,761,39,High transaction frequency; Fan-out activity,Medium,Open,False
AML-001993,100939,978,755,C_978,135.33,1970-01-01 00:00:00.000000171,Pending,15,Low,No,761,39,High transaction frequency; Fan-out activity,Medium,Open,False
AML-001994,100940,978,998,C_978,135.33,1970-01-01 00:00:00.000000171,Pending,15,Low,No,761,39,High transaction frequency; Fan-out activity,Medium,Open,False
AML-001995,100941,978,812,C_978,135.33,1970-01-01 00:00:00.000000171,Pending,15,Low,No,761,39,High transaction frequency; Fan-out activity,Medium,Open,False
AML-001996,100942,978,636,C_978,135.33,1970-01-01 00:00:00.000000171,Pending,15,Low,No,761,39,High transaction frequency; Fan-out activity,Medium,Open,False
AML-001997,100943,978,736,C_978,135.33,1970-01-01 00:00:00.000000171,Pending,15,Low,No,761,39,High transaction frequency; Fan-out activity,Medium,Open,False
AML-001998,100944,978,814,C_978,135.33,1970-01-01 00:00:00.000000171,Pending,15,Low,No,761,39,High transaction frequency; Fan-out activity,Medium,Open,False
AML-001999,100945,978,836,C_978,135.33,1970-01-01 00:00:00.000000171,Pending,15,Low,No,761,39,High transaction frequency; Fan-out activity,Medium,Open,False
AML-002000,100946,978,936,C_978,135.33,1970-01-01 00:00:00.000000171,Pending,15,Low,No,761,39,High transaction frequency; Fan-out activity,Medium,Open,False
AML-002001,100947,978,937,C_978,135.33,1970-01-01 00:00:00.000000171,Pending,15,Low,No,761,39,High transaction frequency; Fan-out activity,Medium,Open,False
AML-002002,100948,978,818,C_978,135.33,1970-01-01 00:00:00.000000171,Pending,15,Low,No,761,39,High transaction frequency; Fan-out activity,Medium,Open,False
AML-002003,100949,978,918,C_978,135.33,1970-01-01 00:00:00.000000171,Pending,15,Low,No,761,39,High transaction frequency; Fan-out activity,Medium,Open,False
AML-002004,100950,978,682,C_978,135.33,1970-01-01 00:00:00.000000171,Pending,15,Low,No,761,39,High transaction frequency; Fan-out activity,Medium,Open,False
AML-002005,100951,978,222,C_978,135.33,1970-01-01 00:00:00.000000171,Pending,15,Low,No,761,39,High transaction frequency; Fan-out activity,Medium,Open,False
AML-002006,100952,978,641,C_978,135.33,1970-01-01 00:00:00.000000171,Pending,15,Low,No,761,39,High transaction frequency; Fan-out activity,Medium,Open,False
AML-002007,100953,978,985,C_978,135.33,1970-01-01 00:00:00.000000171,Pending,15,Low,No,761,39,High transaction frequency; Fan-out activity,Medium,Open,False
AML-002008,100954,978,248,C_978,135.33,1970-01-01 00:00:00.000000171,Pending,15,Low,No,761,39,High transaction frequency; Fan-out activity,Medium,Open,False
AML-002009,100955,978,645,C_978,135.33,1970-01-01 00:00:00.000000171,Pending,15,Low,No,761,39,High transaction frequency; Fan-out activity,Medium,Open,False
AML-002010,100956,978,942,C_978,135.33,1970-01-01 00:00:00.000000171,Pending,15,Low,No,761,39,High transaction frequency; Fan-out activity,Medium,Open,False
AML-002011,100957,978,986,C_978,135.33,1970-01-01 00:00:00.000000171,Pending,15,Low,No,761,39,High transaction frequency; Fan-out activity,Medium,Open,False
AML-002012,100958,978,944,C_978,135.33,1970-01-01 00:00:00.000000171,Pending,15,Low,No,761,39,High transaction frequency; Fan-out activity,Medium,Open,False
AML-002013,100959,978,649,C_978,135.33,1970-01-01 00:00:00.000000171,Pending,15,Low,No,761,39,High transaction frequency; Fan-out activity,Medium,Open,False
AML-002014,100960,978,906,C_978,135.33,1970-01-01 00:00:00.000000171,Pending,15,Low,No,761,39,High transaction frequency; Fan-out activity,Medium,Open,False
AML-002015,100965,536,477,C_536,984600.68,1970-01-01 00:00:00.000000171,Verified,0,Low,No,22,9,Large transaction,High,Open,False
AML-002016,101045,828,945,C_828,2070486.87,1970-01-01 00:00:00.000000171,Verified,0,Low,No,25,13,Large transaction,High,Open,False
AML-002017,101058,332,909,C_332,3877759.25,1970-01-01 00:00:00.000000171,Verified,0,Low,No,19,7,Large transaction,High,Open,False
AML-002018,101060,824,986,C_824,1803486.0,1970-01-01 00:00:00.000000171,Verified,0,Low,No,19,13,Large transaction,High,Open,False
AML-002019,101093,728,463,C_728,843943.68,1970-01-01 00:00:00.000000171,Verified,0,Low,No,15,10,Large transaction,High,Open,False
AML-002020,101168,524,599,C_524,2075845.75,1970-01-01 00:00:00.000000172,Verified,40,Medium,Yes,21,8,Large transaction,High,Open,False
AML-002021,101174,436,909,C_436,648852.68,1970-01-01 00:00:00.000000172,Verified,0,Low,No,19,7,Large transaction,High,Open,False
AML-002022,101176,623,426,C_623,2159019.0,1970-01-01 00:00:00.000000172,Verified,0,Low,No,26,9,Large transaction,High,Open,False
AML-002023,101224,125,989,C_125,1752617.75,1970-01-01 00:00:00.000000172,Verified,0,Low,No,14,6,Large transaction,High,Open,False
AML-002024,101254,328,755,C_328,4114582.25,1970-01-01 00:00:00.000000172,Verified,0,Low,No,24,6,Large transaction,High,Open,False
AML-002025,101257,638,31,C_638,1041207.43,1970-01-01 00:00:00.000000172,Pending,35,Medium,No,20,9,Large transaction,High,Open,False
AML-002026,101290,121,198,C_121,522425.25,1970-01-01 00:00:00.000000172,Verified,20,Low,No,21,4,Large transaction,High,Open,False
AML-002027,101293,634,562,C_634,1301451.5,1970-01-01 00:00:00.000000172,Verified,40,Medium,Yes,20,9,Large transaction,High,Open,False
AML-002028,101302,635,653,C_635,2889678.5,1970-01-01 00:00:00.000000172,Verified,0,Low,No,22,9,Large transaction,High,Open,False
AML-002029,101343,229,691,C_229,3400460.5,1970-01-01 00:00:00.000000172,Verified,20,Low,No,27,5,Large transaction,High,Open,False
AML-002030,101365,526,989,C_526,2099073.75,1970-01-01 00:00:00.000000172,Verified,0,Low,No,17,8,Large transaction,High,Open,False
AML-002031,101366,626,24,C_626,1565282.5,1970-01-01 00:00:00.000000172,Verified,0,Low,No,13,9,Large transaction,High,Open,False
AML-002032,101369,130,993,C_130,3763701.5,1970-01-01 00:00:00.000000172,Rejected,60,High,Yes,18,5,Large transaction; High-risk customer activity,High,Open,False
AML-002033,101378,420,138,C_420,999947.5,1970-01-01 00:00:00.000000172,Manual Review,50,Medium,Yes,18,7,Large transaction,High,Open,False
AML-002034,101401,837,398,C_837,2394025.75,1970-01-01 00:00:00.000000172,Verified,0,Low,No,20,13,Large transaction,High,Open,False
AML-002035,101500,832,854,C_832,1211881.87,1970-01-01 00:00:00.000000172,Verified,0,Low,No,13,13,Large transaction,High,Open,False
AML-002036,101555,920,418,C_920,1809420.62,1970-01-01 00:00:00.000000172,Verified,0,Low,No,19,18,Large transaction,High,Open,False
AML-002037,101561,831,586,C_831,1279329.62,1970-01-01 00:00:00.000000172,Verified,0,Low,No,20,13,Large transaction,High,Open,False
AML-002038,101571,933,925,C_933,2564497.75,1970-01-01 00:00:00.000000172,Verified,0,Low,No,22,22,Large transaction,High,Open,False
AML-002039,101640,533,802,C_533,1634277.75,1970-01-01 00:00:00.000000172,Verified,0,Low,No,26,8,Large transaction,High,Open,False
AML-002040,101755,427,255,C_427,822383.12,1970-01-01 00:00:00.000000173,Verified,0,Low,No,20,7,Large transaction,High,Open,False
AML-002041,101853,220,617,C_220,1522154.0,1970-01-01 00:00:00.000000173,Verified,0,Low,No,22,5,Large transaction,High,Open,False
AML-002042,101875,339,166,C_339,1774864.37,1970-01-01 00:00:00.000000173,Verified,0,Low,No,16,6,Large transaction,High,Open,False
AML-002043,101900,122,705,C_122,1023113.75,1970-01-01 00:00:00.000000173,Verified,0,Low,No,23,4,Large transaction,High,Open,False
AML-002044,101910,623,969,C_623,2159020.25,1970-01-01 00:00:00.000000173,Verified,0,Low,No,26,9,Large transaction,High,Open,False
AML-002045,101950,121,870,C_121,522417.9,1970-01-01 00:00:00.000000173,Verified,20,Low,No,21,4,Large transaction,High,Open,False
AML-002046,101982,135,728,C_135,1715512.62,1970-01-01 00:00:00.000000173,Verified,40,Medium,Yes,19,5,Large transaction,High,Open,False
AML-002047,101999,31,841,C_31,1091025.37,1970-01-01 00:00:00.000000173,Verified,0,Low,No,24,3,Large transaction,High,Open,False
AML-002048,102000,835,475,C_835,1136479.5,1970-01-01 00:00:00.000000173,Verified,0,Low,No,19,13,Large transaction,High,Open,False
AML-002049,102003,35,972,C_35,1866052.5,1970-01-01 00:00:00.000000173,Verified,0,Low,No,21,3,Large transaction,High,Open,False
AML-002050,102006,620,298,C_620,589134.0,1970-01-01 00:00:00.000000173,Verified,0,Low,No,21,9,Large transaction,High,Open,False
AML-002051,102028,722,572,C_722,1676460.5,1970-01-01 00:00:00.000000173,Verified,0,Low,No,25,10,Large transaction,High,Open,False
AML-002052,102110,632,101,C_632,2738539.0,1970-01-01 00:00:00.000000173,Verified,0,Low,No,22,9,Large transaction,High,Open,False
AML-002053,102115,526,805,C_526,2099443.75,1970-01-01 00:00:00.000000173,Verified,0,Low,No,17,8,Large transaction,High,Open,False
AML-002054,102125,230,219,C_230,2744686.5,1970-01-01 00:00:00.000000173,Verified,0,Low,No,22,5,Large transaction,High,Open,False
AML-002055,102128,720,259,C_720,846913.62,1970-01-01 00:00:00.000000173,Verified,0,Low,No,24,10,Large transaction,High,Open,False
AML-002056,102141,425,208,C_425,499046.46,1970-01-01 00:00:00.000000173,Verified,0,Low,No,29,6,Large transaction,High,Open,False
AML-002057,102150,32,862,C_32,560069.0,1970-01-01 00:00:00.000000173,Pending,15,Low,No,18,3,Large transaction,High,Open,False
AML-002058,102169,439,972,C_439,3046034.75,1970-01-01 00:00:00.000000173,Verified,0,Low,No,20,7,Large transaction,High,Open,False
AML-002059,102183,829,914,C_829,2190044.5,1970-01-01 00:00:00.000000173,Verified,0,Low,No,14,13,Large transaction,High,Open,False
AML-002060,102242,937,936,C_937,840320.93,1970-01-01 00:00:00.000000173,Verified,0,Low,No,25,22,Large transaction,High,Open,False
AML-002061,102257,733,14,C_733,1118848.5,1970-01-01 00:00:00.000000173,Verified,0,Low,No,17,10,Large transaction,High,Open,False
AML-002062,102297,425,664,C_425,499116.5,1970-01-01 00:00:00.000000174,Verified,0,Low,No,29,6,Large transaction,High,Open,False
AML-002063,102327,327,250,C_327,5827134.5,1970-01-01 00:00:00.000000174,Verified,0,Low,No,15,6,Large transaction,High,Open,False
AML-002064,102372,923,968,C_923,1850945.25,1970-01-01 00:00:00.000000174,Verified,0,Low,No,21,20,Large transaction,High,Open,False
AML-002065,102452,439,324,C_439,3046204.0,1970-01-01 00:00:00.000000174,Verified,0,Low,No,20,7,Large transaction,High,Open,False
AML-002066,102453,828,935,C_828,2295381.75,1970-01-01 00:00:00.000000174,Verified,0,Low,No,25,13,Large transaction,High,Open,False
AML-002067,102495,731,211,C_731,1121972.62,1970-01-01 00:00:00.000000174,Verified,0,Low,No,25,10,Large transaction,High,Open,False
AML-002068,102517,230,773,C_230,2744524.75,1970-01-01 00:00:00.000000174,Verified,0,Low,No,22,5,Large transaction,High,Open,False
AML-002069,102573,829,707,C_829,2190318.25,1970-01-01 00:00:00.000000174,Verified,0,Low,No,14,13,Large transaction,High,Open,False
AML-002070,102579,122,808,C_122,1023057.93,1970-01-01 00:00:00.000000174,Verified,0,Low,No,23,4,Large transaction,High,Open,False
AML-002071,102644,525,965,C_525,2588173.75,1970-01-01 00:00:00.000000174,Verified,0,Low,No,21,7,Large transaction,High,Open,False
AML-002072,102689,934,414,C_934,1087268.25,1970-01-01 00:00:00.000000174,Verified,0,Low,No,16,16,Large transaction,High,Open,False
AML-002073,102713,629,246,C_629,1585650.5,1970-01-01 00:00:00.000000174,Verified,0,Low,No,21,9,Large transaction,High,Open,False
AML-002074,102750,37,634,C_37,2308368.25,1970-01-01 00:00:00.000000174,Manual Review,50,Medium,Yes,16,3,Large transaction,High,Open,False
AML-002075,102766,222,620,C_222,1070022.0,1970-01-01 00:00:00.000000174,Verified,0,Low,No,21,5,Large transaction,High,Open,False
AML-002076,102780,522,643,C_522,1569176.0,1970-01-01 00:00:00.000000174,Verified,0,Low,No,15,8,Large transaction,High,Open,False
AML-002077,102808,835,850,C_835,1362775.75,1970-01-01 00:00:00.000000174,Verified,0,Low,No,19,13,Large transaction,High,Open,False
AML-002078,102811,237,602,C_237,997090.31,1970-01-01 00:00:00.000000174,Verified,20,Low,No,18,5,Large transaction,High,Open,False
AML-002079,102839,33,705,C_33,3119954.0,1970-01-01 00:00:00.000000174,Verified,0,Low,No,25,3,Large transaction,High,Open,False
AML-002080,102918,633,940,C_633,1184589.5,1970-01-01 00:00:00.000000174,Verified,0,Low,No,14,9,Large transaction,High,Open,False
AML-002081,103015,239,679,C_239,2166980.5,1970-01-01 00:00:00.000000174,Verified,0,Low,No,26,5,Large transaction,High,Open,False
AML-002082,103119,126,839,C_126,2939822.75,1970-01-01 00:00:00.000000175,Verified,0,Low,No,23,4,Large transaction,High,Open,False
AML-002083,103120,826,952,C_826,2014618.12,1970-01-01 00:00:00.000000175,Verified,20,Low,No,21,13,Large transaction,High,Open,False
AML-002084,103158,523,999,C_523,2883182.25,1970-01-01 00:00:00.000000175,Verified,0,Low,No,24,8,Large transaction,High,Open,False
AML-002085,103163,439,507,C_439,3457196.75,1970-01-01 00:00:00.000000175,Verified,0,Low,No,20,7,Large transaction,High,Open,False
AML-002086,103222,320,257,C_320,3193309.75,1970-01-01 00:00:00.000000175,Verified,0,Low,No,22,6,Large transaction,High,Open,False
AML-002087,103237,939,888,C_939,1284092.87,1970-01-01 00:00:00.000000175,Verified,0,Low,No,15,15,Large transaction,High,Open,False
AML-002088,103268,31,302,C_31,1091266.12,1970-01-01 00:00:00.000000175,Verified,0,Low,No,24,3,Large transaction,High,Open,False
AML-002089,103269,222,932,C_222,1069976.37,1970-01-01 00:00:00.000000175,Verified,0,Low,No,21,5,Large transaction,High,Open,False
AML-002090,103382,136,893,C_136,6815449.0,1970-01-01 00:00:00.000000175,Verified,0,Low,No,20,5,Large transaction,High,Open,False
AML-002091,103387,920,681,C_920,1962090.25,1970-01-01 00:00:00.000000175,Verified,0,Low,No,19,18,Large transaction,High,Open,False
AML-002092,103404,630,274,C_630,2150925.0,1970-01-01 00:00:00.000000175,Verified,20,Low,No,19,9,Large transaction,High,Open,False
AML-002093,103436,420,974,C_420,1281117.87,1970-01-01 00:00:00.000000175,Manual Review,50,Medium,Yes,18,7,Large transaction,High,Open,False
AML-002094,103437,924,291,C_924,1108452.87,1970-01-01 00:00:00.000000175,Verified,0,Low,No,22,19,Large transaction,High,Open,False
AML-002095,103442,37,745,C_37,2308489.75,1970-01-01 00:00:00.000000175,Manual Review,50,Medium,Yes,16,3,Large transaction,High,Open,False
AML-002096,103443,720,90,C_720,931286.68,1970-01-01 00:00:00.000000175,Verified,0,Low,No,24,10,Large transaction,High,Open,False
AML-002097,103444,424,823,C_424,644920.12,1970-01-01 00:00:00.000000175,Pending,15,Low,No,27,11,Large transaction,High,Open,False
AML-002098,103446,134,483,C_134,750542.37,1970-01-01 00:00:00.000000175,Manual Review,50,Medium,Yes,22,5,Large transaction,High,Open,False
AML-002099,103586,338,494,C_338,4376767.5,1970-01-01 00:00:00.000000175,Verified,0,Low,No,19,6,Large transaction,High,Open,False
AML-002100,103610,25,976,C_25,976353.81,1970-01-01 00:00:00.000000175,Verified,0,Low,No,25,3,Large transaction,High,Open,False
AML-002101,103620,726,889,C_726,2352877.5,1970-01-01 00:00:00.000000175,Verified,0,Low,No,20,10,Large transaction,High,Open,False
AML-002102,103634,127,254,C_127,844775.68,1970-01-01 00:00:00.000000175,Verified,0,Low,No,23,5,Large transaction,High,Open,False
AML-002103,103647,427,832,C_427,822012.37,1970-01-01 00:00:00.000000176,Verified,0,Low,No,20,7,Large transaction,High,Open,False
AML-002104,103657,222,617,C_222,1070043.5,1970-01-01 00:00:00.000000176,Verified,0,Low,No,21,5,Large transaction,High,Open,False
AML-002105,103690,227,940,C_227,3482603.5,1970-01-01 00:00:00.000000176,Verified,0,Low,No,20,5,Large transaction,High,Open,False
AML-002106,103693,727,767,C_727,1178989.37,1970-01-01 00:00:00.000000176,Pending,35,Medium,No,16,10,Large transaction,High,Open,False
AML-002107,103696,529,952,C_529,709252.93,1970-01-01 00:00:00.000000176,Verified,0,Low,No,24,8,Large transaction,High,Open,False
AML-002108,103698,930,999,C_930,1992287.25,1970-01-01 00:00:00.000000176,Verified,0,Low,No,16,16,Large transaction,High,Open,False
AML-002109,103700,32,603,C_32,1422858.37,1970-01-01 00:00:00.000000176,Pending,15,Low,No,18,3,Large transaction,High,Open,False
AML-002110,103701,329,762,C_329,3340767.75,1970-01-01 00:00:00.000000176,Manual Review,70,High,Yes,14,6,Large transaction; High-risk customer activity,High,Open,False
AML-002111,103766,935,748,C_935,1689730.62,1970-01-01 00:00:00.000000176,Verified,0,Low,No,24,23,Large transaction,High,Open,False
AML-002112,103768,25,175,C_25,976353.81,1970-01-01 00:00:00.000000176,Verified,0,Low,No,25,3,Large transaction,High,Open,False
AML-002113,103882,221,707,C_221,2540635.5,1970-01-01 00:00:00.000000176,Pending,15,Low,No,27,6,Large transaction,High,Open,False
AML-002114,104040,836,672,C_836,2671909.75,1970-01-01 00:00:00.000000176,Verified,0,Low,No,17,13,Large transaction,High,Open,False
AML-002115,104048,129,185,C_129,569042.68,1970-01-01 00:00:00.000000176,Verified,40,Medium,Yes,19,4,Large transaction,High,Open,False
AML-002116,104114,338,784,C_338,4376541.0,1970-01-01 00:00:00.000000176,Verified,0,Low,No,19,6,Large transaction,High,Open,False
AML-002117,104187,837,994,C_837,2394726.0,1970-01-01 00:00:00.000000176,Verified,0,Low,No,20,13,Large transaction,High,Open,False
AML-002118,104250,230,983,C_230,2744496.25,1970-01-01 00:00:00.000000176,Verified,0,Low,No,22,5,Large transaction,High,Open,False
AML-002119,104256,430,620,C_430,2382332.5,1970-01-01 00:00:00.000000176,Verified,0,Low,No,19,7,Large transaction,High,Open,False
AML-002120,104268,736,990,C_736,1459438.87,1970-01-01 00:00:00.000000176,Pending,15,Low,No,26,10,Large transaction,High,Open,False
AML-002121,104269,134,917,C_134,750906.68,1970-01-01 00:00:00.000000176,Manual Review,50,Medium,Yes,22,5,Large transaction,High,Open,False
AML-002122,104308,339,364,C_339,1777170.87,1970-01-01 00:00:00.000000176,Verified,0,Low,No,16,6,Large transaction,High,Open,False
AML-002123,104368,923,903,C_923,2262063.75,1970-01-01 00:00:00.000000177,Verified,0,Low,No,21,20,Large transaction,High,Open,False
AML-002124,104375,521,929,C_521,1860367.0,1970-01-01 00:00:00.000000177,Pending,15,Low,No,23,7,Large transaction,High,Open,False
AML-002125,104378,239,739,C_239,2451414.25,1970-01-01 00:00:00.000000177,Verified,0,Low,No,26,5,Large transaction,High,Open,False
AML-002126,104405,23,680,C_23,1868545.5,1970-01-01 00:00:00.000000177,Verified,0,Low,No,21,3,Large transaction,High,Open,False
AML-002127,104487,628,830,C_628,3461190.25,1970-01-01 00:00:00.000000177,Verified,0,Low,No,16,9,Large transaction,High,Open,False
AML-002128,104500,434,895,C_434,3797037.25,1970-01-01 00:00:00.000000177,Verified,0,Low,No,19,7,Large transaction,High,Open,False
AML-002129,104582,225,867,C_225,2354188.5,1970-01-01 00:00:00.000000177,Manual Review,50,Medium,Yes,22,5,Large transaction,High,Open,False
AML-002130,104622,534,854,C_534,2756693.0,1970-01-01 00:00:00.000000177,Verified,0,Low,No,14,8,Large transaction,High,Open,False
AML-002131,104700,437,985,C_437,1844415.0,1970-01-01 00:00:00.000000177,Verified,0,Low,No,11,7,Large transaction,High,Open,False
AML-002132,104717,932,924,C_932,2030677.87,1970-01-01 00:00:00.000000177,Verified,0,Low,No,18,17,Large transaction,High,Open,False
AML-002133,104735,736,552,C_736,1459509.5,1970-01-01 00:00:00.000000177,Pending,15,Low,No,26,10,Large transaction,High,Open,False
AML-002134,104740,27,934,C_27,2787771.0,1970-01-01 00:00:00.000000177,Verified,0,Low,No,22,3,Large transaction,High,Open,False
AML-002135,104842,122,135,C_122,1600108.25,1970-01-01 00:00:00.000000177,Verified,0,Low,No,23,4,Large transaction,High,Open,False
AML-002136,104854,221,642,C_221,2540416.25,1970-01-01 00:00:00.000000177,Pending,15,Low,No,27,6,Large transaction,High,Open,False
AML-002137,104870,838,299,C_838,884087.93,1970-01-01 00:00:00.000000177,Verified,0,Low,No,17,13,Large transaction,High,Open,False
AML-002138,104884,422,242,C_422,3430189.25,1970-01-01 00:00:00.000000177,Verified,0,Low,No,16,7,Large transaction,High,Open,False
AML-002139,104926,838,873,C_838,884087.93,1970-01-01 00:00:00.000000178,Verified,0,Low,No,17,13,Large transaction,High,Open,False
AML-002140,104955,20,151,C_20,3747821.75,1970-01-01 00:00:00.000000178,Verified,0,Low,No,29,2,Large transaction,High,Open,False
AML-002141,104962,923,708,C_923,2262522.5,1970-01-01 00:00:00.000000178,Verified,0,Low,No,21,20,Large transaction,High,Open,False
AML-002142,104980,821,998,C_821,2352448.5,1970-01-01 00:00:00.000000178,Verified,0,Low,No,20,13,Large transaction,High,Open,False
AML-002143,105032,124,990,C_124,1310214.37,1970-01-01 00:00:00.000000178,Verified,0,Low,No,20,4,Large transaction,High,Open,False
AML-002144,105033,823,208,C_823,596073.06,1970-01-01 00:00:00.000000178,Verified,0,Low,No,30,14,Large transaction,High,Open,False
AML-002145,105072,520,559,C_520,1734241.12,1970-01-01 00:00:00.000000178,Verified,0,Low,No,14,6,Large transaction,High,Open,False
AML-002146,105104,935,828,C_935,2032792.87,1970-01-01 00:00:00.000000178,Verified,0,Low,No,24,23,Large transaction,High,Open,False
AML-002147,105119,532,508,C_532,2174979.25,1970-01-01 00:00:00.000000178,Verified,0,Low,No,16,8,Large transaction,High,Open,False
AML-002148,105227,438,715,C_438,2117856.25,1970-01-01 00:00:00.000000178,Verified,20,Low,No,21,7,Large transaction,High,Open,False
AML-002149,105237,839,962,C_839,2515140.5,1970-01-01 00:00:00.000000178,Verified,0,Low,No,19,14,Large transaction,High,Open,False
AML-002150,105255,334,991,C_334,692541.37,1970-01-01 00:00:00.000000178,Verified,0,Low,No,20,6,Large transaction,High,Open,False
AML-002151,105257,729,987,C_729,2956331.0,1970-01-01 00:00:00.000000178,Verified,0,Low,No,19,10,Large transaction,High,Open,False
AML-002152,105270,129,487,C_129,569435.56,1970-01-01 00:00:00.000000178,Verified,40,Medium,Yes,19,4,Large transaction,High,Open,False
AML-002153,105290,429,763,C_429,2011545.12,1970-01-01 00:00:00.000000178,Pending,15,Low,No,24,7,Large transaction,High,Open,False
AML-002154,105301,732,970,C_732,806465.5,1970-01-01 00:00:00.000000178,Verified,0,Low,No,28,10,Large transaction,High,Open,False
AML-002155,105331,437,999,C_437,1844804.87,1970-01-01 00:00:00.000000178,Verified,0,Low,No,11,7,Large transaction,High,Open,False
AML-002156,105387,926,538,C_926,2426196.5,1970-01-01 00:00:00.000000178,Verified,0,Low,No,20,20,Large transaction,High,Open,False
AML-002157,105424,137,589,C_137,4667506.0,1970-01-01 00:00:00.000000179,Verified,0,Low,No,20,6,Large transaction,High,Open,False
AML-002158,105487,331,927,C_331,527262.06,1970-01-01 00:00:00.000000179,Verified,40,Medium,Yes,22,6,Large transaction,High,Open,False
AML-002159,105526,528,541,C_528,3452613.75,1970-01-01 00:00:00.000000179,Verified,0,Low,No,19,8,Large transaction,High,Open,False
AML-002160,105541,34,943,C_34,4501129.5,1970-01-01 00:00:00.000000179,Pending,15,Low,No,29,3,Large transaction,High,Open,False
AML-002161,105542,827,884,C_827,1591646.12,1970-01-01 00:00:00.000000179,Manual Review,50,Medium,Yes,21,13,Large transaction,High,Open,False
AML-002162,105543,223,273,C_223,1384686.25,1970-01-01 00:00:00.000000179,Verified,0,Low,No,23,5,Large transaction,High,Open,False
AML-002163,105570,539,114,C_539,1761198.0,1970-01-01 00:00:00.000000179,Verified,0,Low,No,18,7,Large transaction,High,Open,False
AML-002164,105630,823,949,C_823,596052.62,1970-01-01 00:00:00.000000179,Verified,0,Low,No,30,14,Large transaction,High,Open,False
AML-002165,105697,330,204,C_330,4485643.0,1970-01-01 00:00:00.000000179,Verified,0,Low,No,31,6,Large transaction,High,Open,False
AML-002166,105805,532,384,C_532,2174730.25,1970-01-01 00:00:00.000000179,Verified,0,Low,No,16,8,Large transaction,High,Open,False
AML-002167,105835,124,760,C_124,1310087.0,1970-01-01 00:00:00.000000179,Verified,0,Low,No,20,4,Large transaction,High,Open,False
AML-002168,105841,926,879,C_926,2491719.0,1970-01-01 00:00:00.000000179,Verified,0,Low,No,20,20,Large transaction,High,Open,False
AML-002169,105975,231,976,C_231,1620524.75,1970-01-01 00:00:00.000000180,Verified,0,Low,No,19,5,Large transaction,High,Open,False
AML-002170,105996,731,994,C_731,1397683.37,1970-01-01 00:00:00.000000180,Verified,0,Low,No,25,10,Large transaction,High,Open,False
AML-002171,106006,935,190,C_935,2177518.5,1970-01-01 00:00:00.000000180,Verified,0,Low,No,24,23,Large transaction,High,Open,False
AML-002172,106029,23,339,C_23,1867748.62,1970-01-01 00:00:00.000000180,Verified,0,Low,No,21,3,Large transaction,High,Open,False
AML-002173,106047,428,940,C_428,921899.43,1970-01-01 00:00:00.000000180,Verified,0,Low,No,24,7,Large transaction,High,Open,False
AML-002174,106052,928,116,C_928,1376069.62,1970-01-01 00:00:00.000000180,Verified,0,Low,No,22,22,Large transaction,High,Open,False
AML-002175,106070,827,115,C_827,1591675.12,1970-01-01 00:00:00.000000180,Manual Review,50,Medium,Yes,21,13,Large transaction,High,Open,False
AML-002176,106087,330,932,C_330,4485516.5,1970-01-01 00:00:00.000000180,Verified,0,Low,No,31,6,Large transaction,High,Open,False
AML-002177,106090,422,862,C_422,3693601.75,1970-01-01 00:00:00.000000180,Verified,0,Low,No,16,7,Large transaction,High,Open,False
AML-002178,106103,724,992,C_724,2843760.5,1970-01-01 00:00:00.000000180,Verified,0,Low,No,25,10,Large transaction,High,Open,False
AML-002179,106117,739,688,C_739,2030531.37,1970-01-01 00:00:00.000000180,Pending,15,Low,No,17,10,Large transaction,High,Open,False
AML-002180,106159,526,266,C_526,3171374.25,1970-01-01 00:00:00.000000180,Verified,0,Low,No,17,8,Large transaction,High,Open,False
AML-002181,106182,436,998,C_436,972100.62,1970-01-01 00:00:00.000000180,Verified,0,Low,No,19,7,Large transaction,High,Open,False
AML-002182,106190,529,965,C_529,708911.25,1970-01-01 00:00:00.000000180,Verified,0,Low,No,24,8,Large transaction,High,Open,False
AML-002183,106199,34,353,C_34,7496654.0,1970-01-01 00:00:00.000000180,Pending,15,Low,No,29,3,Large transaction,High,Open,False
AML-002184,106218,535,982,C_535,1916482.25,1970-01-01 00:00:00.000000180,Verified,0,Low,No,12,8,Large transaction,High,Open,False
AML-002185,106220,36,179,C_36,898777.93,1970-01-01 00:00:00.000000180,Verified,0,Low,No,19,3,Large transaction,High,Open,False
AML-002186,106275,728,475,C_728,1515568.12,1970-01-01 00:00:00.000000180,Verified,0,Low,No,15,10,Large transaction,High,Open,False
AML-002187,106285,20,142,C_20,5410646.0,1970-01-01 00:00:00.000000180,Verified,0,Low,No,29,2,Large transaction,High,Open,False
AML-002188,106331,624,445,C_624,1644226.5,1970-01-01 00:00:00.000000180,Verified,0,Low,No,24,9,Large transaction,High,Open,False
AML-002189,106386,820,945,C_820,1471610.5,1970-01-01 00:00:00.000000181,Verified,40,Medium,Yes,13,13,Large transaction,High,Open,False
AML-002190,106397,124,514,C_124,1310416.75,1970-01-01 00:00:00.000000181,Verified,0,Low,No,20,4,Large transaction,High,Open,False
AML-002191,106429,328,117,C_328,5254030.5,1970-01-01 00:00:00.000000181,Verified,0,Low,No,24,6,Large transaction,High,Open,False
AML-002192,106463,728,116,C_728,1515627.5,1970-01-01 00:00:00.000000181,Verified,0,Low,No,15,10,Large transaction,High,Open,False
AML-002193,106464,720,998,C_720,1520639.75,1970-01-01 00:00:00.000000181,Verified,0,Low,No,24,10,Large transaction,High,Open,False
AML-002194,106506,823,919,C_823,596062.37,1970-01-01 00:00:00.000000181,Verified,0,Low,No,30,14,Large transaction,High,Open,False
AML-002195,106511,531,995,C_531,867374.12,1970-01-01 00:00:00.000000181,Verified,20,Low,No,21,8,Large transaction,High,Open,False
AML-002196,106515,524,797,C_524,2480283.75,1970-01-01 00:00:00.000000181,Verified,40,Medium,Yes,21,8,Large transaction,High,Open,False
AML-002197,106523,833,866,C_833,2343928.25,1970-01-01 00:00:00.000000181,Verified,40,Medium,Yes,21,13,Large transaction,High,Open,False
AML-002198,106580,520,992,C_520,2624556.75,1970-01-01 00:00:00.000000181,Verified,0,Low,No,14,6,Large transaction,High,Open,False
AML-002199,106600,121,712,C_121,521530.43,1970-01-01 00:00:00.000000181,Verified,20,Low,No,21,4,Large transaction,High,Open,False
AML-002200,106603,332,893,C_332,4839811.0,1970-01-01 00:00:00.000000181,Verified,0,Low,No,19,7,Large transaction,High,Open,False
AML-002201,106609,938,659,C_938,2475767.0,1970-01-01 00:00:00.000000181,Verified,0,Low,No,24,23,Large transaction,High,Open,False
AML-002202,106611,979,153,C_979,191.63,1970-01-01 00:00:00.000000181,Verified,0,Low,No,740,37,High transaction frequency; Fan-out activity,Medium,Open,False
AML-002203,106612,979,891,C_979,191.63,1970-01-01 00:00:00.000000181,Verified,0,Low,No,740,37,High transaction frequency; Fan-out activity,Medium,Open,False
AML-002204,106613,979,793,C_979,191.63,1970-01-01 00:00:00.000000181,Verified,0,Low,No,740,37,High transaction frequency; Fan-out activity,Medium,Open,False
AML-002205,106614,979,892,C_979,191.63,1970-01-01 00:00:00.000000181,Verified,0,Low,No,740,37,High transaction frequency; Fan-out activity,Medium,Open,False
AML-002206,106615,979,970,C_979,191.63,1970-01-01 00:00:00.000000181,Verified,0,Low,No,740,37,High transaction frequency; Fan-out activity,Medium,Open,False
AML-002207,106616,979,354,C_979,191.63,1970-01-01 00:00:00.000000181,Verified,0,Low,No,740,37,High transaction frequency; Fan-out activity,Medium,Open,False
AML-002208,106617,979,993,C_979,191.63,1970-01-01 00:00:00.000000181,Verified,0,Low,No,740,37,High transaction frequency; Fan-out activity,Medium,Open,False
AML-002209,106618,979,851,C_979,191.63,1970-01-01 00:00:00.000000181,Verified,0,Low,No,740,37,High transaction frequency; Fan-out activity,Medium,Open,False
AML-002210,106619,979,994,C_979,191.63,1970-01-01 00:00:00.000000181,Verified,0,Low,No,740,37,High transaction frequency; Fan-out activity,Medium,Open,False
AML-002211,106620,979,631,C_979,191.63,1970-01-01 00:00:00.000000181,Verified,0,Low,No,740,37,High transaction frequency; Fan-out activity,Medium,Open,False
AML-002212,106621,979,995,C_979,191.63,1970-01-01 00:00:00.000000181,Verified,0,Low,No,740,37,High transaction frequency; Fan-out activity,Medium,Open,False
AML-002213,106622,979,435,C_979,191.63,1970-01-01 00:00:00.000000181,Verified,0,Low,No,740,37,High transaction frequency; Fan-out activity,Medium,Open,False
AML-002214,106623,979,974,C_979,191.63,1970-01-01 00:00:00.000000181,Verified,0,Low,No,740,37,High transaction frequency; Fan-out activity,Medium,Open,False
AML-002215,106624,979,732,C_979,191.63,1970-01-01 00:00:00.000000181,Verified,0,Low,No,740,37,High transaction frequency; Fan-out activity,Medium,Open,False
AML-002216,106625,979,754,C_979,191.63,1970-01-01 00:00:00.000000181,Verified,0,Low,No,740,37,High transaction frequency; Fan-out activity,Medium,Open,False
AML-002217,106626,979,953,C_979,191.63,1970-01-01 00:00:00.000000181,Verified,0,Low,No,740,37,High transaction frequency; Fan-out activity,Medium,Open,False
AML-002218,106627,979,315,C_979,191.63,1970-01-01 00:00:00.000000181,Verified,0,Low,No,740,37,High transaction frequency; Fan-out activity,Medium,Open,False
AML-002219,106628,979,317,C_979,191.63,1970-01-01 00:00:00.000000181,Verified,0,Low,No,740,37,High transaction frequency; Fan-out activity,Medium,Open,False
AML-002220,106629,979,934,C_979,191.63,1970-01-01 00:00:00.000000181,Verified,0,Low,No,740,37,High transaction frequency; Fan-out activity,Medium,Open,False
AML-002221,106630,979,978,C_979,191.63,1970-01-01 00:00:00.000000181,Verified,0,Low,No,740,37,High transaction frequency; Fan-out activity,Medium,Open,False
AML-002222,106631,979,282,C_979,191.63,1970-01-01 00:00:00.000000181,Verified,0,Low,No,740,37,High transaction frequency; Fan-out activity,Medium,Open,False
AML-002223,106632,979,262,C_979,191.63,1970-01-01 00:00:00.000000181,Verified,0,Low,No,740,37,High transaction frequency; Fan-out activity,Medium,Open,False
AML-002224,106633,979,185,C_979,191.63,1970-01-01 00:00:00.000000181,Verified,0,Low,No,740,37,High transaction frequency; Fan-out activity,Medium,Open,False
AML-002225,106634,979,384,C_979,191.63,1970-01-01 00:00:00.000000181,Verified,0,Low,No,740,37,High transaction frequency; Fan-out activity,Medium,Open,False
AML-002226,106635,979,164,C_979,191.63,1970-01-01 00:00:00.000000181,Verified,0,Low,No,740,37,High transaction frequency; Fan-out activity,Medium,Open,False
AML-002227,106636,979,241,C_979,191.63,1970-01-01 00:00:00.000000181,Verified,0,Low,No,740,37,High transaction frequency; Fan-out activity,Medium,Open,False
AML-002228,106637,979,760,C_979,191.63,1970-01-01 00:00:00.000000181,Verified,0,Low,No,740,37,High transaction frequency; Fan-out activity,Medium,Open,False
AML-002229,106638,979,167,C_979,191.63,1970-01-01 00:00:00.000000181,Verified,0,Low,No,740,37,High transaction frequency; Fan-out activity,Medium,Open,False
AML-002230,106639,979,861,C_979,191.63,1970-01-01 00:00:00.000000181,Verified,0,Low,No,740,37,High transaction frequency; Fan-out activity,Medium,Open,False
AML-002231,106640,979,245,C_979,191.63,1970-01-01 00:00:00.000000181,Verified,0,Low,No,740,37,High transaction frequency; Fan-out activity,Medium,Open,False
AML-002232,106641,979,962,C_979,191.63,1970-01-01 00:00:00.000000181,Verified,0,Low,No,740,37,High transaction frequency; Fan-out activity,Medium,Open,False
AML-002233,106642,979,622,C_979,191.63,1970-01-01 00:00:00.000000181,Verified,0,Low,No,740,37,High transaction frequency; Fan-out activity,Medium,Open,False
AML-002234,106643,979,987,C_979,191.63,1970-01-01 00:00:00.000000181,Verified,0,Low,No,740,37,High transaction frequency; Fan-out activity,Medium,Open,False
AML-002235,106644,979,867,C_979,191.63,1970-01-01 00:00:00.000000181,Verified,0,Low,No,740,37,High transaction frequency; Fan-out activity,Medium,Open,False
AML-002236,106645,979,726,C_979,191.63,1970-01-01 00:00:00.000000181,Verified,0,Low,No,740,37,High transaction frequency; Fan-out activity,Medium,Open,False
AML-002237,106646,979,947,C_979,191.63,1970-01-01 00:00:00.000000181,Verified,0,Low,No,740,37,High transaction frequency; Fan-out activity,Medium,Open,False
AML-002238,106647,979,827,C_979,191.63,1970-01-01 00:00:00.000000181,Verified,0,Low,No,740,37,High transaction frequency; Fan-out activity,Medium,Open,False
AML-002239,106671,978,473,C_978,135.33,1970-01-01 00:00:00.000000181,Pending,15,Low,No,761,39,High transaction frequency; Fan-out activity,Medium,Open,False
AML-002240,106672,978,452,C_978,135.33,1970-01-01 00:00:00.000000181,Pending,15,Low,No,761,39,High transaction frequency; Fan-out activity,Medium,Open,False
AML-002241,106673,978,233,C_978,135.33,1970-01-01 00:00:00.000000181,Pending,15,Low,No,761,39,High transaction frequency; Fan-out activity,Medium,Open,False
AML-002242,106674,978,454,C_978,135.33,1970-01-01 00:00:00.000000181,Pending,15,Low,No,761,39,High transaction frequency; Fan-out activity,Medium,Open,False
AML-002243,106675,978,971,C_978,135.33,1970-01-01 00:00:00.000000181,Pending,15,Low,No,761,39,High transaction frequency; Fan-out activity,Medium,Open,False
AML-002244,106676,978,993,C_978,135.33,1970-01-01 00:00:00.000000181,Pending,15,Low,No,761,39,High transaction frequency; Fan-out activity,Medium,Open,False
AML-002245,106677,978,894,C_978,135.33,1970-01-01 00:00:00.000000181,Pending,15,Low,No,761,39,High transaction frequency; Fan-out activity,Medium,Open,False
AML-002246,106678,978,598,C_978,135.33,1970-01-01 00:00:00.000000181,Pending,15,Low,No,761,39,High transaction frequency; Fan-out activity,Medium,Open,False
AML-002247,106679,978,235,C_978,135.33,1970-01-01 00:00:00.000000181,Pending,15,Low,No,761,39,High transaction frequency; Fan-out activity,Medium,Open,False
AML-002248,106680,978,775,C_978,135.33,1970-01-01 00:00:00.000000181,Pending,15,Low,No,761,39,High transaction frequency; Fan-out activity,Medium,Open,False
AML-002249,106681,978,511,C_978,135.33,1970-01-01 00:00:00.000000181,Pending,15,Low,No,761,39,High transaction frequency; Fan-out activity,Medium,Open,False
AML-002250,106682,978,974,C_978,135.33,1970-01-01 00:00:00.000000181,Pending,15,Low,No,761,39,High transaction frequency; Fan-out activity,Medium,Open,False
AML-002251,106683,978,732,C_978,135.33,1970-01-01 00:00:00.000000181,Pending,15,Low,No,761,39,High transaction frequency; Fan-out activity,Medium,Open,False
AML-002252,106684,978,832,C_978,135.33,1970-01-01 00:00:00.000000181,Pending,15,Low,No,761,39,High transaction frequency; Fan-out activity,Medium,Open,False
AML-002253,106685,978,854,C_978,135.33,1970-01-01 00:00:00.000000181,Pending,15,Low,No,761,39,High transaction frequency; Fan-out activity,Medium,Open,False
AML-002254,106686,978,997,C_978,135.33,1970-01-01 00:00:00.000000181,Pending,15,Low,No,761,39,High transaction frequency; Fan-out activity,Medium,Open,False
AML-002255,106687,978,755,C_978,135.33,1970-01-01 00:00:00.000000181,Pending,15,Low,No,761,39,High transaction frequency; Fan-out activity,Medium,Open,False
AML-002256,106688,978,998,C_978,135.33,1970-01-01 00:00:00.000000181,Pending,15,Low,No,761,39,High transaction frequency; Fan-out activity,Medium,Open,False
AML-002257,106689,978,812,C_978,135.33,1970-01-01 00:00:00.000000181,Pending,15,Low,No,761,39,High transaction frequency; Fan-out activity,Medium,Open,False
AML-002258,106690,978,636,C_978,135.33,1970-01-01 00:00:00.000000181,Pending,15,Low,No,761,39,High transaction frequency; Fan-out activity,Medium,Open,False
AML-002259,106691,978,736,C_978,135.33,1970-01-01 00:00:00.000000181,Pending,15,Low,No,761,39,High transaction frequency; Fan-out activity,Medium,Open,False
AML-002260,106692,978,814,C_978,135.33,1970-01-01 00:00:00.000000181,Pending,15,Low,No,761,39,High transaction frequency; Fan-out activity,Medium,Open,False
AML-002261,106693,978,836,C_978,135.33,1970-01-01 00:00:00.000000181,Pending,15,Low,No,761,39,High transaction frequency; Fan-out activity,Medium,Open,False
AML-002262,106694,978,936,C_978,135.33,1970-01-01 00:00:00.000000181,Pending,15,Low,No,761,39,High transaction frequency; Fan-out activity,Medium,Open,False
AML-002263,106695,978,937,C_978,135.33,1970-01-01 00:00:00.000000181,Pending,15,Low,No,761,39,High transaction frequency; Fan-out activity,Medium,Open,False
AML-002264,106696,978,818,C_978,135.33,1970-01-01 00:00:00.000000181,Pending,15,Low,No,761,39,High transaction frequency; Fan-out activity,Medium,Open,False
AML-002265,106697,978,918,C_978,135.33,1970-01-01 00:00:00.000000181,Pending,15,Low,No,761,39,High transaction frequency; Fan-out activity,Medium,Open,False
AML-002266,106698,978,682,C_978,135.33,1970-01-01 00:00:00.000000181,Pending,15,Low,No,761,39,High transaction frequency; Fan-out activity,Medium,Open,False
AML-002267,106699,978,222,C_978,135.33,1970-01-01 00:00:00.000000181,Pending,15,Low,No,761,39,High transaction frequency; Fan-out activity,Medium,Open,False
AML-002268,106700,978,641,C_978,135.33,1970-01-01 00:00:00.000000181,Pending,15,Low,No,761,39,High transaction frequency; Fan-out activity,Medium,Open,False
AML-002269,106701,978,985,C_978,135.33,1970-01-01 00:00:00.000000181,Pending,15,Low,No,761,39,High transaction frequency; Fan-out activity,Medium,Open,False
AML-002270,106702,978,248,C_978,135.33,1970-01-01 00:00:00.000000181,Pending,15,Low,No,761,39,High transaction frequency; Fan-out activity,Medium,Open,False
AML-002271,106703,978,645,C_978,135.33,1970-01-01 00:00:00.000000181,Pending,15,Low,No,761,39,High transaction frequency; Fan-out activity,Medium,Open,False
AML-002272,106704,978,942,C_978,135.33,1970-01-01 00:00:00.000000181,Pending,15,Low,No,761,39,High transaction frequency; Fan-out activity,Medium,Open,False
AML-002273,106705,978,986,C_978,135.33,1970-01-01 00:00:00.000000181,Pending,15,Low,No,761,39,High transaction frequency; Fan-out activity,Medium,Open,False
AML-002274,106706,978,944,C_978,135.33,1970-01-01 00:00:00.000000181,Pending,15,Low,No,761,39,High transaction frequency; Fan-out activity,Medium,Open,False
AML-002275,106707,978,649,C_978,135.33,1970-01-01 00:00:00.000000181,Pending,15,Low,No,761,39,High transaction frequency; Fan-out activity,Medium,Open,False
AML-002276,106708,978,906,C_978,135.33,1970-01-01 00:00:00.000000181,Pending,15,Low,No,761,39,High transaction frequency; Fan-out activity,Medium,Open,False
AML-002277,106762,138,996,C_138,1835496.0,1970-01-01 00:00:00.000000181,Verified,0,Low,No,19,5,Large transaction,High,Open,False
AML-002278,106801,335,895,C_335,1417612.0,1970-01-01 00:00:00.000000181,Verified,0,Low,No,20,6,Large transaction,High,Open,False
AML-002279,106824,331,908,C_331,527080.25,1970-01-01 00:00:00.000000181,Verified,40,Medium,Yes,22,6,Large transaction,High,Open,False
AML-002280,106825,624,942,C_624,1644367.0,1970-01-01 00:00:00.000000181,Verified,0,Low,No,24,9,Large transaction,High,Open,False
AML-002281,106830,733,982,C_733,1919379.37,1970-01-01 00:00:00.000000181,Verified,0,Low,No,17,10,Large transaction,High,Open,False
AML-002282,106832,630,132,C_630,2535886.5,1970-01-01 00:00:00.000000181,Verified,20,Low,No,19,9,Large transaction,High,Open,False
AML-002283,106861,937,959,C_937,1275760.5,1970-01-01 00:00:00.000000181,Verified,0,Low,No,25,22,Large transaction,High,Open,False
AML-002284,106928,436,637,C_436,972343.0,1970-01-01 00:00:00.000000181,Verified,0,Low,No,19,7,Large transaction,High,Open,False
AML-002285,106930,31,980,C_31,2356720.25,1970-01-01 00:00:00.000000181,Verified,0,Low,No,24,3,Large transaction,High,Open,False
AML-002286,106948,29,167,C_29,2794520.75,1970-01-01 00:00:00.000000181,Verified,0,Low,No,19,3,Large transaction,High,Open,False
AML-002287,106961,928,997,C_928,1499014.5,1970-01-01 00:00:00.000000181,Verified,0,Low,No,22,22,Large transaction,High,Open,False
AML-002288,106969,731,950,C_731,1397955.75,1970-01-01 00:00:00.000000181,Verified,0,Low,No,25,10,Large transaction,High,Open,False
AML-002289,107008,220,794,C_220,1236623.25,1970-01-01 00:00:00.000000182,Verified,0,Low,No,22,5,Large transaction,High,Open,False
AML-002290,107043,123,192,C_123,4270306.0,1970-01-01 00:00:00.000000182,Verified,0,Low,No,22,4,Large transaction,High,Open,False
AML-002291,107046,531,977,C_531,867365.0,1970-01-01 00:00:00.000000182,Verified,20,Low,No,21,8,Large transaction,High,Open,False
AML-002292,107058,435,470,C_435,2110818.25,1970-01-01 00:00:00.000000182,Verified,40,Medium,Yes,21,7,Large transaction,High,Open,False
AML-002293,107073,722,232,C_722,1896100.0,1970-01-01 00:00:00.000000182,Verified,0,Low,No,25,10,Large transaction,High,Open,False
AML-002294,107076,332,521,C_332,5053737.5,1970-01-01 00:00:00.000000182,Verified,0,Low,No,19,7,Large transaction,High,Open,False
AML-002295,107112,330,939,C_330,4485111.5,1970-01-01 00:00:00.000000182,Verified,0,Low,No,31,6,Large transaction,High,Open,False
AML-002296,107119,835,974,C_835,1613987.12,1970-01-01 00:00:00.000000182,Verified,0,Low,No,19,13,Large transaction,High,Open,False
AML-002297,107120,635,213,C_635,3736615.5,1970-01-01 00:00:00.000000182,Verified,0,Low,No,22,9,Large transaction,High,Open,False
AML-002298,107175,726,934,C_726,3381786.0,1970-01-01 00:00:00.000000182,Verified,0,Low,No,20,10,Large transaction,High,Open,False
AML-002299,107271,824,921,C_824,2499578.5,1970-01-01 00:00:00.000000182,Verified,0,Low,No,19,13,Large transaction,High,Open,False
AML-002300,107272,136,873,C_136,6818270.5,1970-01-01 00:00:00.000000182,Verified,0,Low,No,20,5,Large transaction,High,Open,False
AML-002301,107274,322,985,C_322,3355979.0,1970-01-01 00:00:00.000000182,Verified,0,Low,No,25,6,Large transaction,High,Open,False
AML-002302,107276,25,843,C_25,975518.18,1970-01-01 00:00:00.000000182,Verified,0,Low,No,25,3,Large transaction,High,Open,False
AML-002303,107294,831,531,C_831,1678715.87,1970-01-01 00:00:00.000000182,Verified,0,Low,No,20,13,Large transaction,High,Open,False
AML-002304,107345,733,147,C_733,2257484.25,1970-01-01 00:00:00.000000182,Verified,0,Low,No,17,10,Large transaction,High,Open,False
AML-002305,107359,620,881,C_620,1296822.62,1970-01-01 00:00:00.000000182,Verified,0,Low,No,21,9,Large transaction,High,Open,False
AML-002306,107361,328,538,C_328,5693326.5,1970-01-01 00:00:00.000000182,Verified,0,Low,No,24,6,Large transaction,High,Open,False
AML-002307,107367,232,922,C_232,4660542.0,1970-01-01 00:00:00.000000182,Verified,0,Low,No,21,5,Large transaction,High,Open,False
AML-002308,107413,135,684,C_135,2275344.5,1970-01-01 00:00:00.000000182,Verified,40,Medium,Yes,19,5,Large transaction,High,Open,False
AML-002309,107436,638,880,C_638,1267579.25,1970-01-01 00:00:00.000000182,Pending,35,Medium,No,20,9,Large transaction,High,Open,False
AML-002310,107457,325,928,C_325,1071794.75,1970-01-01 00:00:00.000000182,Verified,0,Low,No,18,6,Large transaction,High,Open,False
AML-002311,107460,121,76,C_121,521296.56,1970-01-01 00:00:00.000000182,Verified,20,Low,No,21,4,Large transaction,High,Open,False
AML-002312,107463,837,996,C_837,2998761.5,1970-01-01 00:00:00.000000182,Verified,0,Low,No,20,13,Large transaction,High,Open,False
AML-002313,107478,31,841,C_31,2356933.0,1970-01-01 00:00:00.000000182,Verified,0,Low,No,24,3,Large transaction,High,Open,False
AML-002314,107532,937,88,C_937,1409830.75,1970-01-01 00:00:00.000000183,Verified,0,Low,No,25,22,Large transaction,High,Open,False
AML-002315,107595,322,987,C_322,3355949.0,1970-01-01 00:00:00.000000183,Verified,0,Low,No,25,6,Large transaction,High,Open,False
AML-002316,107596,232,969,C_232,4660576.0,1970-01-01 00:00:00.000000183,Verified,0,Low,No,21,5,Large transaction,High,Open,False
AML-002317,107656,625,381,C_625,1410174.25,1970-01-01 00:00:00.000000183,Pending,15,Low,No,20,9,Large transaction,High,Open,False
AML-002318,107702,824,756,C_824,2499174.5,1970-01-01 00:00:00.000000183,Verified,0,Low,No,19,13,Large transaction,High,Open,False
AML-002319,107704,424,868,C_424,1537170.37,1970-01-01 00:00:00.000000183,Pending,15,Low,No,27,11,Large transaction,High,Open,False
AML-002320,107712,120,419,C_120,519482.03,1970-01-01 00:00:00.000000183,Verified,0,Low,No,29,4,Large transaction,High,Open,False
AML-002321,107770,922,656,C_922,3788924.75,1970-01-01 00:00:00.000000183,Manual Review,50,Medium,Yes,14,14,Large transaction,High,Open,False
AML-002322,107863,320,997,C_320,3974110.25,1970-01-01 00:00:00.000000183,Verified,0,Low,No,22,6,Large transaction,High,Open,False
AML-002323,107870,423,96,C_423,2561584.75,1970-01-01 00:00:00.000000183,Verified,0,Low,No,19,6,Large transaction,High,Open,False
AML-002324,107901,125,266,C_125,1871137.37,1970-01-01 00:00:00.000000183,Verified,0,Low,No,14,6,Large transaction,High,Open,False
AML-002325,107999,327,961,C_327,5973380.5,1970-01-01 00:00:00.000000183,Verified,0,Low,No,15,6,Large transaction,High,Open,False
AML-002326,108008,331,971,C_331,526874.68,1970-01-01 00:00:00.000000183,Verified,40,Medium,Yes,22,6,Large transaction,High,Open,False
AML-002327,108011,39,720,C_39,1190401.12,1970-01-01 00:00:00.000000183,Verified,0,Low,No,16,3,Large transaction,High,Open,False
AML-002328,108012,726,914,C_726,3381898.5,1970-01-01 00:00:00.000000183,Verified,0,Low,No,20,10,Large transaction,High,Open,False
AML-002329,108041,739,758,C_739,2100687.75,1970-01-01 00:00:00.000000183,Pending,15,Low,No,17,10,Large transaction,High,Open,False
AML-002330,108057,36,986,C_36,898435.18,1970-01-01 00:00:00.000000183,Verified,0,Low,No,19,3,Large transaction,High,Open,False
AML-002331,108059,427,843,C_427,1237152.12,1970-01-01 00:00:00.000000183,Verified,0,Low,No,20,7,Large transaction,High,Open,False
AML-002332,108066,632,970,C_632,3740109.25,1970-01-01 00:00:00.000000183,Verified,0,Low,No,22,9,Large transaction,High,Open,False
AML-002333,108079,29,850,C_29,2794239.75,1970-01-01 00:00:00.000000183,Verified,0,Low,No,19,3,Large transaction,High,Open,False
AML-002334,108081,832,965,C_832,2018802.0,1970-01-01 00:00:00.000000183,Verified,0,Low,No,13,13,Large transaction,High,Open,False
AML-002335,108096,324,759,C_324,1647596.62,1970-01-01 00:00:00.000000183,Verified,0,Low,No,29,6,Large transaction,High,Open,False
AML-002336,108143,134,688,C_134,1295149.25,1970-01-01 00:00:00.000000183,Manual Review,50,Medium,Yes,22,5,Large transaction,High,Open,False
AML-002337,108195,637,404,C_637,1361663.12,1970-01-01 00:00:00.000000184,Verified,0,Low,No,21,9,Large transaction,High,Open,False
AML-002338,108246,230,448,C_230,3710406.75,1970-01-01 00:00:00.000000184,Verified,0,Low,No,22,5,Large transaction,High,Open,False
AML-002339,108251,421,189,C_421,3030824.0,1970-01-01 00:00:00.000000184,Pending,55,Medium,Yes,15,6,Large transaction,High,Open,False
AML-002340,108302,820,837,C_820,1837294.0,1970-01-01 00:00:00.000000184,Verified,40,Medium,Yes,13,13,Large transaction,High,Open,False
AML-002341,108458,525,934,C_525,4308436.0,1970-01-01 00:00:00.000000184,Verified,0,Low,No,21,7,Large transaction,High,Open,False
AML-002342,108461,222,806,C_222,1241275.25,1970-01-01 00:00:00.000000184,Verified,0,Low,No,21,5,Large transaction,High,Open,False
AML-002343,108474,522,998,C_522,3714127.75,1970-01-01 00:00:00.000000184,Verified,0,Low,No,15,8,Large transaction,High,Open,False
AML-002344,108522,326,160,C_326,805291.56,1970-01-01 00:00:00.000000184,Verified,0,Low,No,22,6,Large transaction,High,Open,False
AML-002345,108536,437,968,C_437,1756130.37,1970-01-01 00:00:00.000000184,Verified,0,Low,No,11,7,Large transaction,High,Open,False
AML-002346,108657,333,986,C_333,1984312.0,1970-01-01 00:00:00.000000184,Verified,0,Low,No,28,6,Large transaction,High,Open,False
AML-002347,108671,425,338,C_425,1226722.5,1970-01-01 00:00:00.000000184,Verified,0,Low,No,29,6,Large transaction,High,Open,False
AML-002348,108827,726,141,C_726,3753475.5,1970-01-01 00:00:00.000000184,Verified,0,Low,No,20,10,Large transaction,High,Open,False
AML-002349,108835,723,932,C_723,3032921.25,1970-01-01 00:00:00.000000184,Verified,0,Low,No,21,9,Large transaction,High,Open,False
AML-002350,108877,239,484,C_239,2745158.0,1970-01-01 00:00:00.000000184,Verified,0,Low,No,26,5,Large transaction,High,Open,False
AML-002351,108885,324,693,C_324,1647820.12,1970-01-01 00:00:00.000000184,Verified,0,Low,No,29,6,Large transaction,High,Open,False
AML-002352,109002,326,890,C_326,804562.81,1970-01-01 00:00:00.000000185,Verified,0,Low,No,22,6,Large transaction,High,Open,False
AML-002353,109019,837,765,C_837,3535268.0,1970-01-01 00:00:00.000000185,Verified,0,Low,No,20,13,Large transaction,High,Open,False
AML-002354,109031,225,339,C_225,3104720.25,1970-01-01 00:00:00.000000185,Manual Review,50,Medium,Yes,22,5,Large transaction,High,Open,False
AML-002355,109101,233,982,C_233,1123053.37,1970-01-01 00:00:00.000000185,Verified,0,Low,No,13,5,Large transaction,High,Open,False
AML-002356,109104,127,377,C_127,1624603.5,1970-01-01 00:00:00.000000185,Verified,0,Low,No,23,5,Large transaction,High,Open,False
AML-002357,109113,830,984,C_830,3609313.5,1970-01-01 00:00:00.000000185,Verified,40,Medium,Yes,18,13,Large transaction,High,Open,False
AML-002358,109175,324,35,C_324,1648136.5,1970-01-01 00:00:00.000000185,Verified,0,Low,No,29,6,Large transaction,High,Open,False
AML-002359,109212,239,991,C_239,2745193.75,1970-01-01 00:00:00.000000185,Verified,0,Low,No,26,5,Large transaction,High,Open,False
AML-002360,109222,621,260,C_621,650310.75,1970-01-01 00:00:00.000000185,Verified,0,Low,No,16,9,Large transaction,High,Open,False
AML-002361,109224,25,976,C_25,1712620.62,1970-01-01 00:00:00.000000185,Verified,0,Low,No,25,3,Large transaction,High,Open,False
AML-002362,109228,432,982,C_432,4330056.5,1970-01-01 00:00:00.000000185,Verified,0,Low,No,19,7,Large transaction,High,Open,False
AML-002363,109232,625,353,C_625,1410221.62,1970-01-01 00:00:00.000000185,Pending,15,Low,No,20,9,Large transaction,High,Open,False
AML-002364,109239,732,124,C_732,804891.0,1970-01-01 00:00:00.000000185,Verified,0,Low,No,28,10,Large transaction,High,Open,False
AML-002365,109286,723,396,C_723,3033061.0,1970-01-01 00:00:00.000000185,Verified,0,Low,No,21,9,Large transaction,High,Open,False
AML-002366,109291,634,122,C_634,2011316.62,1970-01-01 00:00:00.000000185,Verified,40,Medium,Yes,20,9,Large transaction,High,Open,False
AML-002367,109356,128,241,C_128,2459756.75,1970-01-01 00:00:00.000000185,Verified,0,Low,No,26,4,Large transaction,High,Open,False
AML-002368,109377,227,209,C_227,4252301.0,1970-01-01 00:00:00.000000185,Verified,0,Low,No,20,5,Large transaction,High,Open,False
AML-002369,109378,336,886,C_336,2982320.75,1970-01-01 00:00:00.000000185,Verified,0,Low,No,24,6,Large transaction,High,Open,False
AML-002370,109595,529,956,C_529,1018986.62,1970-01-01 00:00:00.000000186,Verified,0,Low,No,24,8,Large transaction,High,Open,False
AML-002371,109658,925,733,C_925,4059934.0,1970-01-01 00:00:00.000000186,Verified,0,Low,No,18,18,Large transaction,High,Open,False
AML-002372,109689,227,186,C_227,4252382.0,1970-01-01 00:00:00.000000186,Verified,0,Low,No,20,5,Large transaction,High,Open,False
AML-002373,109798,423,471,C_423,3784521.75,1970-01-01 00:00:00.000000186,Verified,0,Low,No,19,6,Large transaction,High,Open,False
AML-002374,109799,326,451,C_326,804615.31,1970-01-01 00:00:00.000000186,Verified,0,Low,No,22,6,Large transaction,High,Open,False
AML-002375,109804,25,175,C_25,1712245.12,1970-01-01 00:00:00.000000186,Verified,0,Low,No,25,3,Large transaction,High,Open,False
AML-002376,109884,539,555,C_539,2530242.0,1970-01-01 00:00:00.000000186,Verified,0,Low,No,18,7,Large transaction,High,Open,False
AML-002377,109941,432,995,C_432,4341364.0,1970-01-01 00:00:00.000000186,Verified,0,Low,No,19,7,Large transaction,High,Open,False
AML-002378,109972,239,378,C_239,2745101.25,1970-01-01 00:00:00.000000186,Verified,0,Low,No,26,5,Large transaction,High,Open,False
AML-002379,109973,434,985,C_434,5511852.5,1970-01-01 00:00:00.000000186,Verified,0,Low,No,19,7,Large transaction,High,Open,False
AML-002380,109983,537,191,C_537,5836846.5,1970-01-01 00:00:00.000000186,Verified,0,Low,No,16,8,Large transaction,High,Open,False
AML-002381,110056,126,793,C_126,5617674.5,1970-01-01 00:00:00.000000186,Verified,0,Low,No,23,4,Large transaction,High,Open,False
AML-002382,110136,736,3,C_736,2769719.75,1970-01-01 00:00:00.000000186,Pending,15,Low,No,26,10,Large transaction,High,Open,False
AML-002383,110173,538,922,C_538,2198023.75,1970-01-01 00:00:00.000000186,Verified,20,Low,No,17,8,Large transaction,High,Open,False
AML-002384,110211,528,459,C_528,4074282.5,1970-01-01 00:00:00.000000186,Verified,0,Low,No,19,8,Large transaction,High,Open,False
AML-002385,110222,534,768,C_534,3751971.0,1970-01-01 00:00:00.000000187,Verified,0,Low,No,14,8,Large transaction,High,Open,False
AML-002386,110226,924,383,C_924,2807111.25,1970-01-01 00:00:00.000000187,Verified,0,Low,No,22,19,Large transaction,High,Open,False
AML-002387,110341,822,729,C_822,4782870.5,1970-01-01 00:00:00.000000187,Verified,0,Low,No,15,13,Large transaction,High,Open,False
AML-002388,110468,438,197,C_438,2145681.75,1970-01-01 00:00:00.000000187,Verified,20,Low,No,21,7,Large transaction,High,Open,False
AML-002389,110499,129,334,C_129,1072223.87,1970-01-01 00:00:00.000000187,Verified,40,Medium,Yes,19,4,Large transaction,High,Open,False
AML-002390,110532,326,980,C_326,804775.93,1970-01-01 00:00:00.000000187,Verified,0,Low,No,22,6,Large transaction,High,Open,False
AML-002391,110549,637,794,C_637,1361237.12,1970-01-01 00:00:00.000000187,Verified,0,Low,No,21,9,Large transaction,High,Open,False
AML-002392,110602,239,679,C_239,2745049.0,1970-01-01 00:00:00.000000187,Verified,0,Low,No,26,5,Large transaction,High,Open,False
AML-002393,110658,21,180,C_21,3462084.25,1970-01-01 00:00:00.000000187,Verified,60,High,Yes,15,3,Large transaction; High-risk customer activity,High,Open,False
AML-002394,110673,738,324,C_738,2221507.25,1970-01-01 00:00:00.000000187,Verified,0,Low,No,24,10,Large transaction,High,Open,False
AML-002395,110716,221,974,C_221,3062584.0,1970-01-01 00:00:00.000000187,Pending,15,Low,No,27,6,Large transaction,High,Open,False
AML-002396,110734,34,993,C_34,11475748.0,1970-01-01 00:00:00.000000187,Pending,15,Low,No,29,3,Large transaction,High,Open,False
AML-002397,110783,732,996,C_732,1212282.5,1970-01-01 00:00:00.000000187,Verified,0,Low,No,28,10,Large transaction,High,Open,False
AML-002398,110841,521,932,C_521,2060461.37,1970-01-01 00:00:00.000000187,Pending,15,Low,No,23,7,Large transaction,High,Open,False
AML-002399,110847,230,646,C_230,3952614.0,1970-01-01 00:00:00.000000187,Verified,0,Low,No,22,5,Large transaction,High,Open,False
AML-002400,110889,326,247,C_326,804859.06,1970-01-01 00:00:00.000000188,Verified,0,Low,No,22,6,Large transaction,High,Open,False
AML-002401,110919,528,559,C_528,4105503.75,1970-01-01 00:00:00.000000188,Verified,0,Low,No,19,8,Large transaction,High,Open,False
AML-002402,111032,723,310,C_723,3033736.0,1970-01-01 00:00:00.000000188,Verified,0,Low,No,21,9,Large transaction,High,Open,False
AML-002403,111090,336,737,C_336,2982670.75,1970-01-01 00:00:00.000000188,Verified,0,Low,No,24,6,Large transaction,High,Open,False
AML-002404,111223,539,996,C_539,2530169.75,1970-01-01 00:00:00.000000188,Verified,0,Low,No,18,7,Large transaction,High,Open,False
AML-002405,111234,839,687,C_839,3968678.25,1970-01-01 00:00:00.000000188,Verified,0,Low,No,19,14,Large transaction,High,Open,False
AML-002406,111245,225,362,C_225,3973287.25,1970-01-01 00:00:00.000000188,Manual Review,50,Medium,Yes,22,5,Large transaction,High,Open,False
AML-002407,111274,223,960,C_223,1633507.87,1970-01-01 00:00:00.000000188,Verified,0,Low,No,23,5,Large transaction,High,Open,False
AML-002408,111322,27,952,C_27,2790792.25,1970-01-01 00:00:00.000000188,Verified,0,Low,No,22,3,Large transaction,High,Open,False
AML-002409,111376,722,567,C_722,2234778.5,1970-01-01 00:00:00.000000189,Verified,0,Low,No,25,10,Large transaction,High,Open,False
AML-002410,111395,627,277,C_627,1694509.5,1970-01-01 00:00:00.000000189,Verified,0,Low,No,14,9,Large transaction,High,Open,False
AML-002411,111418,26,250,C_26,3242925.25,1970-01-01 00:00:00.000000189,Pending,15,Low,No,18,3,Large transaction,High,Open,False
AML-002412,111519,931,820,C_931,4509290.0,1970-01-01 00:00:00.000000189,Verified,40,Medium,Yes,18,18,Large transaction,High,Open,False
AML-002413,111522,730,821,C_730,5498255.0,1970-01-01 00:00:00.000000189,Verified,0,Low,No,14,10,Large transaction,High,Open,False
AML-002414,111595,933,73,C_933,3924936.0,1970-01-01 00:00:00.000000189,Verified,0,Low,No,22,22,Large transaction,High,Open,False
AML-002415,111613,925,547,C_925,4493767.0,1970-01-01 00:00:00.000000189,Verified,0,Low,No,18,18,Large transaction,High,Open,False
AML-002416,111704,430,654,C_430,3011592.0,1970-01-01 00:00:00.000000189,Verified,0,Low,No,19,7,Large transaction,High,Open,False
AML-002417,111711,533,131,C_533,3265626.5,1970-01-01 00:00:00.000000189,Verified,0,Low,No,26,8,Large transaction,High,Open,False
AML-002418,111795,223,465,C_223,1633622.0,1970-01-01 00:00:00.000000189,Verified,0,Low,No,23,5,Large transaction,High,Open,False
AML-002419,111806,729,715,C_729,4262835.0,1970-01-01 00:00:00.000000189,Verified,0,Low,No,19,10,Large transaction,High,Open,False
AML-002420,111807,836,694,C_836,3153443.0,1970-01-01 00:00:00.000000189,Verified,0,Low,No,17,13,Large transaction,High,Open,False
AML-002421,111821,938,82,C_938,3330646.0,1970-01-01 00:00:00.000000189,Verified,0,Low,No,24,23,Large transaction,High,Open,False
AML-002422,111841,624,977,C_624,1890670.87,1970-01-01 00:00:00.000000189,Verified,0,Low,No,24,9,Large transaction,High,Open,False
AML-002423,111940,20,151,C_20,8031165.5,1970-01-01 00:00:00.000000190,Verified,0,Low,No,29,2,Large transaction,High,Open,False
AML-002424,111941,929,990,C_929,2006586.62,1970-01-01 00:00:00.000000190,Verified,0,Low,No,24,21,Large transaction,High,Open,False
AML-002425,111959,734,695,C_734,1943974.75,1970-01-01 00:00:00.000000190,Verified,0,Low,No,23,10,Large transaction,High,Open,False
AML-002426,111994,638,596,C_638,1411813.25,1970-01-01 00:00:00.000000190,Pending,35,Medium,No,20,9,Large transaction,High,Open,False
AML-002427,111996,527,826,C_527,2691019.0,1970-01-01 00:00:00.000000190,Verified,0,Low,No,17,8,Large transaction,High,Open,False
AML-002428,111998,323,719,C_323,1422684.12,1970-01-01 00:00:00.000000190,Verified,0,Low,No,18,6,Large transaction,High,Open,False
AML-002429,112027,822,818,C_822,5743312.5,1970-01-01 00:00:00.000000190,Verified,0,Low,No,15,13,Large transaction,High,Open,False
AML-002430,112059,624,280,C_624,1890778.87,1970-01-01 00:00:00.000000190,Verified,0,Low,No,24,9,Large transaction,High,Open,False
AML-002431,112100,29,966,C_29,4611325.0,1970-01-01 00:00:00.000000190,Verified,0,Low,No,19,3,Large transaction,High,Open,False
AML-002432,112123,533,950,C_533,3113452.5,1970-01-01 00:00:00.000000190,Verified,0,Low,No,26,8,Large transaction,High,Open,False
AML-002433,112124,938,649,C_938,3418133.25,1970-01-01 00:00:00.000000190,Verified,0,Low,No,24,23,Large transaction,High,Open,False
AML-002434,112126,936,932,C_936,2998651.0,1970-01-01 00:00:00.000000190,Verified,0,Low,No,15,15,Large transaction,High,Open,False
AML-002435,112172,21,945,C_21,3461023.0,1970-01-01 00:00:00.000000190,Verified,60,High,Yes,15,3,Large transaction; High-risk customer activity,High,Open,False
AML-002436,112211,632,882,C_632,4688865.0,1970-01-01 00:00:00.000000190,Verified,0,Low,No,22,9,Large transaction,High,Open,False
AML-002437,112236,631,964,C_631,1150274.37,1970-01-01 00:00:00.000000190,Verified,0,Low,No,27,9,Large transaction,High,Open,False
AML-002438,112245,627,884,C_627,1694316.62,1970-01-01 00:00:00.000000190,Verified,0,Low,No,14,9,Large transaction,High,Open,False
AML-002439,112247,538,68,C_538,2571109.0,1970-01-01 00:00:00.000000190,Verified,20,Low,No,17,8,Large transaction,High,Open,False
AML-002440,112252,724,841,C_724,4386170.5,1970-01-01 00:00:00.000000190,Verified,0,Low,No,25,10,Large transaction,High,Open,False
AML-002441,112256,531,428,C_531,993454.12,1970-01-01 00:00:00.000000190,Verified,20,Low,No,21,8,Large transaction,High,Open,False
AML-002442,112284,937,162,C_937,1860558.12,1970-01-01 00:00:00.000000190,Verified,0,Low,No,25,22,Large transaction,High,Open,False
AML-002443,112339,928,623,C_928,2569250.25,1970-01-01 00:00:00.000000190,Verified,0,Low,No,22,22,Large transaction,High,Open,False
AML-002444,112341,229,927,C_229,7597620.0,1970-01-01 00:00:00.000000190,Verified,20,Low,No,27,5,Large transaction,High,Open,False
AML-002445,112370,135,333,C_135,3356101.5,1970-01-01 00:00:00.000000190,Verified,40,Medium,Yes,19,5,Large transaction,High,Open,False
AML-002446,112384,631,326,C_631,1150274.37,1970-01-01 00:00:00.000000191,Verified,0,Low,No,27,9,Large transaction,High,Open,False
AML-002447,112386,33,421,C_33,4999656.5,1970-01-01 00:00:00.000000191,Verified,0,Low,No,25,3,Large transaction,High,Open,False
AML-002448,112417,229,854,C_229,7597657.5,1970-01-01 00:00:00.000000191,Verified,20,Low,No,27,5,Large transaction,High,Open,False
AML-002449,112452,524,206,C_524,2927842.75,1970-01-01 00:00:00.000000191,Verified,40,Medium,Yes,21,8,Large transaction,High,Open,False
AML-002450,112506,979,153,C_979,191.63,1970-01-01 00:00:00.000000191,Verified,0,Low,No,740,37,High transaction frequency; Fan-out activity,Medium,Open,False
AML-002451,112507,979,891,C_979,191.63,1970-01-01 00:00:00.000000191,Verified,0,Low,No,740,37,High transaction frequency; Fan-out activity,Medium,Open,False
AML-002452,112508,979,793,C_979,191.63,1970-01-01 00:00:00.000000191,Verified,0,Low,No,740,37,High transaction frequency; Fan-out activity,Medium,Open,False
AML-002453,112509,979,892,C_979,191.63,1970-01-01 00:00:00.000000191,Verified,0,Low,No,740,37,High transaction frequency; Fan-out activity,Medium,Open,False
AML-002454,112510,979,970,C_979,191.63,1970-01-01 00:00:00.000000191,Verified,0,Low,No,740,37,High transaction frequency; Fan-out activity,Medium,Open,False
AML-002455,112511,979,354,C_979,191.63,1970-01-01 00:00:00.000000191,Verified,0,Low,No,740,37,High transaction frequency; Fan-out activity,Medium,Open,False
AML-002456,112512,979,993,C_979,191.63,1970-01-01 00:00:00.000000191,Verified,0,Low,No,740,37,High transaction frequency; Fan-out activity,Medium,Open,False
AML-002457,112513,979,851,C_979,191.63,1970-01-01 00:00:00.000000191,Verified,0,Low,No,740,37,High transaction frequency; Fan-out activity,Medium,Open,False
AML-002458,112514,979,994,C_979,191.63,1970-01-01 00:00:00.000000191,Verified,0,Low,No,740,37,High transaction frequency; Fan-out activity,Medium,Open,False
AML-002459,112515,979,631,C_979,191.63,1970-01-01 00:00:00.000000191,Verified,0,Low,No,740,37,High transaction frequency; Fan-out activity,Medium,Open,False
AML-002460,112516,979,995,C_979,191.63,1970-01-01 00:00:00.000000191,Verified,0,Low,No,740,37,High transaction frequency; Fan-out activity,Medium,Open,False
AML-002461,112517,979,435,C_979,191.63,1970-01-01 00:00:00.000000191,Verified,0,Low,No,740,37,High transaction frequency; Fan-out activity,Medium,Open,False
AML-002462,112518,979,974,C_979,191.63,1970-01-01 00:00:00.000000191,Verified,0,Low,No,740,37,High transaction frequency; Fan-out activity,Medium,Open,False
AML-002463,112519,979,732,C_979,191.63,1970-01-01 00:00:00.000000191,Verified,0,Low,No,740,37,High transaction frequency; Fan-out activity,Medium,Open,False
AML-002464,112520,979,754,C_979,191.63,1970-01-01 00:00:00.000000191,Verified,0,Low,No,740,37,High transaction frequency; Fan-out activity,Medium,Open,False
AML-002465,112521,979,953,C_979,191.63,1970-01-01 00:00:00.000000191,Verified,0,Low,No,740,37,High transaction frequency; Fan-out activity,Medium,Open,False
AML-002466,112522,979,315,C_979,191.63,1970-01-01 00:00:00.000000191,Verified,0,Low,No,740,37,High transaction frequency; Fan-out activity,Medium,Open,False
AML-002467,112523,979,317,C_979,191.63,1970-01-01 00:00:00.000000191,Verified,0,Low,No,740,37,High transaction frequency; Fan-out activity,Medium,Open,False
AML-002468,112524,979,934,C_979,191.63,1970-01-01 00:00:00.000000191,Verified,0,Low,No,740,37,High transaction frequency; Fan-out activity,Medium,Open,False
AML-002469,112525,979,978,C_979,191.63,1970-01-01 00:00:00.000000191,Verified,0,Low,No,740,37,High transaction frequency; Fan-out activity,Medium,Open,False
AML-002470,112526,979,282,C_979,191.63,1970-01-01 00:00:00.000000191,Verified,0,Low,No,740,37,High transaction frequency; Fan-out activity,Medium,Open,False
AML-002471,112527,979,262,C_979,191.63,1970-01-01 00:00:00.000000191,Verified,0,Low,No,740,37,High transaction frequency; Fan-out activity,Medium,Open,False
AML-002472,112528,979,185,C_979,191.63,1970-01-01 00:00:00.000000191,Verified,0,Low,No,740,37,High transaction frequency; Fan-out activity,Medium,Open,False
AML-002473,112529,979,384,C_979,191.63,1970-01-01 00:00:00.000000191,Verified,0,Low,No,740,37,High transaction frequency; Fan-out activity,Medium,Open,False
AML-002474,112530,979,164,C_979,191.63,1970-01-01 00:00:00.000000191,Verified,0,Low,No,740,37,High transaction frequency; Fan-out activity,Medium,Open,False
AML-002475,112531,979,241,C_979,191.63,1970-01-01 00:00:00.000000191,Verified,0,Low,No,740,37,High transaction frequency; Fan-out activity,Medium,Open,False
AML-002476,112532,979,760,C_979,191.63,1970-01-01 00:00:00.000000191,Verified,0,Low,No,740,37,High transaction frequency; Fan-out activity,Medium,Open,False
AML-002477,112533,979,167,C_979,191.63,1970-01-01 00:00:00.000000191,Verified,0,Low,No,740,37,High transaction frequency; Fan-out activity,Medium,Open,False
AML-002478,112534,979,861,C_979,191.63,1970-01-01 00:00:00.000000191,Verified,0,Low,No,740,37,High transaction frequency; Fan-out activity,Medium,Open,False
AML-002479,112535,979,245,C_979,191.63,1970-01-01 00:00:00.000000191,Verified,0,Low,No,740,37,High transaction frequency; Fan-out activity,Medium,Open,False
AML-002480,112536,979,962,C_979,191.63,1970-01-01 00:00:00.000000191,Verified,0,Low,No,740,37,High transaction frequency; Fan-out activity,Medium,Open,False
AML-002481,112537,979,622,C_979,191.63,1970-01-01 00:00:00.000000191,Verified,0,Low,No,740,37,High transaction frequency; Fan-out activity,Medium,Open,False
AML-002482,112538,979,987,C_979,191.63,1970-01-01 00:00:00.000000191,Verified,0,Low,No,740,37,High transaction frequency; Fan-out activity,Medium,Open,False
AML-002483,112539,979,867,C_979,191.63,1970-01-01 00:00:00.000000191,Verified,0,Low,No,740,37,High transaction frequency; Fan-out activity,Medium,Open,False
AML-002484,112540,979,726,C_979,191.63,1970-01-01 00:00:00.000000191,Verified,0,Low,No,740,37,High transaction frequency; Fan-out activity,Medium,Open,False
AML-002485,112541,979,947,C_979,191.63,1970-01-01 00:00:00.000000191,Verified,0,Low,No,740,37,High transaction frequency; Fan-out activity,Medium,Open,False
AML-002486,112542,979,827,C_979,191.63,1970-01-01 00:00:00.000000191,Verified,0,Low,No,740,37,High transaction frequency; Fan-out activity,Medium,Open,False
AML-002487,112550,725,226,C_725,2557363.0,1970-01-01 00:00:00.000000191,Verified,0,Low,No,22,10,Large transaction,High,Open,False
AML-002488,112551,838,785,C_838,1100295.25,1970-01-01 00:00:00.000000191,Verified,0,Low,No,17,13,Large transaction,High,Open,False
AML-002489,112564,821,757,C_821,3006575.5,1970-01-01 00:00:00.000000191,Verified,0,Low,No,20,13,Large transaction,High,Open,False
AML-002490,112570,533,752,C_533,2737767.5,1970-01-01 00:00:00.000000191,Verified,0,Low,No,26,8,Large transaction,High,Open,False
AML-002491,112614,721,829,C_721,2794080.5,1970-01-01 00:00:00.000000191,Verified,0,Low,No,10,10,Large transaction,High,Open,False
AML-002492,112615,232,738,C_232,7860296.0,1970-01-01 00:00:00.000000191,Verified,0,Low,No,21,5,Large transaction,High,Open,False
AML-002493,112616,937,661,C_937,1985082.37,1970-01-01 00:00:00.000000191,Verified,0,Low,No,25,22,Large transaction,High,Open,False
AML-002494,112648,639,985,C_639,2391219.25,1970-01-01 00:00:00.000000191,Verified,0,Low,No,14,9,Large transaction,High,Open,False
AML-002495,112683,636,992,C_636,3199361.75,1970-01-01 00:00:00.000000191,Verified,0,Low,No,19,9,Large transaction,High,Open,False
AML-002496,112728,825,601,C_825,2742429.75,1970-01-01 00:00:00.000000191,Verified,0,Low,No,11,11,Large transaction,High,Open,False
AML-002497,112745,933,42,C_933,4425387.5,1970-01-01 00:00:00.000000191,Verified,0,Low,No,22,22,Large transaction,High,Open,False
AML-002498,112746,978,473,C_978,135.33,1970-01-01 00:00:00.000000191,Pending,15,Low,No,761,39,High transaction frequency; Fan-out activity,Medium,Open,False
AML-002499,112747,978,452,C_978,135.33,1970-01-01 00:00:00.000000191,Pending,15,Low,No,761,39,High transaction frequency; Fan-out activity,Medium,Open,False
AML-002500,112748,978,233,C_978,135.33,1970-01-01 00:00:00.000000191,Pending,15,Low,No,761,39,High transaction frequency; Fan-out activity,Medium,Open,False
AML-002501,112749,978,454,C_978,135.33,1970-01-01 00:00:00.000000191,Pending,15,Low,No,761,39,High transaction frequency; Fan-out activity,Medium,Open,False
AML-002502,112750,978,971,C_978,135.33,1970-01-01 00:00:00.000000191,Pending,15,Low,No,761,39,High transaction frequency; Fan-out activity,Medium,Open,False
AML-002503,112751,978,993,C_978,135.33,1970-01-01 00:00:00.000000191,Pending,15,Low,No,761,39,High transaction frequency; Fan-out activity,Medium,Open,False
AML-002504,112752,978,894,C_978,135.33,1970-01-01 00:00:00.000000191,Pending,15,Low,No,761,39,High transaction frequency; Fan-out activity,Medium,Open,False
AML-002505,112753,978,598,C_978,135.33,1970-01-01 00:00:00.000000191,Pending,15,Low,No,761,39,High transaction frequency; Fan-out activity,Medium,Open,False
AML-002506,112754,978,235,C_978,135.33,1970-01-01 00:00:00.000000191,Pending,15,Low,No,761,39,High transaction frequency; Fan-out activity,Medium,Open,False
AML-002507,112755,978,775,C_978,135.33,1970-01-01 00:00:00.000000191,Pending,15,Low,No,761,39,High transaction frequency; Fan-out activity,Medium,Open,False
AML-002508,112756,978,511,C_978,135.33,1970-01-01 00:00:00.000000191,Pending,15,Low,No,761,39,High transaction frequency; Fan-out activity,Medium,Open,False
AML-002509,112757,978,974,C_978,135.33,1970-01-01 00:00:00.000000191,Pending,15,Low,No,761,39,High transaction frequency; Fan-out activity,Medium,Open,False
AML-002510,112758,978,732,C_978,135.33,1970-01-01 00:00:00.000000191,Pending,15,Low,No,761,39,High transaction frequency; Fan-out activity,Medium,Open,False
AML-002511,112759,978,832,C_978,135.33,1970-01-01 00:00:00.000000191,Pending,15,Low,No,761,39,High transaction frequency; Fan-out activity,Medium,Open,False
AML-002512,112760,978,854,C_978,135.33,1970-01-01 00:00:00.000000191,Pending,15,Low,No,761,39,High transaction frequency; Fan-out activity,Medium,Open,False
AML-002513,112761,978,997,C_978,135.33,1970-01-01 00:00:00.000000191,Pending,15,Low,No,761,39,High transaction frequency; Fan-out activity,Medium,Open,False
AML-002514,112762,978,755,C_978,135.33,1970-01-01 00:00:00.000000191,Pending,15,Low,No,761,39,High transaction frequency; Fan-out activity,Medium,Open,False
AML-002515,112763,978,998,C_978,135.33,1970-01-01 00:00:00.000000191,Pending,15,Low,No,761,39,High transaction frequency; Fan-out activity,Medium,Open,False
AML-002516,112764,978,812,C_978,135.33,1970-01-01 00:00:00.000000191,Pending,15,Low,No,761,39,High transaction frequency; Fan-out activity,Medium,Open,False
AML-002517,112765,978,636,C_978,135.33,1970-01-01 00:00:00.000000191,Pending,15,Low,No,761,39,High transaction frequency; Fan-out activity,Medium,Open,False
AML-002518,112766,978,736,C_978,135.33,1970-01-01 00:00:00.000000191,Pending,15,Low,No,761,39,High transaction frequency; Fan-out activity,Medium,Open,False
AML-002519,112767,978,814,C_978,135.33,1970-01-01 00:00:00.000000191,Pending,15,Low,No,761,39,High transaction frequency; Fan-out activity,Medium,Open,False
AML-002520,112768,978,836,C_978,135.33,1970-01-01 00:00:00.000000191,Pending,15,Low,No,761,39,High transaction frequency; Fan-out activity,Medium,Open,False
AML-002521,112769,978,936,C_978,135.33,1970-01-01 00:00:00.000000191,Pending,15,Low,No,761,39,High transaction frequency; Fan-out activity,Medium,Open,False
AML-002522,112770,978,937,C_978,135.33,1970-01-01 00:00:00.000000191,Pending,15,Low,No,761,39,High transaction frequency; Fan-out activity,Medium,Open,False
AML-002523,112771,978,818,C_978,135.33,1970-01-01 00:00:00.000000191,Pending,15,Low,No,761,39,High transaction frequency; Fan-out activity,Medium,Open,False
AML-002524,112772,978,918,C_978,135.33,1970-01-01 00:00:00.000000191,Pending,15,Low,No,761,39,High transaction frequency; Fan-out activity,Medium,Open,False
AML-002525,112773,978,682,C_978,135.33,1970-01-01 00:00:00.000000191,Pending,15,Low,No,761,39,High transaction frequency; Fan-out activity,Medium,Open,False
AML-002526,112774,978,222,C_978,135.33,1970-01-01 00:00:00.000000191,Pending,15,Low,No,761,39,High transaction frequency; Fan-out activity,Medium,Open,False
AML-002527,112775,978,641,C_978,135.33,1970-01-01 00:00:00.000000191,Pending,15,Low,No,761,39,High transaction frequency; Fan-out activity,Medium,Open,False
AML-002528,112776,978,985,C_978,135.33,1970-01-01 00:00:00.000000191,Pending,15,Low,No,761,39,High transaction frequency; Fan-out activity,Medium,Open,False
AML-002529,112777,978,248,C_978,135.33,1970-01-01 00:00:00.000000191,Pending,15,Low,No,761,39,High transaction frequency; Fan-out activity,Medium,Open,False
AML-002530,112778,978,645,C_978,135.33,1970-01-01 00:00:00.000000191,Pending,15,Low,No,761,39,High transaction frequency; Fan-out activity,Medium,Open,False
AML-002531,112779,978,942,C_978,135.33,1970-01-01 00:00:00.000000191,Pending,15,Low,No,761,39,High transaction frequency; Fan-out activity,Medium,Open,False
AML-002532,112780,978,986,C_978,135.33,1970-01-01 00:00:00.000000191,Pending,15,Low,No,761,39,High transaction frequency; Fan-out activity,Medium,Open,False
AML-002533,112781,978,944,C_978,135.33,1970-01-01 00:00:00.000000191,Pending,15,Low,No,761,39,High transaction frequency; Fan-out activity,Medium,Open,False
AML-002534,112782,978,649,C_978,135.33,1970-01-01 00:00:00.000000191,Pending,15,Low,No,761,39,High transaction frequency; Fan-out activity,Medium,Open,False
AML-002535,112783,978,906,C_978,135.33,1970-01-01 00:00:00.000000191,Pending,15,Low,No,761,39,High transaction frequency; Fan-out activity,Medium,Open,False
AML-002536,112792,424,616,C_424,1445676.12,1970-01-01 00:00:00.000000191,Pending,15,Low,No,27,11,Large transaction,High,Open,False
AML-002537,112841,936,954,C_936,2998509.25,1970-01-01 00:00:00.000000191,Verified,0,Low,No,15,15,Large transaction,High,Open,False
AML-002538,112914,733,357,C_733,2731132.0,1970-01-01 00:00:00.000000191,Verified,0,Low,No,17,10,Large transaction,High,Open,False
AML-002539,112956,135,513,C_135,3356562.75,1970-01-01 00:00:00.000000191,Verified,40,Medium,Yes,19,5,Large transaction,High,Open,False
AML-002540,113003,826,931,C_826,5052300.0,1970-01-01 00:00:00.000000192,Verified,20,Low,No,21,13,Large transaction,High,Open,False
AML-002541,113076,520,642,C_520,4200924.5,1970-01-01 00:00:00.000000192,Verified,0,Low,No,14,6,Large transaction,High,Open,False
AML-002542,113092,226,893,C_226,2222543.5,1970-01-01 00:00:00.000000192,Manual Review,50,Medium,Yes,17,5,Large transaction,High,Open,False
AML-002543,113115,333,978,C_333,1985051.12,1970-01-01 00:00:00.000000192,Verified,0,Low,No,28,6,Large transaction,High,Open,False
AML-002544,113126,928,989,C_928,2512662.25,1970-01-01 00:00:00.000000192,Verified,0,Low,No,22,22,Large transaction,High,Open,False
AML-002545,113129,827,885,C_827,2878580.0,1970-01-01 00:00:00.000000192,Manual Review,50,Medium,Yes,21,13,Large transaction,High,Open,False
AML-002546,113130,722,732,C_722,2234999.5,1970-01-01 00:00:00.000000192,Verified,0,Low,No,25,10,Large transaction,High,Open,False
AML-002547,113145,731,347,C_731,2158160.75,1970-01-01 00:00:00.000000192,Verified,0,Low,No,25,10,Large transaction,High,Open,False
AML-002548,113148,339,695,C_339,2358985.0,1970-01-01 00:00:00.000000192,Verified,0,Low,No,16,6,Large transaction,High,Open,False
AML-002549,113173,431,638,C_431,6492343.5,1970-01-01 00:00:00.000000192,Verified,0,Low,No,21,7,Large transaction,High,Open,False
AML-002550,113180,120,606,C_120,517991.4,1970-01-01 00:00:00.000000192,Verified,0,Low,No,29,4,Large transaction,High,Open,False
AML-002551,113216,237,999,C_237,2199824.5,1970-01-01 00:00:00.000000192,Verified,20,Low,No,18,5,Large transaction,High,Open,False
AML-002552,113288,126,477,C_126,7291747.0,1970-01-01 00:00:00.000000192,Verified,0,Low,No,23,4,Large transaction,High,Open,False
AML-002553,113318,837,656,C_837,4931999.5,1970-01-01 00:00:00.000000192,Verified,0,Low,No,20,13,Large transaction,High,Open,False
AML-002554,113321,25,843,C_25,1711549.62,1970-01-01 00:00:00.000000192,Verified,0,Low,No,25,3,Large transaction,High,Open,False
AML-002555,113322,439,30,C_439,4986449.5,1970-01-01 00:00:00.000000192,Verified,0,Low,No,20,7,Large transaction,High,Open,False
AML-002556,113325,128,441,C_128,3883528.25,1970-01-01 00:00:00.000000192,Verified,0,Low,No,26,4,Large transaction,High,Open,False
AML-002557,113375,622,174,C_622,3277626.25,1970-01-01 00:00:00.000000192,Verified,0,Low,No,18,9,Large transaction,High,Open,False
AML-002558,113465,38,548,C_38,3148946.0,1970-01-01 00:00:00.000000192,Verified,0,Low,No,20,3,Large transaction,High,Open,False
AML-002559,113469,136,955,C_136,9838572.0,1970-01-01 00:00:00.000000192,Verified,0,Low,No,20,5,Large transaction,High,Open,False
AML-002560,113473,36,394,C_36,1442595.5,1970-01-01 00:00:00.000000192,Verified,0,Low,No,19,3,Large transaction,High,Open,False
AML-002561,113487,631,517,C_631,1149225.62,1970-01-01 00:00:00.000000192,Verified,0,Low,No,27,9,Large transaction,High,Open,False
AML-002562,113497,125,365,C_125,2272511.5,1970-01-01 00:00:00.000000193,Verified,0,Low,No,14,6,Large transaction,High,Open,False
AML-002563,113556,126,924,C_126,7291760.0,1970-01-01 00:00:00.000000193,Verified,0,Low,No,23,4,Large transaction,High,Open,False
AML-002564,113560,237,165,C_237,2199824.5,1970-01-01 00:00:00.000000193,Verified,20,Low,No,18,5,Large transaction,High,Open,False
AML-002565,113568,28,664,C_28,4578554.0,1970-01-01 00:00:00.000000193,Verified,40,Medium,Yes,19,3,Large transaction,High,Open,False
AML-002566,113591,428,798,C_428,1021089.0,1970-01-01 00:00:00.000000193,Verified,0,Low,No,24,7,Large transaction,High,Open,False
AML-002567,113633,123,937,C_123,7086905.5,1970-01-01 00:00:00.000000193,Verified,0,Low,No,22,4,Large transaction,High,Open,False
AML-002568,113663,625,463,C_625,1828811.0,1970-01-01 00:00:00.000000193,Pending,15,Low,No,20,9,Large transaction,High,Open,False
AML-002569,113703,232,826,C_232,7860988.0,1970-01-01 00:00:00.000000193,Verified,0,Low,No,21,5,Large transaction,High,Open,False
AML-002570,113741,37,994,C_37,2414923.0,1970-01-01 00:00:00.000000193,Manual Review,50,Medium,Yes,16,3,Large transaction,High,Open,False
AML-002571,113744,33,389,C_33,5001880.5,1970-01-01 00:00:00.000000193,Verified,0,Low,No,25,3,Large transaction,High,Open,False
AML-002572,113784,226,623,C_226,2223127.0,1970-01-01 00:00:00.000000193,Manual Review,50,Medium,Yes,17,5,Large transaction,High,Open,False
AML-002573,113800,229,955,C_229,7597186.5,1970-01-01 00:00:00.000000193,Verified,20,Low,No,27,5,Large transaction,High,Open,False
AML-002574,113801,423,1,C_423,4811472.5,1970-01-01 00:00:00.000000193,Verified,0,Low,No,19,6,Large transaction,High,Open,False
AML-002575,113884,36,179,C_36,1442595.5,1970-01-01 00:00:00.000000193,Verified,0,Low,No,19,3,Large transaction,High,Open,False
AML-002576,113928,239,739,C_239,3436719.5,1970-01-01 00:00:00.000000193,Verified,0,Low,No,26,5,Large transaction,High,Open,False
AML-002577,113931,531,836,C_531,993161.18,1970-01-01 00:00:00.000000193,Verified,20,Low,No,21,8,Large transaction,High,Open,False
AML-002578,113943,737,264,C_737,1693431.75,1970-01-01 00:00:00.000000193,Verified,0,Low,No,21,10,Large transaction,High,Open,False
AML-002579,113955,331,745,C_331,1151006.0,1970-01-01 00:00:00.000000193,Verified,40,Medium,Yes,22,6,Large transaction,High,Open,False
AML-002580,113983,639,942,C_639,2391432.5,1970-01-01 00:00:00.000000193,Verified,0,Low,No,14,9,Large transaction,High,Open,False
AML-002581,113985,928,935,C_928,2971560.25,1970-01-01 00:00:00.000000193,Verified,0,Low,No,22,22,Large transaction,High,Open,False
AML-002582,113987,327,204,C_327,8611293.0,1970-01-01 00:00:00.000000193,Verified,0,Low,No,15,6,Large transaction,High,Open,False
AML-002583,113999,731,765,C_731,2158225.25,1970-01-01 00:00:00.000000193,Verified,0,Low,No,25,10,Large transaction,High,Open,False
AML-002584,114059,425,437,C_425,3048959.75,1970-01-01 00:00:00.000000193,Verified,0,Low,No,29,6,Large transaction,High,Open,False
AML-002585,114096,35,635,C_35,4984061.5,1970-01-01 00:00:00.000000193,Verified,0,Low,No,21,3,Large transaction,High,Open,False
AML-002586,114142,929,870,C_929,2243421.75,1970-01-01 00:00:00.000000193,Verified,0,Low,No,24,21,Large transaction,High,Open,False
AML-002587,114161,930,835,C_930,4046261.5,1970-01-01 00:00:00.000000194,Verified,0,Low,No,16,16,Large transaction,High,Open,False
AML-002588,114200,820,839,C_820,3628517.5,1970-01-01 00:00:00.000000194,Verified,40,Medium,Yes,13,13,Large transaction,High,Open,False
AML-002589,114213,125,642,C_125,2272433.5,1970-01-01 00:00:00.000000194,Verified,0,Low,No,14,6,Large transaction,High,Open,False
AML-002590,114222,121,198,C_121,520359.46,1970-01-01 00:00:00.000000194,Verified,20,Low,No,21,4,Large transaction,High,Open,False
AML-002591,114237,231,944,C_231,2505623.75,1970-01-01 00:00:00.000000194,Verified,0,Low,No,19,5,Large transaction,High,Open,False
AML-002592,114275,232,856,C_232,7135514.5,1970-01-01 00:00:00.000000194,Verified,0,Low,No,21,5,Large transaction,High,Open,False
AML-002593,114328,120,345,C_120,517543.25,1970-01-01 00:00:00.000000194,Verified,0,Low,No,29,4,Large transaction,High,Open,False
AML-002594,114410,29,167,C_29,4610323.5,1970-01-01 00:00:00.000000194,Verified,0,Low,No,19,3,Large transaction,High,Open,False
AML-002595,114444,924,296,C_924,3411978.0,1970-01-01 00:00:00.000000194,Verified,0,Low,No,22,19,Large transaction,High,Open,False
AML-002596,114494,629,237,C_629,4374698.0,1970-01-01 00:00:00.000000194,Verified,0,Low,No,21,9,Large transaction,High,Open,False
AML-002597,114507,339,802,C_339,2360521.25,1970-01-01 00:00:00.000000194,Verified,0,Low,No,16,6,Large transaction,High,Open,False
AML-002598,114519,324,486,C_324,2960455.25,1970-01-01 00:00:00.000000194,Verified,0,Low,No,29,6,Large transaction,High,Open,False
AML-002599,114538,134,690,C_134,2149448.0,1970-01-01 00:00:00.000000194,Manual Review,50,Medium,Yes,22,5,Large transaction,High,Open,False
AML-002600,114540,237,696,C_237,2198473.5,1970-01-01 00:00:00.000000194,Verified,20,Low,No,18,5,Large transaction,High,Open,False
AML-002601,114541,33,705,C_33,5003495.5,1970-01-01 00:00:00.000000194,Verified,0,Low,No,25,3,Large transaction,High,Open,False
AML-002602,114621,136,749,C_136,9838407.0,1970-01-01 00:00:00.000000194,Verified,0,Low,No,20,5,Large transaction,High,Open,False
AML-002603,114641,923,391,C_923,3621520.0,1970-01-01 00:00:00.000000194,Verified,0,Low,No,21,20,Large transaction,High,Open,False
AML-002604,114699,426,75,C_426,3899392.25,1970-01-01 00:00:00.000000194,Verified,0,Low,No,21,7,Large transaction,High,Open,False
AML-002605,114702,922,788,C_922,5817683.5,1970-01-01 00:00:00.000000194,Manual Review,50,Medium,Yes,14,14,Large transaction,High,Open,False
AML-002606,114720,239,484,C_239,4688613.0,1970-01-01 00:00:00.000000194,Verified,0,Low,No,26,5,Large transaction,High,Open,False
AML-002607,114732,637,641,C_637,1803504.75,1970-01-01 00:00:00.000000194,Verified,0,Low,No,21,9,Large transaction,High,Open,False
AML-002608,114788,437,392,C_437,1487507.25,1970-01-01 00:00:00.000000194,Verified,0,Low,No,11,7,Large transaction,High,Open,False
AML-002609,114809,327,239,C_327,8611412.0,1970-01-01 00:00:00.000000194,Verified,0,Low,No,15,6,Large transaction,High,Open,False
AML-002610,114820,328,294,C_328,8521733.0,1970-01-01 00:00:00.000000194,Verified,0,Low,No,24,6,Large transaction,High,Open,False
AML-002611,114920,322,583,C_322,5219992.0,1970-01-01 00:00:00.000000195,Verified,0,Low,No,25,6,Large transaction,High,Open,False
AML-002612,114937,736,921,C_736,3166139.5,1970-01-01 00:00:00.000000195,Pending,15,Low,No,26,10,Large transaction,High,Open,False
AML-002613,114940,927,905,C_927,4322933.5,1970-01-01 00:00:00.000000195,Verified,0,Low,No,20,20,Large transaction,High,Open,False
AML-002614,114949,31,302,C_31,5328285.5,1970-01-01 00:00:00.000000195,Verified,0,Low,No,24,3,Large transaction,High,Open,False
AML-002615,115009,230,219,C_230,5384876.0,1970-01-01 00:00:00.000000195,Verified,0,Low,No,22,5,Large transaction,High,Open,False
AML-002616,115011,33,421,C_33,5004488.5,1970-01-01 00:00:00.000000195,Verified,0,Low,No,25,3,Large transaction,High,Open,False
AML-002617,115040,733,965,C_733,2731141.5,1970-01-01 00:00:00.000000195,Verified,0,Low,No,17,10,Large transaction,High,Open,False
AML-002618,115055,732,997,C_732,1409161.37,1970-01-01 00:00:00.000000195,Verified,0,Low,No,28,10,Large transaction,High,Open,False
AML-002619,115103,922,899,C_922,5817572.5,1970-01-01 00:00:00.000000195,Manual Review,50,Medium,Yes,14,14,Large transaction,High,Open,False
AML-002620,115125,735,623,C_735,6889325.5,1970-01-01 00:00:00.000000195,Verified,0,Low,No,16,10,Large transaction,High,Open,False
AML-002621,115166,222,595,C_222,2014281.62,1970-01-01 00:00:00.000000195,Verified,0,Low,No,21,5,Large transaction,High,Open,False
AML-002622,115177,122,934,C_122,1723116.37,1970-01-01 00:00:00.000000195,Verified,0,Low,No,23,4,Large transaction,High,Open,False
AML-002623,115178,826,997,C_826,5403973.5,1970-01-01 00:00:00.000000195,Verified,20,Low,No,21,13,Large transaction,High,Open,False
AML-002624,115190,237,862,C_237,2198509.0,1970-01-01 00:00:00.000000195,Verified,20,Low,No,18,5,Large transaction,High,Open,False
AML-002625,115249,236,417,C_236,10916437.0,1970-01-01 00:00:00.000000195,Verified,0,Low,No,22,5,Large transaction,High,Open,False
AML-002626,115256,128,986,C_128,3882684.5,1970-01-01 00:00:00.000000195,Verified,0,Low,No,26,4,Large transaction,High,Open,False
AML-002627,115270,825,624,C_825,3266466.75,1970-01-01 00:00:00.000000195,Verified,0,Low,No,11,11,Large transaction,High,Open,False
AML-002628,115295,828,937,C_828,4131146.5,1970-01-01 00:00:00.000000195,Verified,0,Low,No,25,13,Large transaction,High,Open,False
AML-002629,115371,829,907,C_829,3776996.25,1970-01-01 00:00:00.000000196,Verified,0,Low,No,14,13,Large transaction,High,Open,False
AML-002630,115377,736,625,C_736,3166231.0,1970-01-01 00:00:00.000000196,Pending,15,Low,No,26,10,Large transaction,High,Open,False
AML-002631,115383,434,656,C_434,6416077.0,1970-01-01 00:00:00.000000196,Verified,0,Low,No,19,7,Large transaction,High,Open,False
AML-002632,115427,723,57,C_723,3590217.0,1970-01-01 00:00:00.000000196,Verified,0,Low,No,21,9,Large transaction,High,Open,False
AML-002633,115435,523,889,C_523,6752358.5,1970-01-01 00:00:00.000000196,Verified,0,Low,No,24,8,Large transaction,High,Open,False
AML-002634,115496,622,120,C_622,3277063.25,1970-01-01 00:00:00.000000196,Verified,0,Low,No,18,9,Large transaction,High,Open,False
AML-002635,115502,732,965,C_732,1409151.75,1970-01-01 00:00:00.000000196,Verified,0,Low,No,28,10,Large transaction,High,Open,False
AML-002636,115504,926,959,C_926,4103266.75,1970-01-01 00:00:00.000000196,Verified,0,Low,No,20,20,Large transaction,High,Open,False
AML-002637,115572,230,773,C_230,5384829.5,1970-01-01 00:00:00.000000196,Verified,0,Low,No,22,5,Large transaction,High,Open,False
AML-002638,115623,925,999,C_925,5246430.5,1970-01-01 00:00:00.000000196,Verified,0,Low,No,18,18,Large transaction,High,Open,False
AML-002639,115740,324,245,C_324,2961051.25,1970-01-01 00:00:00.000000196,Verified,0,Low,No,29,6,Large transaction,High,Open,False
AML-002640,115742,427,976,C_427,3666576.25,1970-01-01 00:00:00.000000196,Verified,0,Low,No,20,7,Large transaction,High,Open,False
AML-002641,115756,321,624,C_321,1887452.12,1970-01-01 00:00:00.000000196,Verified,20,Low,No,18,6,Large transaction,High,Open,False
AML-002642,115776,830,998,C_830,4703796.5,1970-01-01 00:00:00.000000196,Verified,40,Medium,Yes,18,13,Large transaction,High,Open,False
AML-002643,115788,425,549,C_425,3049796.0,1970-01-01 00:00:00.000000196,Verified,0,Low,No,29,6,Large transaction,High,Open,False
AML-002644,115817,35,559,C_35,4242476.5,1970-01-01 00:00:00.000000196,Verified,0,Low,No,21,3,Large transaction,High,Open,False
AML-002645,115827,637,983,C_637,1803203.5,1970-01-01 00:00:00.000000196,Verified,0,Low,No,21,9,Large transaction,High,Open,False
AML-002646,115845,421,999,C_421,3299970.75,1970-01-01 00:00:00.000000196,Pending,55,Medium,Yes,15,6,Large transaction,High,Open,False
AML-002647,115944,527,816,C_527,4270699.0,1970-01-01 00:00:00.000000197,Verified,0,Low,No,17,8,Large transaction,High,Open,False
AML-002648,115948,934,733,C_934,2907117.0,1970-01-01 00:00:00.000000197,Verified,0,Low,No,16,16,Large transaction,High,Open,False
AML-002649,116060,732,813,C_732,1409171.75,1970-01-01 00:00:00.000000197,Verified,0,Low,No,28,10,Large transaction,High,Open,False
AML-002650,116068,536,654,C_536,3048119.75,1970-01-01 00:00:00.000000197,Verified,0,Low,No,22,9,Large transaction,High,Open,False
AML-002651,116094,425,615,C_425,3049828.0,1970-01-01 00:00:00.000000197,Verified,0,Low,No,29,6,Large transaction,High,Open,False
AML-002652,116127,523,340,C_523,6752514.0,1970-01-01 00:00:00.000000197,Verified,0,Low,No,24,8,Large transaction,High,Open,False
AML-002653,116154,834,987,C_834,3664479.5,1970-01-01 00:00:00.000000197,Verified,0,Low,No,23,13,Large transaction,High,Open,False
AML-002654,116241,529,936,C_529,1643267.37,1970-01-01 00:00:00.000000197,Verified,0,Low,No,24,8,Large transaction,High,Open,False
AML-002655,116253,724,998,C_724,6208009.0,1970-01-01 00:00:00.000000197,Verified,0,Low,No,25,10,Large transaction,High,Open,False
AML-002656,116278,230,983,C_230,5384852.5,1970-01-01 00:00:00.000000197,Verified,0,Low,No,22,5,Large transaction,High,Open,False
AML-002657,116302,628,999,C_628,4738876.0,1970-01-01 00:00:00.000000197,Verified,0,Low,No,16,9,Large transaction,High,Open,False
AML-002658,116333,324,985,C_324,3455108.25,1970-01-01 00:00:00.000000197,Verified,0,Low,No,29,6,Large transaction,High,Open,False
AML-002659,116347,236,992,C_236,10916434.0,1970-01-01 00:00:00.000000197,Verified,0,Low,No,22,5,Large transaction,High,Open,False
AML-002660,116351,321,987,C_321,1887696.5,1970-01-01 00:00:00.000000197,Verified,20,Low,No,18,6,Large transaction,High,Open,False
AML-002661,116354,133,996,C_133,1435366.12,1970-01-01 00:00:00.000000197,Verified,40,Medium,Yes,28,6,Large transaction,High,Open,False
AML-002662,116402,522,838,C_522,5744040.0,1970-01-01 00:00:00.000000197,Verified,0,Low,No,15,8,Large transaction,High,Open,False
AML-002663,116470,336,560,C_336,4251660.0,1970-01-01 00:00:00.000000197,Verified,0,Low,No,24,6,Large transaction,High,Open,False
AML-002664,116477,735,877,C_735,7457266.5,1970-01-01 00:00:00.000000197,Verified,0,Low,No,16,10,Large transaction,High,Open,False
AML-002665,116500,822,360,C_822,7162610.5,1970-01-01 00:00:00.000000197,Verified,0,Low,No,15,13,Large transaction,High,Open,False
AML-002666,116512,732,814,C_732,1409062.75,1970-01-01 00:00:00.000000198,Verified,0,Low,No,28,10,Large transaction,High,Open,False
AML-002667,116539,628,418,C_628,4739084.0,1970-01-01 00:00:00.000000198,Verified,0,Low,No,16,9,Large transaction,High,Open,False
AML-002668,116549,225,128,C_225,4750988.5,1970-01-01 00:00:00.000000198,Manual Review,50,Medium,Yes,22,5,Large transaction,High,Open,False
AML-002669,116588,330,55,C_330,7199816.0,1970-01-01 00:00:00.000000198,Verified,0,Low,No,31,6,Large transaction,High,Open,False
AML-002670,116598,326,788,C_326,1821284.62,1970-01-01 00:00:00.000000198,Verified,0,Low,No,22,6,Large transaction,High,Open,False
AML-002671,116644,334,785,C_334,1738374.62,1970-01-01 00:00:00.000000198,Verified,0,Low,No,20,6,Large transaction,High,Open,False
AML-002672,116659,321,966,C_321,1887726.5,1970-01-01 00:00:00.000000198,Verified,20,Low,No,18,6,Large transaction,High,Open,False
AML-002673,116693,224,115,C_224,1544112.75,1970-01-01 00:00:00.000000198,Verified,0,Low,No,17,5,Large transaction,High,Open,False
AML-002674,116703,23,902,C_23,2330416.25,1970-01-01 00:00:00.000000198,Verified,0,Low,No,21,3,Large transaction,High,Open,False
AML-002675,116706,529,350,C_529,1643188.25,1970-01-01 00:00:00.000000198,Verified,0,Low,No,24,8,Large transaction,High,Open,False
AML-002676,116726,926,807,C_926,4301971.0,1970-01-01 00:00:00.000000198,Verified,0,Low,No,20,20,Large transaction,High,Open,False
AML-002677,116749,138,943,C_138,1833788.25,1970-01-01 00:00:00.000000198,Verified,0,Low,No,19,5,Large transaction,High,Open,False
AML-002678,116776,133,865,C_133,1435278.5,1970-01-01 00:00:00.000000198,Verified,40,Medium,Yes,28,6,Large transaction,High,Open,False
AML-002679,116868,836,653,C_836,5037828.5,1970-01-01 00:00:00.000000198,Verified,0,Low,No,17,13,Large transaction,High,Open,False
AML-002680,116870,337,554,C_337,3322867.0,1970-01-01 00:00:00.000000198,Verified,0,Low,No,15,6,Large transaction,High,Open,False
AML-002681,116873,938,639,C_938,3773729.0,1970-01-01 00:00:00.000000198,Verified,0,Low,No,24,23,Large transaction,High,Open,False
AML-002682,116875,834,921,C_834,3930334.75,1970-01-01 00:00:00.000000198,Verified,0,Low,No,23,13,Large transaction,High,Open,False
AML-002683,116933,633,863,C_633,3583603.0,1970-01-01 00:00:00.000000198,Verified,0,Low,No,14,9,Large transaction,High,Open,False
AML-002684,116945,921,385,C_921,4819129.0,1970-01-01 00:00:00.000000198,Pending,15,Low,No,21,19,Large transaction,High,Open,False
AML-002685,116983,430,966,C_430,3847243.25,1970-01-01 00:00:00.000000198,Verified,0,Low,No,19,7,Large transaction,High,Open,False
AML-002686,117013,223,214,C_223,1710377.62,1970-01-01 00:00:00.000000199,Verified,0,Low,No,23,5,Large transaction,High,Open,False
AML-002687,117016,124,978,C_124,1312457.0,1970-01-01 00:00:00.000000199,Verified,0,Low,No,20,4,Large transaction,High,Open,False
AML-002688,117084,628,979,C_628,4739561.0,1970-01-01 00:00:00.000000199,Verified,0,Low,No,16,9,Large transaction,High,Open,False
AML-002689,117093,130,983,C_130,9090946.0,1970-01-01 00:00:00.000000199,Rejected,60,High,Yes,18,5,Large transaction; High-risk customer activity,High,Open,False
AML-002690,117121,631,938,C_631,1938254.87,1970-01-01 00:00:00.000000199,Verified,0,Low,No,27,9,Large transaction,High,Open,False
AML-002691,117135,23,680,C_23,2329952.25,1970-01-01 00:00:00.000000199,Verified,0,Low,No,21,3,Large transaction,High,Open,False
AML-002692,117137,938,292,C_938,3774002.75,1970-01-01 00:00:00.000000199,Verified,0,Low,No,24,23,Large transaction,High,Open,False
AML-002693,117226,129,952,C_129,1074611.75,1970-01-01 00:00:00.000000199,Verified,40,Medium,Yes,19,4,Large transaction,High,Open,False
AML-002694,117238,236,996,C_236,10916347.0,1970-01-01 00:00:00.000000199,Verified,0,Low,No,22,5,Large transaction,High,Open,False
AML-002695,117246,331,987,C_331,1824539.5,1970-01-01 00:00:00.000000199,Verified,40,Medium,Yes,22,6,Large transaction,High,Open,False
AML-002696,117292,435,285,C_435,5518245.5,1970-01-01 00:00:00.000000199,Verified,40,Medium,Yes,21,7,Large transaction,High,Open,False
AML-002697,117294,238,985,C_238,2583795.0,1970-01-01 00:00:00.000000199,Verified,0,Low,No,23,5,Large transaction,High,Open,False
AML-002698,117295,527,750,C_527,4862804.5,1970-01-01 00:00:00.000000199,Verified,0,Low,No,17,8,Large transaction,High,Open,False
AML-002699,117383,225,701,C_225,4751060.0,1970-01-01 00:00:00.000000199,Manual Review,50,Medium,Yes,22,5,Large transaction,High,Open,False
AML-002700,117404,925,901,C_925,6281535.5,1970-01-01 00:00:00.000000199,Verified,0,Low,No,18,18,Large transaction,High,Open,False
AML-002701,117439,734,58,C_734,2366573.5,1970-01-01 00:00:00.000000199,Verified,0,Low,No,23,10,Large transaction,High,Open,False
AML-002702,117451,537,968,C_537,7575834.0,1970-01-01 00:00:00.000000199,Verified,0,Low,No,16,8,Large transaction,High,Open,False
AML-002703,117483,822,387,C_822,7870902.0,1970-01-01 00:00:00.000000199,Verified,0,Low,No,15,13,Large transaction,High,Open,False
AML-002704,117485,135,989,C_135,5449206.0,1970-01-01 00:00:00.000000199,Verified,40,Medium,Yes,19,5,Large transaction,High,Open,False
AML-002705,117529,627,555,C_627,1693722.87,1970-01-01 00:00:00.000000199,Verified,0,Low,No,14,9,Large transaction,High,Open,False
